<?xml version="1.0" encoding="UTF-8"?>
<gpx xmlns:xsi="http://www.w3.org/2001/XMLSchema-instance" xmlns="http://www.topografix.com/GPX/1/1" xmlns:gpxtpx="http://www.garmin.com/xmlschemas/TrackPointExtension/v1" xmlns:gpxtrkx="http://www.garmin.com/xmlschemas/TrackStatsExtension/v1" xsi:schemaLocation="http://www.topografix.com/GPX/1/1 http://www.topografix.com/GPX/1/1/gpx.xsd " version="1.1" creator="bergfex GmbH">
	<trk>
		<name><![CDATA[Perchtoldsdorf, Niederösterreich/Österreich]]></name>
		<extensions>
			<gpxtrkx:TrackStatsExtension>
				<gpxtrkx:TotalElapsedTime>6581.00</gpxtrkx:TotalElapsedTime>
				<gpxtrkx:MovingTime>6428.00</gpxtrkx:MovingTime>
				<gpxtrkx:Distance>15780.00</gpxtrkx:Distance>
				<gpxtrkx:Ascent>496.00</gpxtrkx:Ascent>
				<gpxtrkx:Descent>474.00</gpxtrkx:Descent>
				<gpxtrkx:MovingSpeed>2.46</gpxtrkx:MovingSpeed>
				<gpxtrkx:MaxSpeed>3.48</gpxtrkx:MaxSpeed>
				<gpxtrkx:MaxElevation>596.00</gpxtrkx:MaxElevation>
				<gpxtrkx:MinElevation>297.00</gpxtrkx:MinElevation>
				<gpxtrkx:Calories>1496.00</gpxtrkx:Calories>
			</gpxtrkx:TrackStatsExtension>
		</extensions>
		<trkseg>
			<trkpt lat="48.124027" lon="16.253448">
				<ele>297.27</ele>
				<time>2025-02-23T07:37:56Z</time>
			</trkpt>
			<trkpt lat="48.124028" lon="16.253274">
				<ele>297.6</ele>
				<time>2025-02-23T07:38:07Z</time>
			</trkpt>
			<trkpt lat="48.124038" lon="16.253185">
				<ele>297.94</ele>
				<time>2025-02-23T07:38:11Z</time>
			</trkpt>
			<trkpt lat="48.124045" lon="16.253098">
				<ele>298.29</ele>
				<time>2025-02-23T07:38:15Z</time>
			</trkpt>
			<trkpt lat="48.124041" lon="16.253015">
				<ele>298.63</ele>
				<time>2025-02-23T07:38:19Z</time>
			</trkpt>
			<trkpt lat="48.124058" lon="16.252919">
				<ele>298.98</ele>
				<time>2025-02-23T07:38:23Z</time>
			</trkpt>
			<trkpt lat="48.12407" lon="16.252814">
				<ele>299.35</ele>
				<time>2025-02-23T07:38:28Z</time>
			</trkpt>
			<trkpt lat="48.124089" lon="16.252727">
				<ele>299.99</ele>
				<time>2025-02-23T07:38:32Z</time>
			</trkpt>
			<trkpt lat="48.124102" lon="16.252635">
				<ele>300.6</ele>
				<time>2025-02-23T07:38:36Z</time>
			</trkpt>
			<trkpt lat="48.124128" lon="16.252549">
				<ele>301.19</ele>
				<time>2025-02-23T07:38:40Z</time>
			</trkpt>
			<trkpt lat="48.124162" lon="16.252468">
				<ele>301.77</ele>
				<time>2025-02-23T07:38:44Z</time>
			</trkpt>
			<trkpt lat="48.124184" lon="16.252375">
				<ele>302.31</ele>
				<time>2025-02-23T07:38:48Z</time>
			</trkpt>
			<trkpt lat="48.124228" lon="16.252317">
				<ele>302.85</ele>
				<time>2025-02-23T07:38:51Z</time>
			</trkpt>
			<trkpt lat="48.12428" lon="16.252282">
				<ele>303.35</ele>
				<time>2025-02-23T07:38:54Z</time>
			</trkpt>
			<trkpt lat="48.124335" lon="16.252346">
				<ele>303.81</ele>
				<time>2025-02-23T07:38:57Z</time>
			</trkpt>
			<trkpt lat="48.124355" lon="16.252446">
				<ele>304.25</ele>
				<time>2025-02-23T07:39:00Z</time>
			</trkpt>
			<trkpt lat="48.124341" lon="16.252529">
				<ele>304.67</ele>
				<time>2025-02-23T07:39:03Z</time>
			</trkpt>
			<trkpt lat="48.124323" lon="16.252609">
				<ele>305.04</ele>
				<time>2025-02-23T07:39:06Z</time>
			</trkpt>
			<trkpt lat="48.124305" lon="16.252721">
				<ele>305.4</ele>
				<time>2025-02-23T07:39:10Z</time>
			</trkpt>
			<trkpt lat="48.124305" lon="16.252813">
				<ele>305.75</ele>
				<time>2025-02-23T07:39:13Z</time>
			</trkpt>
			<trkpt lat="48.124312" lon="16.252896">
				<ele>306.08</ele>
				<time>2025-02-23T07:39:16Z</time>
			</trkpt>
			<trkpt lat="48.124332" lon="16.253001">
				<ele>306.42</ele>
				<time>2025-02-23T07:39:20Z</time>
			</trkpt>
			<trkpt lat="48.124353" lon="16.253076">
				<ele>306.75</ele>
				<time>2025-02-23T07:39:23Z</time>
			</trkpt>
			<trkpt lat="48.124385" lon="16.253141">
				<ele>307.07</ele>
				<time>2025-02-23T07:39:26Z</time>
			</trkpt>
			<trkpt lat="48.124428" lon="16.253198">
				<ele>307.39</ele>
				<time>2025-02-23T07:39:29Z</time>
			</trkpt>
			<trkpt lat="48.124472" lon="16.253247">
				<ele>307.69</ele>
				<time>2025-02-23T07:39:32Z</time>
			</trkpt>
			<trkpt lat="48.124533" lon="16.253282">
				<ele>307.99</ele>
				<time>2025-02-23T07:39:35Z</time>
			</trkpt>
			<trkpt lat="48.124589" lon="16.253312">
				<ele>308.28</ele>
				<time>2025-02-23T07:39:38Z</time>
			</trkpt>
			<trkpt lat="48.12465" lon="16.25333">
				<ele>308.55</ele>
				<time>2025-02-23T07:39:41Z</time>
			</trkpt>
			<trkpt lat="48.124708" lon="16.253347">
				<ele>308.83</ele>
				<time>2025-02-23T07:39:44Z</time>
			</trkpt>
			<trkpt lat="48.124775" lon="16.253367">
				<ele>309.05</ele>
				<time>2025-02-23T07:39:47Z</time>
			</trkpt>
			<trkpt lat="48.124834" lon="16.253393">
				<ele>309.31</ele>
				<time>2025-02-23T07:39:50Z</time>
			</trkpt>
			<trkpt lat="48.124891" lon="16.253418">
				<ele>309.54</ele>
				<time>2025-02-23T07:39:53Z</time>
			</trkpt>
			<trkpt lat="48.124956" lon="16.253457">
				<ele>309.77</ele>
				<time>2025-02-23T07:39:57Z</time>
			</trkpt>
			<trkpt lat="48.125022" lon="16.253479">
				<ele>309.99</ele>
				<time>2025-02-23T07:40:00Z</time>
			</trkpt>
			<trkpt lat="48.125081" lon="16.253489">
				<ele>310.2</ele>
				<time>2025-02-23T07:40:03Z</time>
			</trkpt>
			<trkpt lat="48.125141" lon="16.253499">
				<ele>310.43</ele>
				<time>2025-02-23T07:40:06Z</time>
			</trkpt>
			<trkpt lat="48.125199" lon="16.253509">
				<ele>310.65</ele>
				<time>2025-02-23T07:40:09Z</time>
			</trkpt>
			<trkpt lat="48.125254" lon="16.253509">
				<ele>310.88</ele>
				<time>2025-02-23T07:40:12Z</time>
			</trkpt>
			<trkpt lat="48.125316" lon="16.253495">
				<ele>311.11</ele>
				<time>2025-02-23T07:40:15Z</time>
			</trkpt>
			<trkpt lat="48.125373" lon="16.253465">
				<ele>311.31</ele>
				<time>2025-02-23T07:40:18Z</time>
			</trkpt>
			<trkpt lat="48.125422" lon="16.253417">
				<ele>311.55</ele>
				<time>2025-02-23T07:40:21Z</time>
			</trkpt>
			<trkpt lat="48.125481" lon="16.253361">
				<ele>311.76</ele>
				<time>2025-02-23T07:40:24Z</time>
			</trkpt>
			<trkpt lat="48.125537" lon="16.253292">
				<ele>311.99</ele>
				<time>2025-02-23T07:40:27Z</time>
			</trkpt>
			<trkpt lat="48.125589" lon="16.25323">
				<ele>312.21</ele>
				<time>2025-02-23T07:40:30Z</time>
			</trkpt>
			<trkpt lat="48.125626" lon="16.25316">
				<ele>312.43</ele>
				<time>2025-02-23T07:40:33Z</time>
			</trkpt>
			<trkpt lat="48.125665" lon="16.253086">
				<ele>312.67</ele>
				<time>2025-02-23T07:40:36Z</time>
			</trkpt>
			<trkpt lat="48.1257" lon="16.253009">
				<ele>312.89</ele>
				<time>2025-02-23T07:40:39Z</time>
			</trkpt>
			<trkpt lat="48.125733" lon="16.252921">
				<ele>313.12</ele>
				<time>2025-02-23T07:40:42Z</time>
			</trkpt>
			<trkpt lat="48.125758" lon="16.252838">
				<ele>313.34</ele>
				<time>2025-02-23T07:40:45Z</time>
			</trkpt>
			<trkpt lat="48.125781" lon="16.252758">
				<ele>313.54</ele>
				<time>2025-02-23T07:40:48Z</time>
			</trkpt>
			<trkpt lat="48.125794" lon="16.252656">
				<ele>313.73</ele>
				<time>2025-02-23T07:40:51Z</time>
			</trkpt>
			<trkpt lat="48.125818" lon="16.252564">
				<ele>313.92</ele>
				<time>2025-02-23T07:40:54Z</time>
			</trkpt>
			<trkpt lat="48.125847" lon="16.25247">
				<ele>314.11</ele>
				<time>2025-02-23T07:40:57Z</time>
			</trkpt>
			<trkpt lat="48.125895" lon="16.252378">
				<ele>314.3</ele>
				<time>2025-02-23T07:41:00Z</time>
			</trkpt>
			<trkpt lat="48.125956" lon="16.25233">
				<ele>314.48</ele>
				<time>2025-02-23T07:41:03Z</time>
			</trkpt>
			<trkpt lat="48.126026" lon="16.252367">
				<ele>314.66</ele>
				<time>2025-02-23T07:41:06Z</time>
			</trkpt>
			<trkpt lat="48.126082" lon="16.25243">
				<ele>314.83</ele>
				<time>2025-02-23T07:41:09Z</time>
			</trkpt>
			<trkpt lat="48.126118" lon="16.252525">
				<ele>315.01</ele>
				<time>2025-02-23T07:41:12Z</time>
			</trkpt>
			<trkpt lat="48.126139" lon="16.252627">
				<ele>315.19</ele>
				<time>2025-02-23T07:41:15Z</time>
			</trkpt>
			<trkpt lat="48.126171" lon="16.252717">
				<ele>315.37</ele>
				<time>2025-02-23T07:41:18Z</time>
			</trkpt>
			<trkpt lat="48.126208" lon="16.2528">
				<ele>315.55</ele>
				<time>2025-02-23T07:41:21Z</time>
			</trkpt>
			<trkpt lat="48.126254" lon="16.252879">
				<ele>315.74</ele>
				<time>2025-02-23T07:41:24Z</time>
			</trkpt>
			<trkpt lat="48.126312" lon="16.252927">
				<ele>315.95</ele>
				<time>2025-02-23T07:41:27Z</time>
			</trkpt>
			<trkpt lat="48.126367" lon="16.252962">
				<ele>316.17</ele>
				<time>2025-02-23T07:41:30Z</time>
			</trkpt>
			<trkpt lat="48.126426" lon="16.252974">
				<ele>316.4</ele>
				<time>2025-02-23T07:41:33Z</time>
			</trkpt>
			<trkpt lat="48.126489" lon="16.252975">
				<ele>316.62</ele>
				<time>2025-02-23T07:41:36Z</time>
			</trkpt>
			<trkpt lat="48.126555" lon="16.252959">
				<ele>316.86</ele>
				<time>2025-02-23T07:41:39Z</time>
			</trkpt>
			<trkpt lat="48.126613" lon="16.252935">
				<ele>317.11</ele>
				<time>2025-02-23T07:41:42Z</time>
			</trkpt>
			<trkpt lat="48.126669" lon="16.252886">
				<ele>317.36</ele>
				<time>2025-02-23T07:41:45Z</time>
			</trkpt>
			<trkpt lat="48.12672" lon="16.252832">
				<ele>317.61</ele>
				<time>2025-02-23T07:41:48Z</time>
			</trkpt>
			<trkpt lat="48.12676" lon="16.252769">
				<ele>317.86</ele>
				<time>2025-02-23T07:41:51Z</time>
			</trkpt>
			<trkpt lat="48.126803" lon="16.252692">
				<ele>318.1</ele>
				<time>2025-02-23T07:41:54Z</time>
			</trkpt>
			<trkpt lat="48.126843" lon="16.252618">
				<ele>318.35</ele>
				<time>2025-02-23T07:41:57Z</time>
			</trkpt>
			<trkpt lat="48.126886" lon="16.252567">
				<ele>318.6</ele>
				<time>2025-02-23T07:42:00Z</time>
			</trkpt>
			<trkpt lat="48.126915" lon="16.252476">
				<ele>318.85</ele>
				<time>2025-02-23T07:42:06Z</time>
			</trkpt>
			<trkpt lat="48.126948" lon="16.252387">
				<ele>319.08</ele>
				<time>2025-02-23T07:42:09Z</time>
			</trkpt>
			<trkpt lat="48.126983" lon="16.252293">
				<ele>319.3</ele>
				<time>2025-02-23T07:42:12Z</time>
			</trkpt>
			<trkpt lat="48.127029" lon="16.252203">
				<ele>319.51</ele>
				<time>2025-02-23T07:42:15Z</time>
			</trkpt>
			<trkpt lat="48.127075" lon="16.252121">
				<ele>319.72</ele>
				<time>2025-02-23T07:42:18Z</time>
			</trkpt>
			<trkpt lat="48.127116" lon="16.252046">
				<ele>319.93</ele>
				<time>2025-02-23T07:42:21Z</time>
			</trkpt>
			<trkpt lat="48.127157" lon="16.251967">
				<ele>320.12</ele>
				<time>2025-02-23T07:42:24Z</time>
			</trkpt>
			<trkpt lat="48.127192" lon="16.251884">
				<ele>320.3</ele>
				<time>2025-02-23T07:42:27Z</time>
			</trkpt>
			<trkpt lat="48.127232" lon="16.251801">
				<ele>320.49</ele>
				<time>2025-02-23T07:42:30Z</time>
			</trkpt>
			<trkpt lat="48.127276" lon="16.251719">
				<ele>320.7</ele>
				<time>2025-02-23T07:42:33Z</time>
			</trkpt>
			<trkpt lat="48.127314" lon="16.251633">
				<ele>320.93</ele>
				<time>2025-02-23T07:42:36Z</time>
			</trkpt>
			<trkpt lat="48.127349" lon="16.251559">
				<ele>321.18</ele>
				<time>2025-02-23T07:42:39Z</time>
			</trkpt>
			<trkpt lat="48.127389" lon="16.251474">
				<ele>321.47</ele>
				<time>2025-02-23T07:42:42Z</time>
			</trkpt>
			<trkpt lat="48.127416" lon="16.25139">
				<ele>321.81</ele>
				<time>2025-02-23T07:42:45Z</time>
			</trkpt>
			<trkpt lat="48.127438" lon="16.251302">
				<ele>322.2</ele>
				<time>2025-02-23T07:42:48Z</time>
			</trkpt>
			<trkpt lat="48.127435" lon="16.251212">
				<ele>322.61</ele>
				<time>2025-02-23T07:42:51Z</time>
			</trkpt>
			<trkpt lat="48.127434" lon="16.251127">
				<ele>323.08</ele>
				<time>2025-02-23T07:42:54Z</time>
			</trkpt>
			<trkpt lat="48.12742" lon="16.251029">
				<ele>323.59</ele>
				<time>2025-02-23T07:42:58Z</time>
			</trkpt>
			<trkpt lat="48.127394" lon="16.250938">
				<ele>324.14</ele>
				<time>2025-02-23T07:43:02Z</time>
			</trkpt>
			<trkpt lat="48.127359" lon="16.250855">
				<ele>324.72</ele>
				<time>2025-02-23T07:43:06Z</time>
			</trkpt>
			<trkpt lat="48.12733" lon="16.250779">
				<ele>325.36</ele>
				<time>2025-02-23T07:43:10Z</time>
			</trkpt>
			<trkpt lat="48.12729" lon="16.250705">
				<ele>326.02</ele>
				<time>2025-02-23T07:43:14Z</time>
			</trkpt>
			<trkpt lat="48.12725" lon="16.250624">
				<ele>326.69</ele>
				<time>2025-02-23T07:43:18Z</time>
			</trkpt>
			<trkpt lat="48.127208" lon="16.25055">
				<ele>327.37</ele>
				<time>2025-02-23T07:43:22Z</time>
			</trkpt>
			<trkpt lat="48.127154" lon="16.250487">
				<ele>328.05</ele>
				<time>2025-02-23T07:43:26Z</time>
			</trkpt>
			<trkpt lat="48.127101" lon="16.250424">
				<ele>328.71</ele>
				<time>2025-02-23T07:43:30Z</time>
			</trkpt>
			<trkpt lat="48.127037" lon="16.250381">
				<ele>329.36</ele>
				<time>2025-02-23T07:43:34Z</time>
			</trkpt>
			<trkpt lat="48.126984" lon="16.250349">
				<ele>329.99</ele>
				<time>2025-02-23T07:43:37Z</time>
			</trkpt>
			<trkpt lat="48.126925" lon="16.250293">
				<ele>330.62</ele>
				<time>2025-02-23T07:43:41Z</time>
			</trkpt>
			<trkpt lat="48.12687" lon="16.25024">
				<ele>331.19</ele>
				<time>2025-02-23T07:43:45Z</time>
			</trkpt>
			<trkpt lat="48.126807" lon="16.250196">
				<ele>331.75</ele>
				<time>2025-02-23T07:43:49Z</time>
			</trkpt>
			<trkpt lat="48.126745" lon="16.250143">
				<ele>332.29</ele>
				<time>2025-02-23T07:43:53Z</time>
			</trkpt>
			<trkpt lat="48.126683" lon="16.250099">
				<ele>332.81</ele>
				<time>2025-02-23T07:43:57Z</time>
			</trkpt>
			<trkpt lat="48.126635" lon="16.250056">
				<ele>333.32</ele>
				<time>2025-02-23T07:44:00Z</time>
			</trkpt>
			<trkpt lat="48.126591" lon="16.250002">
				<ele>333.82</ele>
				<time>2025-02-23T07:44:03Z</time>
			</trkpt>
			<trkpt lat="48.126537" lon="16.249955">
				<ele>334.32</ele>
				<time>2025-02-23T07:44:06Z</time>
			</trkpt>
			<trkpt lat="48.126487" lon="16.249909">
				<ele>334.8</ele>
				<time>2025-02-23T07:44:09Z</time>
			</trkpt>
			<trkpt lat="48.126444" lon="16.249852">
				<ele>335.29</ele>
				<time>2025-02-23T07:44:12Z</time>
			</trkpt>
			<trkpt lat="48.126392" lon="16.249773">
				<ele>335.76</ele>
				<time>2025-02-23T07:44:16Z</time>
			</trkpt>
			<trkpt lat="48.126392" lon="16.249685">
				<ele>336.24</ele>
				<time>2025-02-23T07:44:19Z</time>
			</trkpt>
			<trkpt lat="48.126415" lon="16.249592">
				<ele>336.71</ele>
				<time>2025-02-23T07:44:23Z</time>
			</trkpt>
			<trkpt lat="48.126458" lon="16.249526">
				<ele>337.19</ele>
				<time>2025-02-23T07:44:26Z</time>
			</trkpt>
			<trkpt lat="48.126507" lon="16.249484">
				<ele>337.67</ele>
				<time>2025-02-23T07:44:29Z</time>
			</trkpt>
			<trkpt lat="48.126574" lon="16.249441">
				<ele>338.15</ele>
				<time>2025-02-23T07:44:33Z</time>
			</trkpt>
			<trkpt lat="48.126627" lon="16.249417">
				<ele>338.64</ele>
				<time>2025-02-23T07:44:36Z</time>
			</trkpt>
			<trkpt lat="48.12669" lon="16.249376">
				<ele>339.13</ele>
				<time>2025-02-23T07:44:40Z</time>
			</trkpt>
			<trkpt lat="48.126745" lon="16.24934">
				<ele>339.61</ele>
				<time>2025-02-23T07:44:43Z</time>
			</trkpt>
			<trkpt lat="48.126802" lon="16.249289">
				<ele>340.09</ele>
				<time>2025-02-23T07:44:46Z</time>
			</trkpt>
			<trkpt lat="48.126841" lon="16.249233">
				<ele>340.57</ele>
				<time>2025-02-23T07:44:49Z</time>
			</trkpt>
			<trkpt lat="48.126899" lon="16.249165">
				<ele>341.06</ele>
				<time>2025-02-23T07:44:53Z</time>
			</trkpt>
			<trkpt lat="48.126939" lon="16.249106">
				<ele>341.54</ele>
				<time>2025-02-23T07:44:56Z</time>
			</trkpt>
			<trkpt lat="48.126987" lon="16.249058">
				<ele>342.04</ele>
				<time>2025-02-23T07:44:59Z</time>
			</trkpt>
			<trkpt lat="48.127025" lon="16.248996">
				<ele>342.52</ele>
				<time>2025-02-23T07:45:02Z</time>
			</trkpt>
			<trkpt lat="48.127068" lon="16.248942">
				<ele>342.99</ele>
				<time>2025-02-23T07:45:05Z</time>
			</trkpt>
			<trkpt lat="48.127118" lon="16.248875">
				<ele>343.47</ele>
				<time>2025-02-23T07:45:09Z</time>
			</trkpt>
			<trkpt lat="48.127176" lon="16.248807">
				<ele>343.93</ele>
				<time>2025-02-23T07:45:13Z</time>
			</trkpt>
			<trkpt lat="48.127213" lon="16.24874">
				<ele>344.41</ele>
				<time>2025-02-23T07:45:17Z</time>
			</trkpt>
			<trkpt lat="48.127272" lon="16.248682">
				<ele>344.89</ele>
				<time>2025-02-23T07:45:21Z</time>
			</trkpt>
			<trkpt lat="48.127319" lon="16.248642">
				<ele>345.36</ele>
				<time>2025-02-23T07:45:24Z</time>
			</trkpt>
			<trkpt lat="48.127364" lon="16.24859">
				<ele>345.82</ele>
				<time>2025-02-23T07:45:27Z</time>
			</trkpt>
			<trkpt lat="48.127421" lon="16.248549">
				<ele>346.32</ele>
				<time>2025-02-23T07:45:30Z</time>
			</trkpt>
			<trkpt lat="48.127471" lon="16.248503">
				<ele>346.8</ele>
				<time>2025-02-23T07:45:33Z</time>
			</trkpt>
			<trkpt lat="48.127519" lon="16.248445">
				<ele>347.31</ele>
				<time>2025-02-23T07:45:36Z</time>
			</trkpt>
			<trkpt lat="48.127559" lon="16.248368">
				<ele>347.79</ele>
				<time>2025-02-23T07:45:39Z</time>
			</trkpt>
			<trkpt lat="48.127558" lon="16.248284">
				<ele>348.27</ele>
				<time>2025-02-23T07:45:42Z</time>
			</trkpt>
			<trkpt lat="48.127526" lon="16.248208">
				<ele>348.75</ele>
				<time>2025-02-23T07:45:45Z</time>
			</trkpt>
			<trkpt lat="48.127477" lon="16.248165">
				<ele>349.24</ele>
				<time>2025-02-23T07:45:48Z</time>
			</trkpt>
			<trkpt lat="48.127421" lon="16.248159">
				<ele>349.73</ele>
				<time>2025-02-23T07:45:51Z</time>
			</trkpt>
			<trkpt lat="48.127368" lon="16.248177">
				<ele>350.21</ele>
				<time>2025-02-23T07:45:54Z</time>
			</trkpt>
			<trkpt lat="48.127312" lon="16.248188">
				<ele>350.69</ele>
				<time>2025-02-23T07:45:57Z</time>
			</trkpt>
			<trkpt lat="48.127256" lon="16.248207">
				<ele>351.16</ele>
				<time>2025-02-23T07:46:00Z</time>
			</trkpt>
			<trkpt lat="48.127196" lon="16.248223">
				<ele>351.65</ele>
				<time>2025-02-23T07:46:03Z</time>
			</trkpt>
			<trkpt lat="48.127139" lon="16.248245">
				<ele>352.13</ele>
				<time>2025-02-23T07:46:06Z</time>
			</trkpt>
			<trkpt lat="48.127083" lon="16.24825">
				<ele>352.6</ele>
				<time>2025-02-23T07:46:09Z</time>
			</trkpt>
			<trkpt lat="48.127027" lon="16.248247">
				<ele>353.08</ele>
				<time>2025-02-23T07:46:12Z</time>
			</trkpt>
			<trkpt lat="48.126967" lon="16.248237">
				<ele>353.55</ele>
				<time>2025-02-23T07:46:15Z</time>
			</trkpt>
			<trkpt lat="48.126908" lon="16.248211">
				<ele>354.03</ele>
				<time>2025-02-23T07:46:18Z</time>
			</trkpt>
			<trkpt lat="48.126851" lon="16.248179">
				<ele>354.5</ele>
				<time>2025-02-23T07:46:21Z</time>
			</trkpt>
			<trkpt lat="48.126797" lon="16.248146">
				<ele>354.99</ele>
				<time>2025-02-23T07:46:24Z</time>
			</trkpt>
			<trkpt lat="48.126745" lon="16.248104">
				<ele>355.48</ele>
				<time>2025-02-23T07:46:27Z</time>
			</trkpt>
			<trkpt lat="48.126683" lon="16.248048">
				<ele>355.98</ele>
				<time>2025-02-23T07:46:31Z</time>
			</trkpt>
			<trkpt lat="48.126624" lon="16.247989">
				<ele>356.46</ele>
				<time>2025-02-23T07:46:35Z</time>
			</trkpt>
			<trkpt lat="48.126577" lon="16.247935">
				<ele>356.96</ele>
				<time>2025-02-23T07:46:38Z</time>
			</trkpt>
			<trkpt lat="48.126526" lon="16.247865">
				<ele>357.48</ele>
				<time>2025-02-23T07:46:42Z</time>
			</trkpt>
			<trkpt lat="48.126475" lon="16.247784">
				<ele>357.98</ele>
				<time>2025-02-23T07:46:46Z</time>
			</trkpt>
			<trkpt lat="48.126448" lon="16.247713">
				<ele>358.49</ele>
				<time>2025-02-23T07:46:49Z</time>
			</trkpt>
			<trkpt lat="48.126409" lon="16.24763">
				<ele>358.99</ele>
				<time>2025-02-23T07:46:53Z</time>
			</trkpt>
			<trkpt lat="48.126383" lon="16.247558">
				<ele>359.49</ele>
				<time>2025-02-23T07:46:56Z</time>
			</trkpt>
			<trkpt lat="48.126337" lon="16.24748">
				<ele>359.98</ele>
				<time>2025-02-23T07:47:00Z</time>
			</trkpt>
			<trkpt lat="48.126305" lon="16.247406">
				<ele>360.49</ele>
				<time>2025-02-23T07:47:03Z</time>
			</trkpt>
			<trkpt lat="48.126264" lon="16.247322">
				<ele>360.98</ele>
				<time>2025-02-23T07:47:07Z</time>
			</trkpt>
			<trkpt lat="48.126231" lon="16.247256">
				<ele>361.47</ele>
				<time>2025-02-23T07:47:10Z</time>
			</trkpt>
			<trkpt lat="48.126197" lon="16.247189">
				<ele>361.95</ele>
				<time>2025-02-23T07:47:13Z</time>
			</trkpt>
			<trkpt lat="48.126158" lon="16.2471">
				<ele>362.44</ele>
				<time>2025-02-23T07:47:17Z</time>
			</trkpt>
			<trkpt lat="48.126126" lon="16.247034">
				<ele>362.93</ele>
				<time>2025-02-23T07:47:20Z</time>
			</trkpt>
			<trkpt lat="48.126091" lon="16.246944">
				<ele>363.41</ele>
				<time>2025-02-23T07:47:24Z</time>
			</trkpt>
			<trkpt lat="48.12605" lon="16.246882">
				<ele>363.9</ele>
				<time>2025-02-23T07:47:27Z</time>
			</trkpt>
			<trkpt lat="48.126015" lon="16.246808">
				<ele>364.39</ele>
				<time>2025-02-23T07:47:31Z</time>
			</trkpt>
			<trkpt lat="48.125978" lon="16.246748">
				<ele>364.9</ele>
				<time>2025-02-23T07:47:34Z</time>
			</trkpt>
			<trkpt lat="48.125929" lon="16.246676">
				<ele>365.4</ele>
				<time>2025-02-23T07:47:38Z</time>
			</trkpt>
			<trkpt lat="48.125888" lon="16.246623">
				<ele>365.9</ele>
				<time>2025-02-23T07:47:41Z</time>
			</trkpt>
			<trkpt lat="48.125841" lon="16.246573">
				<ele>366.39</ele>
				<time>2025-02-23T07:47:44Z</time>
			</trkpt>
			<trkpt lat="48.125795" lon="16.246518">
				<ele>366.87</ele>
				<time>2025-02-23T07:47:48Z</time>
			</trkpt>
			<trkpt lat="48.125736" lon="16.246474">
				<ele>367.35</ele>
				<time>2025-02-23T07:47:51Z</time>
			</trkpt>
			<trkpt lat="48.12569" lon="16.246421">
				<ele>367.82</ele>
				<time>2025-02-23T07:47:55Z</time>
			</trkpt>
			<trkpt lat="48.125625" lon="16.246381">
				<ele>368.29</ele>
				<time>2025-02-23T07:47:59Z</time>
			</trkpt>
			<trkpt lat="48.125572" lon="16.246341">
				<ele>368.74</ele>
				<time>2025-02-23T07:48:02Z</time>
			</trkpt>
			<trkpt lat="48.125522" lon="16.246293">
				<ele>369.21</ele>
				<time>2025-02-23T07:48:05Z</time>
			</trkpt>
			<trkpt lat="48.125461" lon="16.246247">
				<ele>369.66</ele>
				<time>2025-02-23T07:48:08Z</time>
			</trkpt>
			<trkpt lat="48.125412" lon="16.24621">
				<ele>370.09</ele>
				<time>2025-02-23T07:48:11Z</time>
			</trkpt>
			<trkpt lat="48.12537" lon="16.246155">
				<ele>370.55</ele>
				<time>2025-02-23T07:48:14Z</time>
			</trkpt>
			<trkpt lat="48.12531" lon="16.246102">
				<ele>370.98</ele>
				<time>2025-02-23T07:48:17Z</time>
			</trkpt>
			<trkpt lat="48.12525" lon="16.246058">
				<ele>371.4</ele>
				<time>2025-02-23T07:48:20Z</time>
			</trkpt>
			<trkpt lat="48.125198" lon="16.245998">
				<ele>371.82</ele>
				<time>2025-02-23T07:48:23Z</time>
			</trkpt>
			<trkpt lat="48.125143" lon="16.245952">
				<ele>372.25</ele>
				<time>2025-02-23T07:48:26Z</time>
			</trkpt>
			<trkpt lat="48.125085" lon="16.245894">
				<ele>372.66</ele>
				<time>2025-02-23T07:48:30Z</time>
			</trkpt>
			<trkpt lat="48.125039" lon="16.245851">
				<ele>373.08</ele>
				<time>2025-02-23T07:48:33Z</time>
			</trkpt>
			<trkpt lat="48.12499" lon="16.245794">
				<ele>373.5</ele>
				<time>2025-02-23T07:48:36Z</time>
			</trkpt>
			<trkpt lat="48.12494" lon="16.245755">
				<ele>373.91</ele>
				<time>2025-02-23T07:48:39Z</time>
			</trkpt>
			<trkpt lat="48.124892" lon="16.245696">
				<ele>374.33</ele>
				<time>2025-02-23T07:48:42Z</time>
			</trkpt>
			<trkpt lat="48.124846" lon="16.245649">
				<ele>374.75</ele>
				<time>2025-02-23T07:48:45Z</time>
			</trkpt>
			<trkpt lat="48.124804" lon="16.245595">
				<ele>375.18</ele>
				<time>2025-02-23T07:48:48Z</time>
			</trkpt>
			<trkpt lat="48.124756" lon="16.245546">
				<ele>375.59</ele>
				<time>2025-02-23T07:48:51Z</time>
			</trkpt>
			<trkpt lat="48.124703" lon="16.245501">
				<ele>376.0</ele>
				<time>2025-02-23T07:48:54Z</time>
			</trkpt>
			<trkpt lat="48.124656" lon="16.245446">
				<ele>376.4</ele>
				<time>2025-02-23T07:48:57Z</time>
			</trkpt>
			<trkpt lat="48.124596" lon="16.2454">
				<ele>376.79</ele>
				<time>2025-02-23T07:49:00Z</time>
			</trkpt>
			<trkpt lat="48.12454" lon="16.245341">
				<ele>377.2</ele>
				<time>2025-02-23T07:49:04Z</time>
			</trkpt>
			<trkpt lat="48.124483" lon="16.24532">
				<ele>377.62</ele>
				<time>2025-02-23T07:49:07Z</time>
			</trkpt>
			<trkpt lat="48.124432" lon="16.245272">
				<ele>378.03</ele>
				<time>2025-02-23T07:49:10Z</time>
			</trkpt>
			<trkpt lat="48.124376" lon="16.245261">
				<ele>378.47</ele>
				<time>2025-02-23T07:49:13Z</time>
			</trkpt>
			<trkpt lat="48.124316" lon="16.24526">
				<ele>378.9</ele>
				<time>2025-02-23T07:49:16Z</time>
			</trkpt>
			<trkpt lat="48.124259" lon="16.245274">
				<ele>379.34</ele>
				<time>2025-02-23T07:49:19Z</time>
			</trkpt>
			<trkpt lat="48.124202" lon="16.24529">
				<ele>379.76</ele>
				<time>2025-02-23T07:49:22Z</time>
			</trkpt>
			<trkpt lat="48.124144" lon="16.245324">
				<ele>380.19</ele>
				<time>2025-02-23T07:49:25Z</time>
			</trkpt>
			<trkpt lat="48.124085" lon="16.245325">
				<ele>380.62</ele>
				<time>2025-02-23T07:49:28Z</time>
			</trkpt>
			<trkpt lat="48.124024" lon="16.245334">
				<ele>381.05</ele>
				<time>2025-02-23T07:49:32Z</time>
			</trkpt>
			<trkpt lat="48.123964" lon="16.245342">
				<ele>381.49</ele>
				<time>2025-02-23T07:49:35Z</time>
			</trkpt>
			<trkpt lat="48.123889" lon="16.245343">
				<ele>381.93</ele>
				<time>2025-02-23T07:49:38Z</time>
			</trkpt>
			<trkpt lat="48.123834" lon="16.245354">
				<ele>382.38</ele>
				<time>2025-02-23T07:49:41Z</time>
			</trkpt>
			<trkpt lat="48.123759" lon="16.24535">
				<ele>382.82</ele>
				<time>2025-02-23T07:49:45Z</time>
			</trkpt>
			<trkpt lat="48.123696" lon="16.245355">
				<ele>383.24</ele>
				<time>2025-02-23T07:49:48Z</time>
			</trkpt>
			<trkpt lat="48.123627" lon="16.245354">
				<ele>383.67</ele>
				<time>2025-02-23T07:49:51Z</time>
			</trkpt>
			<trkpt lat="48.123558" lon="16.245335">
				<ele>384.11</ele>
				<time>2025-02-23T07:49:54Z</time>
			</trkpt>
			<trkpt lat="48.12349" lon="16.245291">
				<ele>384.53</ele>
				<time>2025-02-23T07:49:58Z</time>
			</trkpt>
			<trkpt lat="48.12343" lon="16.245264">
				<ele>384.95</ele>
				<time>2025-02-23T07:50:01Z</time>
			</trkpt>
			<trkpt lat="48.123375" lon="16.245222">
				<ele>385.39</ele>
				<time>2025-02-23T07:50:04Z</time>
			</trkpt>
			<trkpt lat="48.123321" lon="16.2452">
				<ele>385.83</ele>
				<time>2025-02-23T07:50:07Z</time>
			</trkpt>
			<trkpt lat="48.123257" lon="16.245153">
				<ele>386.25</ele>
				<time>2025-02-23T07:50:11Z</time>
			</trkpt>
			<trkpt lat="48.123193" lon="16.245107">
				<ele>386.67</ele>
				<time>2025-02-23T07:50:15Z</time>
			</trkpt>
			<trkpt lat="48.123142" lon="16.245059">
				<ele>387.1</ele>
				<time>2025-02-23T07:50:18Z</time>
			</trkpt>
			<trkpt lat="48.123091" lon="16.245011">
				<ele>387.51</ele>
				<time>2025-02-23T07:50:21Z</time>
			</trkpt>
			<trkpt lat="48.123037" lon="16.244967">
				<ele>387.92</ele>
				<time>2025-02-23T07:50:24Z</time>
			</trkpt>
			<trkpt lat="48.122987" lon="16.244901">
				<ele>388.32</ele>
				<time>2025-02-23T07:50:27Z</time>
			</trkpt>
			<trkpt lat="48.122951" lon="16.244825">
				<ele>388.72</ele>
				<time>2025-02-23T07:50:30Z</time>
			</trkpt>
			<trkpt lat="48.12292" lon="16.244744">
				<ele>389.13</ele>
				<time>2025-02-23T07:50:33Z</time>
			</trkpt>
			<trkpt lat="48.122907" lon="16.244656">
				<ele>389.53</ele>
				<time>2025-02-23T07:50:36Z</time>
			</trkpt>
			<trkpt lat="48.1229" lon="16.244558">
				<ele>389.93</ele>
				<time>2025-02-23T07:50:39Z</time>
			</trkpt>
			<trkpt lat="48.122888" lon="16.244471">
				<ele>390.34</ele>
				<time>2025-02-23T07:50:42Z</time>
			</trkpt>
			<trkpt lat="48.122872" lon="16.244394">
				<ele>390.74</ele>
				<time>2025-02-23T07:50:45Z</time>
			</trkpt>
			<trkpt lat="48.122874" lon="16.244301">
				<ele>391.14</ele>
				<time>2025-02-23T07:50:48Z</time>
			</trkpt>
			<trkpt lat="48.122869" lon="16.244188">
				<ele>391.54</ele>
				<time>2025-02-23T07:50:52Z</time>
			</trkpt>
			<trkpt lat="48.122864" lon="16.244097">
				<ele>391.97</ele>
				<time>2025-02-23T07:50:55Z</time>
			</trkpt>
			<trkpt lat="48.122849" lon="16.244011">
				<ele>392.4</ele>
				<time>2025-02-23T07:50:58Z</time>
			</trkpt>
			<trkpt lat="48.122841" lon="16.243926">
				<ele>392.85</ele>
				<time>2025-02-23T07:51:01Z</time>
			</trkpt>
			<trkpt lat="48.122857" lon="16.243833">
				<ele>393.32</ele>
				<time>2025-02-23T07:51:04Z</time>
			</trkpt>
			<trkpt lat="48.122848" lon="16.243749">
				<ele>393.8</ele>
				<time>2025-02-23T07:51:07Z</time>
			</trkpt>
			<trkpt lat="48.122861" lon="16.243638">
				<ele>394.31</ele>
				<time>2025-02-23T07:51:11Z</time>
			</trkpt>
			<trkpt lat="48.122868" lon="16.243549">
				<ele>394.83</ele>
				<time>2025-02-23T07:51:14Z</time>
			</trkpt>
			<trkpt lat="48.122857" lon="16.243441">
				<ele>395.36</ele>
				<time>2025-02-23T07:51:18Z</time>
			</trkpt>
			<trkpt lat="48.122807" lon="16.243337">
				<ele>395.9</ele>
				<time>2025-02-23T07:51:22Z</time>
			</trkpt>
			<trkpt lat="48.122735" lon="16.243305">
				<ele>396.44</ele>
				<time>2025-02-23T07:51:26Z</time>
			</trkpt>
			<trkpt lat="48.122675" lon="16.2433">
				<ele>396.99</ele>
				<time>2025-02-23T07:51:29Z</time>
			</trkpt>
			<trkpt lat="48.122615" lon="16.243344">
				<ele>397.56</ele>
				<time>2025-02-23T07:51:32Z</time>
			</trkpt>
			<trkpt lat="48.122566" lon="16.24339">
				<ele>398.14</ele>
				<time>2025-02-23T07:51:35Z</time>
			</trkpt>
			<trkpt lat="48.122528" lon="16.243454">
				<ele>398.71</ele>
				<time>2025-02-23T07:51:38Z</time>
			</trkpt>
			<trkpt lat="48.122473" lon="16.243504">
				<ele>399.28</ele>
				<time>2025-02-23T07:51:41Z</time>
			</trkpt>
			<trkpt lat="48.122421" lon="16.243541">
				<ele>399.83</ele>
				<time>2025-02-23T07:51:44Z</time>
			</trkpt>
			<trkpt lat="48.122369" lon="16.243587">
				<ele>400.42</ele>
				<time>2025-02-23T07:51:47Z</time>
			</trkpt>
			<trkpt lat="48.122302" lon="16.243628">
				<ele>400.98</ele>
				<time>2025-02-23T07:51:51Z</time>
			</trkpt>
			<trkpt lat="48.122236" lon="16.243654">
				<ele>401.53</ele>
				<time>2025-02-23T07:51:55Z</time>
			</trkpt>
			<trkpt lat="48.122178" lon="16.243667">
				<ele>402.08</ele>
				<time>2025-02-23T07:51:58Z</time>
			</trkpt>
			<trkpt lat="48.122118" lon="16.243681">
				<ele>402.63</ele>
				<time>2025-02-23T07:52:01Z</time>
			</trkpt>
			<trkpt lat="48.122065" lon="16.243643">
				<ele>403.18</ele>
				<time>2025-02-23T07:52:04Z</time>
			</trkpt>
			<trkpt lat="48.122014" lon="16.243584">
				<ele>403.73</ele>
				<time>2025-02-23T07:52:08Z</time>
			</trkpt>
			<trkpt lat="48.121976" lon="16.243523">
				<ele>404.3</ele>
				<time>2025-02-23T07:52:11Z</time>
			</trkpt>
			<trkpt lat="48.121928" lon="16.243478">
				<ele>404.85</ele>
				<time>2025-02-23T07:52:14Z</time>
			</trkpt>
			<trkpt lat="48.121884" lon="16.243395">
				<ele>405.42</ele>
				<time>2025-02-23T07:52:18Z</time>
			</trkpt>
			<trkpt lat="48.121835" lon="16.24336">
				<ele>405.98</ele>
				<time>2025-02-23T07:52:21Z</time>
			</trkpt>
			<trkpt lat="48.121789" lon="16.243301">
				<ele>406.58</ele>
				<time>2025-02-23T07:52:24Z</time>
			</trkpt>
			<trkpt lat="48.121733" lon="16.243241">
				<ele>407.16</ele>
				<time>2025-02-23T07:52:28Z</time>
			</trkpt>
			<trkpt lat="48.121695" lon="16.243174">
				<ele>407.74</ele>
				<time>2025-02-23T07:52:31Z</time>
			</trkpt>
			<trkpt lat="48.12169" lon="16.24309">
				<ele>408.34</ele>
				<time>2025-02-23T07:52:34Z</time>
			</trkpt>
			<trkpt lat="48.121725" lon="16.242994">
				<ele>408.94</ele>
				<time>2025-02-23T07:52:38Z</time>
			</trkpt>
			<trkpt lat="48.121796" lon="16.242976">
				<ele>409.54</ele>
				<time>2025-02-23T07:52:42Z</time>
			</trkpt>
			<trkpt lat="48.121848" lon="16.243014">
				<ele>410.13</ele>
				<time>2025-02-23T07:52:45Z</time>
			</trkpt>
			<trkpt lat="48.121921" lon="16.24306">
				<ele>410.74</ele>
				<time>2025-02-23T07:52:50Z</time>
			</trkpt>
			<trkpt lat="48.121963" lon="16.243093">
				<ele>411.35</ele>
				<time>2025-02-23T07:52:53Z</time>
			</trkpt>
			<trkpt lat="48.122058" lon="16.243148">
				<ele>411.94</ele>
				<time>2025-02-23T07:52:58Z</time>
			</trkpt>
			<trkpt lat="48.122129" lon="16.24314">
				<ele>412.54</ele>
				<time>2025-02-23T07:53:01Z</time>
			</trkpt>
			<trkpt lat="48.122187" lon="16.243116">
				<ele>413.12</ele>
				<time>2025-02-23T07:53:04Z</time>
			</trkpt>
			<trkpt lat="48.12225" lon="16.243083">
				<ele>413.69</ele>
				<time>2025-02-23T07:53:07Z</time>
			</trkpt>
			<trkpt lat="48.122293" lon="16.243034">
				<ele>414.28</ele>
				<time>2025-02-23T07:53:10Z</time>
			</trkpt>
			<trkpt lat="48.122333" lon="16.242961">
				<ele>414.84</ele>
				<time>2025-02-23T07:53:14Z</time>
			</trkpt>
			<trkpt lat="48.122369" lon="16.242888">
				<ele>415.41</ele>
				<time>2025-02-23T07:53:17Z</time>
			</trkpt>
			<trkpt lat="48.122409" lon="16.24283">
				<ele>415.99</ele>
				<time>2025-02-23T07:53:20Z</time>
			</trkpt>
			<trkpt lat="48.122446" lon="16.242765">
				<ele>416.53</ele>
				<time>2025-02-23T07:53:23Z</time>
			</trkpt>
			<trkpt lat="48.122491" lon="16.242683">
				<ele>417.08</ele>
				<time>2025-02-23T07:53:27Z</time>
			</trkpt>
			<trkpt lat="48.122527" lon="16.242605">
				<ele>417.64</ele>
				<time>2025-02-23T07:53:31Z</time>
			</trkpt>
			<trkpt lat="48.122566" lon="16.242542">
				<ele>418.21</ele>
				<time>2025-02-23T07:53:34Z</time>
			</trkpt>
			<trkpt lat="48.122614" lon="16.242465">
				<ele>418.78</ele>
				<time>2025-02-23T07:53:38Z</time>
			</trkpt>
			<trkpt lat="48.122652" lon="16.242394">
				<ele>419.35</ele>
				<time>2025-02-23T07:53:41Z</time>
			</trkpt>
			<trkpt lat="48.122683" lon="16.242327">
				<ele>419.92</ele>
				<time>2025-02-23T07:53:44Z</time>
			</trkpt>
			<trkpt lat="48.122717" lon="16.242261">
				<ele>420.5</ele>
				<time>2025-02-23T07:53:47Z</time>
			</trkpt>
			<trkpt lat="48.122742" lon="16.242175">
				<ele>421.07</ele>
				<time>2025-02-23T07:53:51Z</time>
			</trkpt>
			<trkpt lat="48.122769" lon="16.242069">
				<ele>421.63</ele>
				<time>2025-02-23T07:53:55Z</time>
			</trkpt>
			<trkpt lat="48.122782" lon="16.241975">
				<ele>422.21</ele>
				<time>2025-02-23T07:53:59Z</time>
			</trkpt>
			<trkpt lat="48.122789" lon="16.241885">
				<ele>422.78</ele>
				<time>2025-02-23T07:54:02Z</time>
			</trkpt>
			<trkpt lat="48.122794" lon="16.241775">
				<ele>423.34</ele>
				<time>2025-02-23T07:54:06Z</time>
			</trkpt>
			<trkpt lat="48.122806" lon="16.241687">
				<ele>423.87</ele>
				<time>2025-02-23T07:54:09Z</time>
			</trkpt>
			<trkpt lat="48.122831" lon="16.241614">
				<ele>424.42</ele>
				<time>2025-02-23T07:54:12Z</time>
			</trkpt>
			<trkpt lat="48.12285" lon="16.241522">
				<ele>424.94</ele>
				<time>2025-02-23T07:54:16Z</time>
			</trkpt>
			<trkpt lat="48.122864" lon="16.241443">
				<ele>425.47</ele>
				<time>2025-02-23T07:54:19Z</time>
			</trkpt>
			<trkpt lat="48.122868" lon="16.241353">
				<ele>425.99</ele>
				<time>2025-02-23T07:54:22Z</time>
			</trkpt>
			<trkpt lat="48.122896" lon="16.241277">
				<ele>426.51</ele>
				<time>2025-02-23T07:54:25Z</time>
			</trkpt>
			<trkpt lat="48.122921" lon="16.241203">
				<ele>427.03</ele>
				<time>2025-02-23T07:54:28Z</time>
			</trkpt>
			<trkpt lat="48.122938" lon="16.241104">
				<ele>427.53</ele>
				<time>2025-02-23T07:54:32Z</time>
			</trkpt>
			<trkpt lat="48.122962" lon="16.24103">
				<ele>428.08</ele>
				<time>2025-02-23T07:54:35Z</time>
			</trkpt>
			<trkpt lat="48.122972" lon="16.240938">
				<ele>428.61</ele>
				<time>2025-02-23T07:54:39Z</time>
			</trkpt>
			<trkpt lat="48.123003" lon="16.240861">
				<ele>429.14</ele>
				<time>2025-02-23T07:54:42Z</time>
			</trkpt>
			<trkpt lat="48.123023" lon="16.240775">
				<ele>429.67</ele>
				<time>2025-02-23T07:54:45Z</time>
			</trkpt>
			<trkpt lat="48.123052" lon="16.2407">
				<ele>430.21</ele>
				<time>2025-02-23T07:54:48Z</time>
			</trkpt>
			<trkpt lat="48.123081" lon="16.240626">
				<ele>430.77</ele>
				<time>2025-02-23T07:54:51Z</time>
			</trkpt>
			<trkpt lat="48.123128" lon="16.24055">
				<ele>431.3</ele>
				<time>2025-02-23T07:54:55Z</time>
			</trkpt>
			<trkpt lat="48.123183" lon="16.240514">
				<ele>431.85</ele>
				<time>2025-02-23T07:54:59Z</time>
			</trkpt>
			<trkpt lat="48.123239" lon="16.240494">
				<ele>432.4</ele>
				<time>2025-02-23T07:55:02Z</time>
			</trkpt>
			<trkpt lat="48.123295" lon="16.240474">
				<ele>432.95</ele>
				<time>2025-02-23T07:55:05Z</time>
			</trkpt>
			<trkpt lat="48.123355" lon="16.240472">
				<ele>433.5</ele>
				<time>2025-02-23T07:55:08Z</time>
			</trkpt>
			<trkpt lat="48.123424" lon="16.240482">
				<ele>434.06</ele>
				<time>2025-02-23T07:55:12Z</time>
			</trkpt>
			<trkpt lat="48.123485" lon="16.240498">
				<ele>434.63</ele>
				<time>2025-02-23T07:55:15Z</time>
			</trkpt>
			<trkpt lat="48.123537" lon="16.240523">
				<ele>435.18</ele>
				<time>2025-02-23T07:55:18Z</time>
			</trkpt>
			<trkpt lat="48.123599" lon="16.24052">
				<ele>435.73</ele>
				<time>2025-02-23T07:55:22Z</time>
			</trkpt>
			<trkpt lat="48.123653" lon="16.240499">
				<ele>436.28</ele>
				<time>2025-02-23T07:55:25Z</time>
			</trkpt>
			<trkpt lat="48.123717" lon="16.240471">
				<ele>436.81</ele>
				<time>2025-02-23T07:55:29Z</time>
			</trkpt>
			<trkpt lat="48.123758" lon="16.240406">
				<ele>437.37</ele>
				<time>2025-02-23T07:55:33Z</time>
			</trkpt>
			<trkpt lat="48.123816" lon="16.24037">
				<ele>437.92</ele>
				<time>2025-02-23T07:55:36Z</time>
			</trkpt>
			<trkpt lat="48.123866" lon="16.240327">
				<ele>438.49</ele>
				<time>2025-02-23T07:55:39Z</time>
			</trkpt>
			<trkpt lat="48.123924" lon="16.240261">
				<ele>439.04</ele>
				<time>2025-02-23T07:55:43Z</time>
			</trkpt>
			<trkpt lat="48.123975" lon="16.240224">
				<ele>439.59</ele>
				<time>2025-02-23T07:55:46Z</time>
			</trkpt>
			<trkpt lat="48.124021" lon="16.240179">
				<ele>440.13</ele>
				<time>2025-02-23T07:55:49Z</time>
			</trkpt>
			<trkpt lat="48.124075" lon="16.240109">
				<ele>440.68</ele>
				<time>2025-02-23T07:55:53Z</time>
			</trkpt>
			<trkpt lat="48.124107" lon="16.240027">
				<ele>441.2</ele>
				<time>2025-02-23T07:55:57Z</time>
			</trkpt>
			<trkpt lat="48.124135" lon="16.239952">
				<ele>441.67</ele>
				<time>2025-02-23T07:56:00Z</time>
			</trkpt>
			<trkpt lat="48.124127" lon="16.239851">
				<ele>442.11</ele>
				<time>2025-02-23T07:56:03Z</time>
			</trkpt>
			<trkpt lat="48.124113" lon="16.239767">
				<ele>442.53</ele>
				<time>2025-02-23T07:56:06Z</time>
			</trkpt>
			<trkpt lat="48.124123" lon="16.239674">
				<ele>442.95</ele>
				<time>2025-02-23T07:56:09Z</time>
			</trkpt>
			<trkpt lat="48.124178" lon="16.239699">
				<ele>443.37</ele>
				<time>2025-02-23T07:56:15Z</time>
			</trkpt>
			<trkpt lat="48.124114" lon="16.239686">
				<ele>443.76</ele>
				<time>2025-02-23T07:57:00Z</time>
			</trkpt>
			<trkpt lat="48.124055" lon="16.239712">
				<ele>444.15</ele>
				<time>2025-02-23T07:57:03Z</time>
			</trkpt>
			<trkpt lat="48.123988" lon="16.239749">
				<ele>444.53</ele>
				<time>2025-02-23T07:57:06Z</time>
			</trkpt>
			<trkpt lat="48.123927" lon="16.239752">
				<ele>444.91</ele>
				<time>2025-02-23T07:57:09Z</time>
			</trkpt>
			<trkpt lat="48.123872" lon="16.239783">
				<ele>445.29</ele>
				<time>2025-02-23T07:57:12Z</time>
			</trkpt>
			<trkpt lat="48.12381" lon="16.2398">
				<ele>445.66</ele>
				<time>2025-02-23T07:57:16Z</time>
			</trkpt>
			<trkpt lat="48.123747" lon="16.239809">
				<ele>446.01</ele>
				<time>2025-02-23T07:57:19Z</time>
			</trkpt>
			<trkpt lat="48.123687" lon="16.239808">
				<ele>446.38</ele>
				<time>2025-02-23T07:57:23Z</time>
			</trkpt>
			<trkpt lat="48.123627" lon="16.239809">
				<ele>446.79</ele>
				<time>2025-02-23T07:57:26Z</time>
			</trkpt>
			<trkpt lat="48.123566" lon="16.239786">
				<ele>447.21</ele>
				<time>2025-02-23T07:57:29Z</time>
			</trkpt>
			<trkpt lat="48.123504" lon="16.239763">
				<ele>447.66</ele>
				<time>2025-02-23T07:57:32Z</time>
			</trkpt>
			<trkpt lat="48.123446" lon="16.239746">
				<ele>448.12</ele>
				<time>2025-02-23T07:57:35Z</time>
			</trkpt>
			<trkpt lat="48.123383" lon="16.239723">
				<ele>448.57</ele>
				<time>2025-02-23T07:57:38Z</time>
			</trkpt>
			<trkpt lat="48.12333" lon="16.239708">
				<ele>449.03</ele>
				<time>2025-02-23T07:57:41Z</time>
			</trkpt>
			<trkpt lat="48.123276" lon="16.239687">
				<ele>449.48</ele>
				<time>2025-02-23T07:57:44Z</time>
			</trkpt>
			<trkpt lat="48.123207" lon="16.23966">
				<ele>449.91</ele>
				<time>2025-02-23T07:57:47Z</time>
			</trkpt>
			<trkpt lat="48.123147" lon="16.239639">
				<ele>450.36</ele>
				<time>2025-02-23T07:57:51Z</time>
			</trkpt>
			<trkpt lat="48.123077" lon="16.23961">
				<ele>450.79</ele>
				<time>2025-02-23T07:57:55Z</time>
			</trkpt>
			<trkpt lat="48.123013" lon="16.239595">
				<ele>451.23</ele>
				<time>2025-02-23T07:57:59Z</time>
			</trkpt>
			<trkpt lat="48.122947" lon="16.239588">
				<ele>451.69</ele>
				<time>2025-02-23T07:58:02Z</time>
			</trkpt>
			<trkpt lat="48.122891" lon="16.239588">
				<ele>452.17</ele>
				<time>2025-02-23T07:58:05Z</time>
			</trkpt>
			<trkpt lat="48.12283" lon="16.239595">
				<ele>452.65</ele>
				<time>2025-02-23T07:58:08Z</time>
			</trkpt>
			<trkpt lat="48.12277" lon="16.239622">
				<ele>453.14</ele>
				<time>2025-02-23T07:58:11Z</time>
			</trkpt>
			<trkpt lat="48.122721" lon="16.239666">
				<ele>453.63</ele>
				<time>2025-02-23T07:58:14Z</time>
			</trkpt>
			<trkpt lat="48.122671" lon="16.239708">
				<ele>454.1</ele>
				<time>2025-02-23T07:58:17Z</time>
			</trkpt>
			<trkpt lat="48.1226" lon="16.23976">
				<ele>454.57</ele>
				<time>2025-02-23T07:58:21Z</time>
			</trkpt>
			<trkpt lat="48.122539" lon="16.239794">
				<ele>455.03</ele>
				<time>2025-02-23T07:58:25Z</time>
			</trkpt>
			<trkpt lat="48.122472" lon="16.239808">
				<ele>455.48</ele>
				<time>2025-02-23T07:58:29Z</time>
			</trkpt>
			<trkpt lat="48.122404" lon="16.239815">
				<ele>455.93</ele>
				<time>2025-02-23T07:58:33Z</time>
			</trkpt>
			<trkpt lat="48.122351" lon="16.239795">
				<ele>456.41</ele>
				<time>2025-02-23T07:58:36Z</time>
			</trkpt>
			<trkpt lat="48.122295" lon="16.239773">
				<ele>456.89</ele>
				<time>2025-02-23T07:58:39Z</time>
			</trkpt>
			<trkpt lat="48.122235" lon="16.239779">
				<ele>457.38</ele>
				<time>2025-02-23T07:58:42Z</time>
			</trkpt>
			<trkpt lat="48.12218" lon="16.239744">
				<ele>457.86</ele>
				<time>2025-02-23T07:58:45Z</time>
			</trkpt>
			<trkpt lat="48.122125" lon="16.239719">
				<ele>458.33</ele>
				<time>2025-02-23T07:58:48Z</time>
			</trkpt>
			<trkpt lat="48.12207" lon="16.239705">
				<ele>458.81</ele>
				<time>2025-02-23T07:58:51Z</time>
			</trkpt>
			<trkpt lat="48.122009" lon="16.239657">
				<ele>459.27</ele>
				<time>2025-02-23T07:58:55Z</time>
			</trkpt>
			<trkpt lat="48.121953" lon="16.239594">
				<ele>459.75</ele>
				<time>2025-02-23T07:58:59Z</time>
			</trkpt>
			<trkpt lat="48.121912" lon="16.239518">
				<ele>460.25</ele>
				<time>2025-02-23T07:59:03Z</time>
			</trkpt>
			<trkpt lat="48.121891" lon="16.239417">
				<ele>460.76</ele>
				<time>2025-02-23T07:59:07Z</time>
			</trkpt>
			<trkpt lat="48.121867" lon="16.239343">
				<ele>461.3</ele>
				<time>2025-02-23T07:59:10Z</time>
			</trkpt>
			<trkpt lat="48.121848" lon="16.239235">
				<ele>461.84</ele>
				<time>2025-02-23T07:59:14Z</time>
			</trkpt>
			<trkpt lat="48.121834" lon="16.239152">
				<ele>462.4</ele>
				<time>2025-02-23T07:59:17Z</time>
			</trkpt>
			<trkpt lat="48.121815" lon="16.239073">
				<ele>462.96</ele>
				<time>2025-02-23T07:59:20Z</time>
			</trkpt>
			<trkpt lat="48.121794" lon="16.238984">
				<ele>463.5</ele>
				<time>2025-02-23T07:59:25Z</time>
			</trkpt>
			<trkpt lat="48.121781" lon="16.238883">
				<ele>464.03</ele>
				<time>2025-02-23T07:59:29Z</time>
			</trkpt>
			<trkpt lat="48.121758" lon="16.238805">
				<ele>464.57</ele>
				<time>2025-02-23T07:59:32Z</time>
			</trkpt>
			<trkpt lat="48.121735" lon="16.238727">
				<ele>465.1</ele>
				<time>2025-02-23T07:59:35Z</time>
			</trkpt>
			<trkpt lat="48.121713" lon="16.238623">
				<ele>465.64</ele>
				<time>2025-02-23T07:59:39Z</time>
			</trkpt>
			<trkpt lat="48.121691" lon="16.23853">
				<ele>466.19</ele>
				<time>2025-02-23T07:59:42Z</time>
			</trkpt>
			<trkpt lat="48.121674" lon="16.238451">
				<ele>466.75</ele>
				<time>2025-02-23T07:59:45Z</time>
			</trkpt>
			<trkpt lat="48.12167" lon="16.238361">
				<ele>467.28</ele>
				<time>2025-02-23T07:59:48Z</time>
			</trkpt>
			<trkpt lat="48.121661" lon="16.238281">
				<ele>467.82</ele>
				<time>2025-02-23T07:59:51Z</time>
			</trkpt>
			<trkpt lat="48.121671" lon="16.238196">
				<ele>468.35</ele>
				<time>2025-02-23T07:59:54Z</time>
			</trkpt>
			<trkpt lat="48.121647" lon="16.238106">
				<ele>468.87</ele>
				<time>2025-02-23T07:59:58Z</time>
			</trkpt>
			<trkpt lat="48.121624" lon="16.238006">
				<ele>469.41</ele>
				<time>2025-02-23T08:00:02Z</time>
			</trkpt>
			<trkpt lat="48.121614" lon="16.237921">
				<ele>469.96</ele>
				<time>2025-02-23T08:00:05Z</time>
			</trkpt>
			<trkpt lat="48.121583" lon="16.23784">
				<ele>470.53</ele>
				<time>2025-02-23T08:00:08Z</time>
			</trkpt>
			<trkpt lat="48.12158" lon="16.237731">
				<ele>471.09</ele>
				<time>2025-02-23T08:00:12Z</time>
			</trkpt>
			<trkpt lat="48.121569" lon="16.237649">
				<ele>471.69</ele>
				<time>2025-02-23T08:00:15Z</time>
			</trkpt>
			<trkpt lat="48.121565" lon="16.237568">
				<ele>472.32</ele>
				<time>2025-02-23T08:00:18Z</time>
			</trkpt>
			<trkpt lat="48.121556" lon="16.237468">
				<ele>472.93</ele>
				<time>2025-02-23T08:00:22Z</time>
			</trkpt>
			<trkpt lat="48.121546" lon="16.237371">
				<ele>473.58</ele>
				<time>2025-02-23T08:00:26Z</time>
			</trkpt>
			<trkpt lat="48.121534" lon="16.237285">
				<ele>474.26</ele>
				<time>2025-02-23T08:00:29Z</time>
			</trkpt>
			<trkpt lat="48.121526" lon="16.2372">
				<ele>474.98</ele>
				<time>2025-02-23T08:00:32Z</time>
			</trkpt>
			<trkpt lat="48.121525" lon="16.237098">
				<ele>475.7</ele>
				<time>2025-02-23T08:00:36Z</time>
			</trkpt>
			<trkpt lat="48.121501" lon="16.237011">
				<ele>476.48</ele>
				<time>2025-02-23T08:00:40Z</time>
			</trkpt>
			<trkpt lat="48.121494" lon="16.236915">
				<ele>477.26</ele>
				<time>2025-02-23T08:00:44Z</time>
			</trkpt>
			<trkpt lat="48.121483" lon="16.236815">
				<ele>478.04</ele>
				<time>2025-02-23T08:00:48Z</time>
			</trkpt>
			<trkpt lat="48.121462" lon="16.236721">
				<ele>478.8</ele>
				<time>2025-02-23T08:00:52Z</time>
			</trkpt>
			<trkpt lat="48.121451" lon="16.236636">
				<ele>479.58</ele>
				<time>2025-02-23T08:00:57Z</time>
			</trkpt>
			<trkpt lat="48.121457" lon="16.236546">
				<ele>480.35</ele>
				<time>2025-02-23T08:01:01Z</time>
			</trkpt>
			<trkpt lat="48.121439" lon="16.236439">
				<ele>481.1</ele>
				<time>2025-02-23T08:01:06Z</time>
			</trkpt>
			<trkpt lat="48.121431" lon="16.236353">
				<ele>481.82</ele>
				<time>2025-02-23T08:01:09Z</time>
			</trkpt>
			<trkpt lat="48.121417" lon="16.236271">
				<ele>482.52</ele>
				<time>2025-02-23T08:01:12Z</time>
			</trkpt>
			<trkpt lat="48.121405" lon="16.236159">
				<ele>483.19</ele>
				<time>2025-02-23T08:01:16Z</time>
			</trkpt>
			<trkpt lat="48.121383" lon="16.236055">
				<ele>483.83</ele>
				<time>2025-02-23T08:01:20Z</time>
			</trkpt>
			<trkpt lat="48.121368" lon="16.235956">
				<ele>484.42</ele>
				<time>2025-02-23T08:01:24Z</time>
			</trkpt>
			<trkpt lat="48.121341" lon="16.235862">
				<ele>485.0</ele>
				<time>2025-02-23T08:01:28Z</time>
			</trkpt>
			<trkpt lat="48.121324" lon="16.235764">
				<ele>485.56</ele>
				<time>2025-02-23T08:01:32Z</time>
			</trkpt>
			<trkpt lat="48.1213" lon="16.23569">
				<ele>486.15</ele>
				<time>2025-02-23T08:01:35Z</time>
			</trkpt>
			<trkpt lat="48.121282" lon="16.235596">
				<ele>486.74</ele>
				<time>2025-02-23T08:01:39Z</time>
			</trkpt>
			<trkpt lat="48.121261" lon="16.235518">
				<ele>487.35</ele>
				<time>2025-02-23T08:01:42Z</time>
			</trkpt>
			<trkpt lat="48.121234" lon="16.235447">
				<ele>487.98</ele>
				<time>2025-02-23T08:01:45Z</time>
			</trkpt>
			<trkpt lat="48.121218" lon="16.235358">
				<ele>488.63</ele>
				<time>2025-02-23T08:01:49Z</time>
			</trkpt>
			<trkpt lat="48.121172" lon="16.235296">
				<ele>489.3</ele>
				<time>2025-02-23T08:01:53Z</time>
			</trkpt>
			<trkpt lat="48.121128" lon="16.235212">
				<ele>490.01</ele>
				<time>2025-02-23T08:01:57Z</time>
			</trkpt>
			<trkpt lat="48.121093" lon="16.235149">
				<ele>490.78</ele>
				<time>2025-02-23T08:02:01Z</time>
			</trkpt>
			<trkpt lat="48.121057" lon="16.235088">
				<ele>491.57</ele>
				<time>2025-02-23T08:02:04Z</time>
			</trkpt>
			<trkpt lat="48.121028" lon="16.235015">
				<ele>492.38</ele>
				<time>2025-02-23T08:02:08Z</time>
			</trkpt>
			<trkpt lat="48.120994" lon="16.23495">
				<ele>493.25</ele>
				<time>2025-02-23T08:02:11Z</time>
			</trkpt>
			<trkpt lat="48.120967" lon="16.234858">
				<ele>494.15</ele>
				<time>2025-02-23T08:02:15Z</time>
			</trkpt>
			<trkpt lat="48.120939" lon="16.234775">
				<ele>495.08</ele>
				<time>2025-02-23T08:02:19Z</time>
			</trkpt>
			<trkpt lat="48.120938" lon="16.234685">
				<ele>495.96</ele>
				<time>2025-02-23T08:02:23Z</time>
			</trkpt>
			<trkpt lat="48.120927" lon="16.234593">
				<ele>496.91</ele>
				<time>2025-02-23T08:02:27Z</time>
			</trkpt>
			<trkpt lat="48.120929" lon="16.234505">
				<ele>497.87</ele>
				<time>2025-02-23T08:02:31Z</time>
			</trkpt>
			<trkpt lat="48.120937" lon="16.234422">
				<ele>498.84</ele>
				<time>2025-02-23T08:02:35Z</time>
			</trkpt>
			<trkpt lat="48.120957" lon="16.23434">
				<ele>499.8</ele>
				<time>2025-02-23T08:02:40Z</time>
			</trkpt>
			<trkpt lat="48.120984" lon="16.234259">
				<ele>500.8</ele>
				<time>2025-02-23T08:02:44Z</time>
			</trkpt>
			<trkpt lat="48.12102" lon="16.234175">
				<ele>501.79</ele>
				<time>2025-02-23T08:02:47Z</time>
			</trkpt>
			<trkpt lat="48.121049" lon="16.234103">
				<ele>502.77</ele>
				<time>2025-02-23T08:02:51Z</time>
			</trkpt>
			<trkpt lat="48.121075" lon="16.23403">
				<ele>503.74</ele>
				<time>2025-02-23T08:02:56Z</time>
			</trkpt>
			<trkpt lat="48.121097" lon="16.233926">
				<ele>504.72</ele>
				<time>2025-02-23T08:02:59Z</time>
			</trkpt>
			<trkpt lat="48.121123" lon="16.233837">
				<ele>505.68</ele>
				<time>2025-02-23T08:03:03Z</time>
			</trkpt>
			<trkpt lat="48.121125" lon="16.233739">
				<ele>506.61</ele>
				<time>2025-02-23T08:03:08Z</time>
			</trkpt>
			<trkpt lat="48.121138" lon="16.233641">
				<ele>507.51</ele>
				<time>2025-02-23T08:03:12Z</time>
			</trkpt>
			<trkpt lat="48.121128" lon="16.233539">
				<ele>508.44</ele>
				<time>2025-02-23T08:03:16Z</time>
			</trkpt>
			<trkpt lat="48.121115" lon="16.233446">
				<ele>509.37</ele>
				<time>2025-02-23T08:03:20Z</time>
			</trkpt>
			<trkpt lat="48.121096" lon="16.233347">
				<ele>510.25</ele>
				<time>2025-02-23T08:03:24Z</time>
			</trkpt>
			<trkpt lat="48.121086" lon="16.233265">
				<ele>511.14</ele>
				<time>2025-02-23T08:03:27Z</time>
			</trkpt>
			<trkpt lat="48.121057" lon="16.233176">
				<ele>512.07</ele>
				<time>2025-02-23T08:03:31Z</time>
			</trkpt>
			<trkpt lat="48.121041" lon="16.233094">
				<ele>512.95</ele>
				<time>2025-02-23T08:03:34Z</time>
			</trkpt>
			<trkpt lat="48.121017" lon="16.23301">
				<ele>513.8</ele>
				<time>2025-02-23T08:03:38Z</time>
			</trkpt>
			<trkpt lat="48.121008" lon="16.232909">
				<ele>514.65</ele>
				<time>2025-02-23T08:03:42Z</time>
			</trkpt>
			<trkpt lat="48.121015" lon="16.232808">
				<ele>515.48</ele>
				<time>2025-02-23T08:03:46Z</time>
			</trkpt>
			<trkpt lat="48.121021" lon="16.23272">
				<ele>516.31</ele>
				<time>2025-02-23T08:03:50Z</time>
			</trkpt>
			<trkpt lat="48.121021" lon="16.232629">
				<ele>517.14</ele>
				<time>2025-02-23T08:03:55Z</time>
			</trkpt>
			<trkpt lat="48.121005" lon="16.232533">
				<ele>517.93</ele>
				<time>2025-02-23T08:03:58Z</time>
			</trkpt>
			<trkpt lat="48.120989" lon="16.232442">
				<ele>518.73</ele>
				<time>2025-02-23T08:04:01Z</time>
			</trkpt>
			<trkpt lat="48.120986" lon="16.232349">
				<ele>519.49</ele>
				<time>2025-02-23T08:04:04Z</time>
			</trkpt>
			<trkpt lat="48.120974" lon="16.232251">
				<ele>520.16</ele>
				<time>2025-02-23T08:04:08Z</time>
			</trkpt>
			<trkpt lat="48.120966" lon="16.232163">
				<ele>520.8</ele>
				<time>2025-02-23T08:04:11Z</time>
			</trkpt>
			<trkpt lat="48.120954" lon="16.232082">
				<ele>521.39</ele>
				<time>2025-02-23T08:04:14Z</time>
			</trkpt>
			<trkpt lat="48.120922" lon="16.231998">
				<ele>521.89</ele>
				<time>2025-02-23T08:04:17Z</time>
			</trkpt>
			<trkpt lat="48.120889" lon="16.231906">
				<ele>522.36</ele>
				<time>2025-02-23T08:04:21Z</time>
			</trkpt>
			<trkpt lat="48.12085" lon="16.231839">
				<ele>522.81</ele>
				<time>2025-02-23T08:04:24Z</time>
			</trkpt>
			<trkpt lat="48.120804" lon="16.231764">
				<ele>523.2</ele>
				<time>2025-02-23T08:04:27Z</time>
			</trkpt>
			<trkpt lat="48.120754" lon="16.23171">
				<ele>523.55</ele>
				<time>2025-02-23T08:04:30Z</time>
			</trkpt>
			<trkpt lat="48.120701" lon="16.231645">
				<ele>523.85</ele>
				<time>2025-02-23T08:04:34Z</time>
			</trkpt>
			<trkpt lat="48.120664" lon="16.231584">
				<ele>524.12</ele>
				<time>2025-02-23T08:04:37Z</time>
			</trkpt>
			<trkpt lat="48.120613" lon="16.231533">
				<ele>524.34</ele>
				<time>2025-02-23T08:04:40Z</time>
			</trkpt>
			<trkpt lat="48.120561" lon="16.231463">
				<ele>524.51</ele>
				<time>2025-02-23T08:04:43Z</time>
			</trkpt>
			<trkpt lat="48.120506" lon="16.231395">
				<ele>524.67</ele>
				<time>2025-02-23T08:04:46Z</time>
			</trkpt>
			<trkpt lat="48.120461" lon="16.231324">
				<ele>524.83</ele>
				<time>2025-02-23T08:04:49Z</time>
			</trkpt>
			<trkpt lat="48.12041" lon="16.23126">
				<ele>524.98</ele>
				<time>2025-02-23T08:04:52Z</time>
			</trkpt>
			<trkpt lat="48.120369" lon="16.231174">
				<ele>525.11</ele>
				<time>2025-02-23T08:04:55Z</time>
			</trkpt>
			<trkpt lat="48.120323" lon="16.23112">
				<ele>525.24</ele>
				<time>2025-02-23T08:04:57Z</time>
			</trkpt>
			<trkpt lat="48.120269" lon="16.231063">
				<ele>525.35</ele>
				<time>2025-02-23T08:05:00Z</time>
			</trkpt>
			<trkpt lat="48.120208" lon="16.231001">
				<ele>525.45</ele>
				<time>2025-02-23T08:05:03Z</time>
			</trkpt>
			<trkpt lat="48.120155" lon="16.230919">
				<ele>525.55</ele>
				<time>2025-02-23T08:05:06Z</time>
			</trkpt>
			<trkpt lat="48.120111" lon="16.23086">
				<ele>525.65</ele>
				<time>2025-02-23T08:05:08Z</time>
			</trkpt>
			<trkpt lat="48.120057" lon="16.230804">
				<ele>525.76</ele>
				<time>2025-02-23T08:05:11Z</time>
			</trkpt>
			<trkpt lat="48.120004" lon="16.230741">
				<ele>525.86</ele>
				<time>2025-02-23T08:05:14Z</time>
			</trkpt>
			<trkpt lat="48.119944" lon="16.230654">
				<ele>525.94</ele>
				<time>2025-02-23T08:05:17Z</time>
			</trkpt>
			<trkpt lat="48.119886" lon="16.230595">
				<ele>526.04</ele>
				<time>2025-02-23T08:05:20Z</time>
			</trkpt>
			<trkpt lat="48.119831" lon="16.230528">
				<ele>526.14</ele>
				<time>2025-02-23T08:05:23Z</time>
			</trkpt>
			<trkpt lat="48.119772" lon="16.230483">
				<ele>526.23</ele>
				<time>2025-02-23T08:05:26Z</time>
			</trkpt>
			<trkpt lat="48.119718" lon="16.230423">
				<ele>526.33</ele>
				<time>2025-02-23T08:05:29Z</time>
			</trkpt>
			<trkpt lat="48.119676" lon="16.230371">
				<ele>526.41</ele>
				<time>2025-02-23T08:05:31Z</time>
			</trkpt>
			<trkpt lat="48.119625" lon="16.230311">
				<ele>526.45</ele>
				<time>2025-02-23T08:05:34Z</time>
			</trkpt>
			<trkpt lat="48.119581" lon="16.230235">
				<ele>526.45</ele>
				<time>2025-02-23T08:05:37Z</time>
			</trkpt>
			<trkpt lat="48.119531" lon="16.23019">
				<ele>526.4</ele>
				<time>2025-02-23T08:05:40Z</time>
			</trkpt>
			<trkpt lat="48.119472" lon="16.230142">
				<ele>526.3</ele>
				<time>2025-02-23T08:05:43Z</time>
			</trkpt>
			<trkpt lat="48.119427" lon="16.230082">
				<ele>526.15</ele>
				<time>2025-02-23T08:05:46Z</time>
			</trkpt>
			<trkpt lat="48.119373" lon="16.229998">
				<ele>525.95</ele>
				<time>2025-02-23T08:05:49Z</time>
			</trkpt>
			<trkpt lat="48.119333" lon="16.22992">
				<ele>525.71</ele>
				<time>2025-02-23T08:05:52Z</time>
			</trkpt>
			<trkpt lat="48.119282" lon="16.229836">
				<ele>525.42</ele>
				<time>2025-02-23T08:05:55Z</time>
			</trkpt>
			<trkpt lat="48.119231" lon="16.229765">
				<ele>525.1</ele>
				<time>2025-02-23T08:05:58Z</time>
			</trkpt>
			<trkpt lat="48.119175" lon="16.229697">
				<ele>524.75</ele>
				<time>2025-02-23T08:06:01Z</time>
			</trkpt>
			<trkpt lat="48.11912" lon="16.229609">
				<ele>524.37</ele>
				<time>2025-02-23T08:06:04Z</time>
			</trkpt>
			<trkpt lat="48.119093" lon="16.229521">
				<ele>523.97</ele>
				<time>2025-02-23T08:06:06Z</time>
			</trkpt>
			<trkpt lat="48.119034" lon="16.229429">
				<ele>523.55</ele>
				<time>2025-02-23T08:06:09Z</time>
			</trkpt>
			<trkpt lat="48.118984" lon="16.229352">
				<ele>523.15</ele>
				<time>2025-02-23T08:06:12Z</time>
			</trkpt>
			<trkpt lat="48.118932" lon="16.229291">
				<ele>522.77</ele>
				<time>2025-02-23T08:06:15Z</time>
			</trkpt>
			<trkpt lat="48.118921" lon="16.229188">
				<ele>522.41</ele>
				<time>2025-02-23T08:06:17Z</time>
			</trkpt>
			<trkpt lat="48.118913" lon="16.22908">
				<ele>522.06</ele>
				<time>2025-02-23T08:06:20Z</time>
			</trkpt>
			<trkpt lat="48.118899" lon="16.228965">
				<ele>521.72</ele>
				<time>2025-02-23T08:06:23Z</time>
			</trkpt>
			<trkpt lat="48.118871" lon="16.228873">
				<ele>521.37</ele>
				<time>2025-02-23T08:06:26Z</time>
			</trkpt>
			<trkpt lat="48.118841" lon="16.228776">
				<ele>521.05</ele>
				<time>2025-02-23T08:06:29Z</time>
			</trkpt>
			<trkpt lat="48.118789" lon="16.228691">
				<ele>520.74</ele>
				<time>2025-02-23T08:06:32Z</time>
			</trkpt>
			<trkpt lat="48.118748" lon="16.228634">
				<ele>520.45</ele>
				<time>2025-02-23T08:06:34Z</time>
			</trkpt>
			<trkpt lat="48.118688" lon="16.228575">
				<ele>520.12</ele>
				<time>2025-02-23T08:06:37Z</time>
			</trkpt>
			<trkpt lat="48.118626" lon="16.228528">
				<ele>519.79</ele>
				<time>2025-02-23T08:06:40Z</time>
			</trkpt>
			<trkpt lat="48.118565" lon="16.228472">
				<ele>519.49</ele>
				<time>2025-02-23T08:06:43Z</time>
			</trkpt>
			<trkpt lat="48.118523" lon="16.228402">
				<ele>519.19</ele>
				<time>2025-02-23T08:06:45Z</time>
			</trkpt>
			<trkpt lat="48.118465" lon="16.228327">
				<ele>518.93</ele>
				<time>2025-02-23T08:06:48Z</time>
			</trkpt>
			<trkpt lat="48.118404" lon="16.228259">
				<ele>518.66</ele>
				<time>2025-02-23T08:06:51Z</time>
			</trkpt>
			<trkpt lat="48.11834" lon="16.228191">
				<ele>518.4</ele>
				<time>2025-02-23T08:06:54Z</time>
			</trkpt>
			<trkpt lat="48.118297" lon="16.228136">
				<ele>518.14</ele>
				<time>2025-02-23T08:06:56Z</time>
			</trkpt>
			<trkpt lat="48.118262" lon="16.228055">
				<ele>517.88</ele>
				<time>2025-02-23T08:06:58Z</time>
			</trkpt>
			<trkpt lat="48.11821" lon="16.227976">
				<ele>517.66</ele>
				<time>2025-02-23T08:07:01Z</time>
			</trkpt>
			<trkpt lat="48.118179" lon="16.227877">
				<ele>517.42</ele>
				<time>2025-02-23T08:07:04Z</time>
			</trkpt>
			<trkpt lat="48.118158" lon="16.2278">
				<ele>517.19</ele>
				<time>2025-02-23T08:07:06Z</time>
			</trkpt>
			<trkpt lat="48.118126" lon="16.227734">
				<ele>516.96</ele>
				<time>2025-02-23T08:07:08Z</time>
			</trkpt>
			<trkpt lat="48.118101" lon="16.227645">
				<ele>516.75</ele>
				<time>2025-02-23T08:07:11Z</time>
			</trkpt>
			<trkpt lat="48.118055" lon="16.227557">
				<ele>516.55</ele>
				<time>2025-02-23T08:07:14Z</time>
			</trkpt>
			<trkpt lat="48.118022" lon="16.22747">
				<ele>516.37</ele>
				<time>2025-02-23T08:07:17Z</time>
			</trkpt>
			<trkpt lat="48.11799" lon="16.227358">
				<ele>516.19</ele>
				<time>2025-02-23T08:07:20Z</time>
			</trkpt>
			<trkpt lat="48.117976" lon="16.227269">
				<ele>516.05</ele>
				<time>2025-02-23T08:07:22Z</time>
			</trkpt>
			<trkpt lat="48.117934" lon="16.22719">
				<ele>515.94</ele>
				<time>2025-02-23T08:07:25Z</time>
			</trkpt>
			<trkpt lat="48.117887" lon="16.227095">
				<ele>515.88</ele>
				<time>2025-02-23T08:07:28Z</time>
			</trkpt>
			<trkpt lat="48.117851" lon="16.227034">
				<ele>515.86</ele>
				<time>2025-02-23T08:07:30Z</time>
			</trkpt>
			<trkpt lat="48.117818" lon="16.226968">
				<ele>515.89</ele>
				<time>2025-02-23T08:07:32Z</time>
			</trkpt>
			<trkpt lat="48.117788" lon="16.226889">
				<ele>515.96</ele>
				<time>2025-02-23T08:07:34Z</time>
			</trkpt>
			<trkpt lat="48.117765" lon="16.226797">
				<ele>516.09</ele>
				<time>2025-02-23T08:07:36Z</time>
			</trkpt>
			<trkpt lat="48.117723" lon="16.22671">
				<ele>516.28</ele>
				<time>2025-02-23T08:07:39Z</time>
			</trkpt>
			<trkpt lat="48.117679" lon="16.226628">
				<ele>516.53</ele>
				<time>2025-02-23T08:07:42Z</time>
			</trkpt>
			<trkpt lat="48.117646" lon="16.226542">
				<ele>516.84</ele>
				<time>2025-02-23T08:07:45Z</time>
			</trkpt>
			<trkpt lat="48.117616" lon="16.226437">
				<ele>517.2</ele>
				<time>2025-02-23T08:07:48Z</time>
			</trkpt>
			<trkpt lat="48.117573" lon="16.226345">
				<ele>517.6</ele>
				<time>2025-02-23T08:07:51Z</time>
			</trkpt>
			<trkpt lat="48.11753" lon="16.226255">
				<ele>518.05</ele>
				<time>2025-02-23T08:07:54Z</time>
			</trkpt>
			<trkpt lat="48.117475" lon="16.226178">
				<ele>518.52</ele>
				<time>2025-02-23T08:07:57Z</time>
			</trkpt>
			<trkpt lat="48.11742" lon="16.226128">
				<ele>518.97</ele>
				<time>2025-02-23T08:08:00Z</time>
			</trkpt>
			<trkpt lat="48.117358" lon="16.226071">
				<ele>519.41</ele>
				<time>2025-02-23T08:08:03Z</time>
			</trkpt>
			<trkpt lat="48.117299" lon="16.22603">
				<ele>519.82</ele>
				<time>2025-02-23T08:08:06Z</time>
			</trkpt>
			<trkpt lat="48.117226" lon="16.226002">
				<ele>520.2</ele>
				<time>2025-02-23T08:08:09Z</time>
			</trkpt>
			<trkpt lat="48.117162" lon="16.225997">
				<ele>520.54</ele>
				<time>2025-02-23T08:08:12Z</time>
			</trkpt>
			<trkpt lat="48.117094" lon="16.226024">
				<ele>520.84</ele>
				<time>2025-02-23T08:08:15Z</time>
			</trkpt>
			<trkpt lat="48.117033" lon="16.226044">
				<ele>521.1</ele>
				<time>2025-02-23T08:08:18Z</time>
			</trkpt>
			<trkpt lat="48.116966" lon="16.226064">
				<ele>521.32</ele>
				<time>2025-02-23T08:08:21Z</time>
			</trkpt>
			<trkpt lat="48.1169" lon="16.226092">
				<ele>521.51</ele>
				<time>2025-02-23T08:08:24Z</time>
			</trkpt>
			<trkpt lat="48.116836" lon="16.226123">
				<ele>521.66</ele>
				<time>2025-02-23T08:08:27Z</time>
			</trkpt>
			<trkpt lat="48.116772" lon="16.226174">
				<ele>521.78</ele>
				<time>2025-02-23T08:08:30Z</time>
			</trkpt>
			<trkpt lat="48.116696" lon="16.226218">
				<ele>521.87</ele>
				<time>2025-02-23T08:08:33Z</time>
			</trkpt>
			<trkpt lat="48.116642" lon="16.226227">
				<ele>521.98</ele>
				<time>2025-02-23T08:08:35Z</time>
			</trkpt>
			<trkpt lat="48.116566" lon="16.226249">
				<ele>522.1</ele>
				<time>2025-02-23T08:08:38Z</time>
			</trkpt>
			<trkpt lat="48.116512" lon="16.226259">
				<ele>522.24</ele>
				<time>2025-02-23T08:08:40Z</time>
			</trkpt>
			<trkpt lat="48.116444" lon="16.226281">
				<ele>522.42</ele>
				<time>2025-02-23T08:08:43Z</time>
			</trkpt>
			<trkpt lat="48.116374" lon="16.226288">
				<ele>522.63</ele>
				<time>2025-02-23T08:08:46Z</time>
			</trkpt>
			<trkpt lat="48.116305" lon="16.22628">
				<ele>522.89</ele>
				<time>2025-02-23T08:08:49Z</time>
			</trkpt>
			<trkpt lat="48.116236" lon="16.226303">
				<ele>523.18</ele>
				<time>2025-02-23T08:08:52Z</time>
			</trkpt>
			<trkpt lat="48.116177" lon="16.226319">
				<ele>523.5</ele>
				<time>2025-02-23T08:08:55Z</time>
			</trkpt>
			<trkpt lat="48.116113" lon="16.226321">
				<ele>523.86</ele>
				<time>2025-02-23T08:08:58Z</time>
			</trkpt>
			<trkpt lat="48.116044" lon="16.226304">
				<ele>524.24</ele>
				<time>2025-02-23T08:09:01Z</time>
			</trkpt>
			<trkpt lat="48.115982" lon="16.226318">
				<ele>524.66</ele>
				<time>2025-02-23T08:09:04Z</time>
			</trkpt>
			<trkpt lat="48.115922" lon="16.226333">
				<ele>525.1</ele>
				<time>2025-02-23T08:09:07Z</time>
			</trkpt>
			<trkpt lat="48.115864" lon="16.226339">
				<ele>525.58</ele>
				<time>2025-02-23T08:09:10Z</time>
			</trkpt>
			<trkpt lat="48.1158" lon="16.226358">
				<ele>526.08</ele>
				<time>2025-02-23T08:09:13Z</time>
			</trkpt>
			<trkpt lat="48.115746" lon="16.226372">
				<ele>526.6</ele>
				<time>2025-02-23T08:09:16Z</time>
			</trkpt>
			<trkpt lat="48.115676" lon="16.226385">
				<ele>527.14</ele>
				<time>2025-02-23T08:09:19Z</time>
			</trkpt>
			<trkpt lat="48.115605" lon="16.226396">
				<ele>527.7</ele>
				<time>2025-02-23T08:09:22Z</time>
			</trkpt>
			<trkpt lat="48.11555" lon="16.226411">
				<ele>528.28</ele>
				<time>2025-02-23T08:09:25Z</time>
			</trkpt>
			<trkpt lat="48.115489" lon="16.226442">
				<ele>528.85</ele>
				<time>2025-02-23T08:09:28Z</time>
			</trkpt>
			<trkpt lat="48.115434" lon="16.226498">
				<ele>529.42</ele>
				<time>2025-02-23T08:09:31Z</time>
			</trkpt>
			<trkpt lat="48.115403" lon="16.226574">
				<ele>529.97</ele>
				<time>2025-02-23T08:09:36Z</time>
			</trkpt>
			<trkpt lat="48.115351" lon="16.226613">
				<ele>530.45</ele>
				<time>2025-02-23T08:09:39Z</time>
			</trkpt>
			<trkpt lat="48.115285" lon="16.226653">
				<ele>530.9</ele>
				<time>2025-02-23T08:09:42Z</time>
			</trkpt>
			<trkpt lat="48.115211" lon="16.226688">
				<ele>531.31</ele>
				<time>2025-02-23T08:09:45Z</time>
			</trkpt>
			<trkpt lat="48.115129" lon="16.226714">
				<ele>531.69</ele>
				<time>2025-02-23T08:09:48Z</time>
			</trkpt>
			<trkpt lat="48.115058" lon="16.226732">
				<ele>532.02</ele>
				<time>2025-02-23T08:09:51Z</time>
			</trkpt>
			<trkpt lat="48.114979" lon="16.226744">
				<ele>532.3</ele>
				<time>2025-02-23T08:09:54Z</time>
			</trkpt>
			<trkpt lat="48.114905" lon="16.22673">
				<ele>532.51</ele>
				<time>2025-02-23T08:09:57Z</time>
			</trkpt>
			<trkpt lat="48.114837" lon="16.226686">
				<ele>532.64</ele>
				<time>2025-02-23T08:10:00Z</time>
			</trkpt>
			<trkpt lat="48.114767" lon="16.226652">
				<ele>532.74</ele>
				<time>2025-02-23T08:10:03Z</time>
			</trkpt>
			<trkpt lat="48.114702" lon="16.226582">
				<ele>532.77</ele>
				<time>2025-02-23T08:10:06Z</time>
			</trkpt>
			<trkpt lat="48.114633" lon="16.226531">
				<ele>532.78</ele>
				<time>2025-02-23T08:10:09Z</time>
			</trkpt>
			<trkpt lat="48.114564" lon="16.226537">
				<ele>532.77</ele>
				<time>2025-02-23T08:10:12Z</time>
			</trkpt>
			<trkpt lat="48.114505" lon="16.226541">
				<ele>532.75</ele>
				<time>2025-02-23T08:10:14Z</time>
			</trkpt>
			<trkpt lat="48.11445" lon="16.226558">
				<ele>532.77</ele>
				<time>2025-02-23T08:10:16Z</time>
			</trkpt>
			<trkpt lat="48.114375" lon="16.226588">
				<ele>532.83</ele>
				<time>2025-02-23T08:10:19Z</time>
			</trkpt>
			<trkpt lat="48.114313" lon="16.226615">
				<ele>532.91</ele>
				<time>2025-02-23T08:10:22Z</time>
			</trkpt>
			<trkpt lat="48.114242" lon="16.226627">
				<ele>532.99</ele>
				<time>2025-02-23T08:10:25Z</time>
			</trkpt>
			<trkpt lat="48.114171" lon="16.226625">
				<ele>533.07</ele>
				<time>2025-02-23T08:10:28Z</time>
			</trkpt>
			<trkpt lat="48.114094" lon="16.226625">
				<ele>533.15</ele>
				<time>2025-02-23T08:10:31Z</time>
			</trkpt>
			<trkpt lat="48.114022" lon="16.226592">
				<ele>533.24</ele>
				<time>2025-02-23T08:10:34Z</time>
			</trkpt>
			<trkpt lat="48.113956" lon="16.226547">
				<ele>533.33</ele>
				<time>2025-02-23T08:10:37Z</time>
			</trkpt>
			<trkpt lat="48.113901" lon="16.226507">
				<ele>533.42</ele>
				<time>2025-02-23T08:10:40Z</time>
			</trkpt>
			<trkpt lat="48.113839" lon="16.226443">
				<ele>533.5</ele>
				<time>2025-02-23T08:10:43Z</time>
			</trkpt>
			<trkpt lat="48.113791" lon="16.22637">
				<ele>533.56</ele>
				<time>2025-02-23T08:10:46Z</time>
			</trkpt>
			<trkpt lat="48.113757" lon="16.226289">
				<ele>533.6</ele>
				<time>2025-02-23T08:10:49Z</time>
			</trkpt>
			<trkpt lat="48.11372" lon="16.2262">
				<ele>533.6</ele>
				<time>2025-02-23T08:10:52Z</time>
			</trkpt>
			<trkpt lat="48.113683" lon="16.226095">
				<ele>533.57</ele>
				<time>2025-02-23T08:10:55Z</time>
			</trkpt>
			<trkpt lat="48.113661" lon="16.225995">
				<ele>533.48</ele>
				<time>2025-02-23T08:10:58Z</time>
			</trkpt>
			<trkpt lat="48.113644" lon="16.225892">
				<ele>533.37</ele>
				<time>2025-02-23T08:11:01Z</time>
			</trkpt>
			<trkpt lat="48.113637" lon="16.2258">
				<ele>533.23</ele>
				<time>2025-02-23T08:11:03Z</time>
			</trkpt>
			<trkpt lat="48.113641" lon="16.225689">
				<ele>533.07</ele>
				<time>2025-02-23T08:11:06Z</time>
			</trkpt>
			<trkpt lat="48.113635" lon="16.22559">
				<ele>532.89</ele>
				<time>2025-02-23T08:11:09Z</time>
			</trkpt>
			<trkpt lat="48.113643" lon="16.225501">
				<ele>532.73</ele>
				<time>2025-02-23T08:11:12Z</time>
			</trkpt>
			<trkpt lat="48.11363" lon="16.225403">
				<ele>532.55</ele>
				<time>2025-02-23T08:11:15Z</time>
			</trkpt>
			<trkpt lat="48.113627" lon="16.225309">
				<ele>532.37</ele>
				<time>2025-02-23T08:11:17Z</time>
			</trkpt>
			<trkpt lat="48.113631" lon="16.225215">
				<ele>532.19</ele>
				<time>2025-02-23T08:11:19Z</time>
			</trkpt>
			<trkpt lat="48.11363" lon="16.225127">
				<ele>532.02</ele>
				<time>2025-02-23T08:11:21Z</time>
			</trkpt>
			<trkpt lat="48.113615" lon="16.225016">
				<ele>531.85</ele>
				<time>2025-02-23T08:11:24Z</time>
			</trkpt>
			<trkpt lat="48.113602" lon="16.22492">
				<ele>531.7</ele>
				<time>2025-02-23T08:11:26Z</time>
			</trkpt>
			<trkpt lat="48.113587" lon="16.224841">
				<ele>531.55</ele>
				<time>2025-02-23T08:11:28Z</time>
			</trkpt>
			<trkpt lat="48.113564" lon="16.224763">
				<ele>531.42</ele>
				<time>2025-02-23T08:11:30Z</time>
			</trkpt>
			<trkpt lat="48.113546" lon="16.22467">
				<ele>531.28</ele>
				<time>2025-02-23T08:11:32Z</time>
			</trkpt>
			<trkpt lat="48.113532" lon="16.224588">
				<ele>531.12</ele>
				<time>2025-02-23T08:11:34Z</time>
			</trkpt>
			<trkpt lat="48.113522" lon="16.224492">
				<ele>530.9</ele>
				<time>2025-02-23T08:11:36Z</time>
			</trkpt>
			<trkpt lat="48.113515" lon="16.224407">
				<ele>530.66</ele>
				<time>2025-02-23T08:11:38Z</time>
			</trkpt>
			<trkpt lat="48.113502" lon="16.224325">
				<ele>530.37</ele>
				<time>2025-02-23T08:11:40Z</time>
			</trkpt>
			<trkpt lat="48.113497" lon="16.224242">
				<ele>530.05</ele>
				<time>2025-02-23T08:11:42Z</time>
			</trkpt>
			<trkpt lat="48.113481" lon="16.224153">
				<ele>529.7</ele>
				<time>2025-02-23T08:11:44Z</time>
			</trkpt>
			<trkpt lat="48.113472" lon="16.224068">
				<ele>529.31</ele>
				<time>2025-02-23T08:11:46Z</time>
			</trkpt>
			<trkpt lat="48.113456" lon="16.223952">
				<ele>528.91</ele>
				<time>2025-02-23T08:11:49Z</time>
			</trkpt>
			<trkpt lat="48.113457" lon="16.223832">
				<ele>528.5</ele>
				<time>2025-02-23T08:11:52Z</time>
			</trkpt>
			<trkpt lat="48.113455" lon="16.223711">
				<ele>528.05</ele>
				<time>2025-02-23T08:11:55Z</time>
			</trkpt>
			<trkpt lat="48.113436" lon="16.223624">
				<ele>527.58</ele>
				<time>2025-02-23T08:11:57Z</time>
			</trkpt>
			<trkpt lat="48.113428" lon="16.223514">
				<ele>527.09</ele>
				<time>2025-02-23T08:12:00Z</time>
			</trkpt>
			<trkpt lat="48.113408" lon="16.223425">
				<ele>526.62</ele>
				<time>2025-02-23T08:12:02Z</time>
			</trkpt>
			<trkpt lat="48.113403" lon="16.223342">
				<ele>526.17</ele>
				<time>2025-02-23T08:12:04Z</time>
			</trkpt>
			<trkpt lat="48.11339" lon="16.223262">
				<ele>525.76</ele>
				<time>2025-02-23T08:12:06Z</time>
			</trkpt>
			<trkpt lat="48.11337" lon="16.223149">
				<ele>525.38</ele>
				<time>2025-02-23T08:12:09Z</time>
			</trkpt>
			<trkpt lat="48.113348" lon="16.223051">
				<ele>525.04</ele>
				<time>2025-02-23T08:12:12Z</time>
			</trkpt>
			<trkpt lat="48.113339" lon="16.222935">
				<ele>524.73</ele>
				<time>2025-02-23T08:12:15Z</time>
			</trkpt>
			<trkpt lat="48.113315" lon="16.222825">
				<ele>524.42</ele>
				<time>2025-02-23T08:12:18Z</time>
			</trkpt>
			<trkpt lat="48.113282" lon="16.222709">
				<ele>524.13</ele>
				<time>2025-02-23T08:12:21Z</time>
			</trkpt>
			<trkpt lat="48.113239" lon="16.222611">
				<ele>523.82</ele>
				<time>2025-02-23T08:12:24Z</time>
			</trkpt>
			<trkpt lat="48.113211" lon="16.222537">
				<ele>523.5</ele>
				<time>2025-02-23T08:12:26Z</time>
			</trkpt>
			<trkpt lat="48.113183" lon="16.222458">
				<ele>523.2</ele>
				<time>2025-02-23T08:12:28Z</time>
			</trkpt>
			<trkpt lat="48.113148" lon="16.222383">
				<ele>522.89</ele>
				<time>2025-02-23T08:12:30Z</time>
			</trkpt>
			<trkpt lat="48.113108" lon="16.222291">
				<ele>522.57</ele>
				<time>2025-02-23T08:12:33Z</time>
			</trkpt>
			<trkpt lat="48.113073" lon="16.222224">
				<ele>522.21</ele>
				<time>2025-02-23T08:12:35Z</time>
			</trkpt>
			<trkpt lat="48.113027" lon="16.222133">
				<ele>521.83</ele>
				<time>2025-02-23T08:12:38Z</time>
			</trkpt>
			<trkpt lat="48.112984" lon="16.222056">
				<ele>521.45</ele>
				<time>2025-02-23T08:12:40Z</time>
			</trkpt>
			<trkpt lat="48.112952" lon="16.221989">
				<ele>521.06</ele>
				<time>2025-02-23T08:12:42Z</time>
			</trkpt>
			<trkpt lat="48.112909" lon="16.221913">
				<ele>520.65</ele>
				<time>2025-02-23T08:12:44Z</time>
			</trkpt>
			<trkpt lat="48.112884" lon="16.221837">
				<ele>520.26</ele>
				<time>2025-02-23T08:12:46Z</time>
			</trkpt>
			<trkpt lat="48.112839" lon="16.221746">
				<ele>519.88</ele>
				<time>2025-02-23T08:12:49Z</time>
			</trkpt>
			<trkpt lat="48.112812" lon="16.221659">
				<ele>519.49</ele>
				<time>2025-02-23T08:12:51Z</time>
			</trkpt>
			<trkpt lat="48.112781" lon="16.221591">
				<ele>519.13</ele>
				<time>2025-02-23T08:12:53Z</time>
			</trkpt>
			<trkpt lat="48.112746" lon="16.22152">
				<ele>518.77</ele>
				<time>2025-02-23T08:12:55Z</time>
			</trkpt>
			<trkpt lat="48.112702" lon="16.221424">
				<ele>518.41</ele>
				<time>2025-02-23T08:12:58Z</time>
			</trkpt>
			<trkpt lat="48.112672" lon="16.221355">
				<ele>518.07</ele>
				<time>2025-02-23T08:13:00Z</time>
			</trkpt>
			<trkpt lat="48.112639" lon="16.221283">
				<ele>517.73</ele>
				<time>2025-02-23T08:13:02Z</time>
			</trkpt>
			<trkpt lat="48.112602" lon="16.221204">
				<ele>517.43</ele>
				<time>2025-02-23T08:13:04Z</time>
			</trkpt>
			<trkpt lat="48.112571" lon="16.221125">
				<ele>517.13</ele>
				<time>2025-02-23T08:13:06Z</time>
			</trkpt>
			<trkpt lat="48.112527" lon="16.221015">
				<ele>516.84</ele>
				<time>2025-02-23T08:13:09Z</time>
			</trkpt>
			<trkpt lat="48.112472" lon="16.220927">
				<ele>516.56</ele>
				<time>2025-02-23T08:13:12Z</time>
			</trkpt>
			<trkpt lat="48.112432" lon="16.220859">
				<ele>516.32</ele>
				<time>2025-02-23T08:13:14Z</time>
			</trkpt>
			<trkpt lat="48.112398" lon="16.220776">
				<ele>516.08</ele>
				<time>2025-02-23T08:13:16Z</time>
			</trkpt>
			<trkpt lat="48.112359" lon="16.220711">
				<ele>515.86</ele>
				<time>2025-02-23T08:13:18Z</time>
			</trkpt>
			<trkpt lat="48.112322" lon="16.220651">
				<ele>515.67</ele>
				<time>2025-02-23T08:13:20Z</time>
			</trkpt>
			<trkpt lat="48.112286" lon="16.220579">
				<ele>515.51</ele>
				<time>2025-02-23T08:13:22Z</time>
			</trkpt>
			<trkpt lat="48.11225" lon="16.220518">
				<ele>515.41</ele>
				<time>2025-02-23T08:13:24Z</time>
			</trkpt>
			<trkpt lat="48.112209" lon="16.220458">
				<ele>515.37</ele>
				<time>2025-02-23T08:13:26Z</time>
			</trkpt>
			<trkpt lat="48.112155" lon="16.220373">
				<ele>515.38</ele>
				<time>2025-02-23T08:13:29Z</time>
			</trkpt>
			<trkpt lat="48.112102" lon="16.220288">
				<ele>515.46</ele>
				<time>2025-02-23T08:13:32Z</time>
			</trkpt>
			<trkpt lat="48.112057" lon="16.220237">
				<ele>515.59</ele>
				<time>2025-02-23T08:13:34Z</time>
			</trkpt>
			<trkpt lat="48.112006" lon="16.220161">
				<ele>515.78</ele>
				<time>2025-02-23T08:13:37Z</time>
			</trkpt>
			<trkpt lat="48.11196" lon="16.220076">
				<ele>516.04</ele>
				<time>2025-02-23T08:13:40Z</time>
			</trkpt>
			<trkpt lat="48.1119" lon="16.220006">
				<ele>516.35</ele>
				<time>2025-02-23T08:13:43Z</time>
			</trkpt>
			<trkpt lat="48.11185" lon="16.219949">
				<ele>516.72</ele>
				<time>2025-02-23T08:13:46Z</time>
			</trkpt>
			<trkpt lat="48.111804" lon="16.219895">
				<ele>517.14</ele>
				<time>2025-02-23T08:13:49Z</time>
			</trkpt>
			<trkpt lat="48.111758" lon="16.219813">
				<ele>517.59</ele>
				<time>2025-02-23T08:13:52Z</time>
			</trkpt>
			<trkpt lat="48.111701" lon="16.219745">
				<ele>518.06</ele>
				<time>2025-02-23T08:13:55Z</time>
			</trkpt>
			<trkpt lat="48.111649" lon="16.219671">
				<ele>518.54</ele>
				<time>2025-02-23T08:13:58Z</time>
			</trkpt>
			<trkpt lat="48.111585" lon="16.219599">
				<ele>518.98</ele>
				<time>2025-02-23T08:14:01Z</time>
			</trkpt>
			<trkpt lat="48.111531" lon="16.219534">
				<ele>519.4</ele>
				<time>2025-02-23T08:14:04Z</time>
			</trkpt>
			<trkpt lat="48.111478" lon="16.21946">
				<ele>519.78</ele>
				<time>2025-02-23T08:14:07Z</time>
			</trkpt>
			<trkpt lat="48.111439" lon="16.219392">
				<ele>520.11</ele>
				<time>2025-02-23T08:14:10Z</time>
			</trkpt>
			<trkpt lat="48.111386" lon="16.219322">
				<ele>520.38</ele>
				<time>2025-02-23T08:14:13Z</time>
			</trkpt>
			<trkpt lat="48.111336" lon="16.219236">
				<ele>520.57</ele>
				<time>2025-02-23T08:14:16Z</time>
			</trkpt>
			<trkpt lat="48.111297" lon="16.219176">
				<ele>520.69</ele>
				<time>2025-02-23T08:14:18Z</time>
			</trkpt>
			<trkpt lat="48.111261" lon="16.219103">
				<ele>520.73</ele>
				<time>2025-02-23T08:14:20Z</time>
			</trkpt>
			<trkpt lat="48.111215" lon="16.219039">
				<ele>520.71</ele>
				<time>2025-02-23T08:14:22Z</time>
			</trkpt>
			<trkpt lat="48.111165" lon="16.218964">
				<ele>520.63</ele>
				<time>2025-02-23T08:14:24Z</time>
			</trkpt>
			<trkpt lat="48.111124" lon="16.218911">
				<ele>520.5</ele>
				<time>2025-02-23T08:14:26Z</time>
			</trkpt>
			<trkpt lat="48.111072" lon="16.218867">
				<ele>520.34</ele>
				<time>2025-02-23T08:14:28Z</time>
			</trkpt>
			<trkpt lat="48.111026" lon="16.218813">
				<ele>520.13</ele>
				<time>2025-02-23T08:14:30Z</time>
			</trkpt>
			<trkpt lat="48.110986" lon="16.218756">
				<ele>519.94</ele>
				<time>2025-02-23T08:14:32Z</time>
			</trkpt>
			<trkpt lat="48.110941" lon="16.218704">
				<ele>519.73</ele>
				<time>2025-02-23T08:14:34Z</time>
			</trkpt>
			<trkpt lat="48.110884" lon="16.218625">
				<ele>519.52</ele>
				<time>2025-02-23T08:14:37Z</time>
			</trkpt>
			<trkpt lat="48.110839" lon="16.218577">
				<ele>519.33</ele>
				<time>2025-02-23T08:14:39Z</time>
			</trkpt>
			<trkpt lat="48.110795" lon="16.218524">
				<ele>519.18</ele>
				<time>2025-02-23T08:14:41Z</time>
			</trkpt>
			<trkpt lat="48.110739" lon="16.21845">
				<ele>519.14</ele>
				<time>2025-02-23T08:14:44Z</time>
			</trkpt>
			<trkpt lat="48.110688" lon="16.218379">
				<ele>519.12</ele>
				<time>2025-02-23T08:14:47Z</time>
			</trkpt>
			<trkpt lat="48.110624" lon="16.2183">
				<ele>519.15</ele>
				<time>2025-02-23T08:14:50Z</time>
			</trkpt>
			<trkpt lat="48.110567" lon="16.218234">
				<ele>519.22</ele>
				<time>2025-02-23T08:14:53Z</time>
			</trkpt>
			<trkpt lat="48.110505" lon="16.21817">
				<ele>519.39</ele>
				<time>2025-02-23T08:14:56Z</time>
			</trkpt>
			<trkpt lat="48.110451" lon="16.218107">
				<ele>519.64</ele>
				<time>2025-02-23T08:14:59Z</time>
			</trkpt>
			<trkpt lat="48.110333" lon="16.218002">
				<ele>519.99</ele>
				<time>2025-02-23T08:15:03Z</time>
			</trkpt>
			<trkpt lat="48.110296" lon="16.217954">
				<ele>520.4</ele>
				<time>2025-02-23T08:15:05Z</time>
			</trkpt>
			<trkpt lat="48.110348" lon="16.21798">
				<ele>520.88</ele>
				<time>2025-02-23T08:15:06Z</time>
			</trkpt>
			<trkpt lat="48.110294" lon="16.217916">
				<ele>521.42</ele>
				<time>2025-02-23T08:15:08Z</time>
			</trkpt>
			<trkpt lat="48.110231" lon="16.217856">
				<ele>522.03</ele>
				<time>2025-02-23T08:15:12Z</time>
			</trkpt>
			<trkpt lat="48.110166" lon="16.217822">
				<ele>522.69</ele>
				<time>2025-02-23T08:15:15Z</time>
			</trkpt>
			<trkpt lat="48.110105" lon="16.217804">
				<ele>523.36</ele>
				<time>2025-02-23T08:15:18Z</time>
			</trkpt>
			<trkpt lat="48.110047" lon="16.217763">
				<ele>524.01</ele>
				<time>2025-02-23T08:15:21Z</time>
			</trkpt>
			<trkpt lat="48.109979" lon="16.217726">
				<ele>524.71</ele>
				<time>2025-02-23T08:15:25Z</time>
			</trkpt>
			<trkpt lat="48.109915" lon="16.217692">
				<ele>525.43</ele>
				<time>2025-02-23T08:15:28Z</time>
			</trkpt>
			<trkpt lat="48.109854" lon="16.217663">
				<ele>526.17</ele>
				<time>2025-02-23T08:15:31Z</time>
			</trkpt>
			<trkpt lat="48.10979" lon="16.217619">
				<ele>526.86</ele>
				<time>2025-02-23T08:15:34Z</time>
			</trkpt>
			<trkpt lat="48.109725" lon="16.217588">
				<ele>527.52</ele>
				<time>2025-02-23T08:15:37Z</time>
			</trkpt>
			<trkpt lat="48.109668" lon="16.217556">
				<ele>528.15</ele>
				<time>2025-02-23T08:15:40Z</time>
			</trkpt>
			<trkpt lat="48.109601" lon="16.217539">
				<ele>528.74</ele>
				<time>2025-02-23T08:15:43Z</time>
			</trkpt>
			<trkpt lat="48.109541" lon="16.217491">
				<ele>529.31</ele>
				<time>2025-02-23T08:15:46Z</time>
			</trkpt>
			<trkpt lat="48.109465" lon="16.217453">
				<ele>529.85</ele>
				<time>2025-02-23T08:15:49Z</time>
			</trkpt>
			<trkpt lat="48.109417" lon="16.217412">
				<ele>530.36</ele>
				<time>2025-02-23T08:15:52Z</time>
			</trkpt>
			<trkpt lat="48.10935" lon="16.217381">
				<ele>530.86</ele>
				<time>2025-02-23T08:15:55Z</time>
			</trkpt>
			<trkpt lat="48.109278" lon="16.217344">
				<ele>531.35</ele>
				<time>2025-02-23T08:15:58Z</time>
			</trkpt>
			<trkpt lat="48.109221" lon="16.21731">
				<ele>531.85</ele>
				<time>2025-02-23T08:16:01Z</time>
			</trkpt>
			<trkpt lat="48.10915" lon="16.217276">
				<ele>532.3</ele>
				<time>2025-02-23T08:16:04Z</time>
			</trkpt>
			<trkpt lat="48.10908" lon="16.217233">
				<ele>532.75</ele>
				<time>2025-02-23T08:16:07Z</time>
			</trkpt>
			<trkpt lat="48.109022" lon="16.217191">
				<ele>533.19</ele>
				<time>2025-02-23T08:16:10Z</time>
			</trkpt>
			<trkpt lat="48.108965" lon="16.217166">
				<ele>533.62</ele>
				<time>2025-02-23T08:16:13Z</time>
			</trkpt>
			<trkpt lat="48.108904" lon="16.217118">
				<ele>534.04</ele>
				<time>2025-02-23T08:16:16Z</time>
			</trkpt>
			<trkpt lat="48.108846" lon="16.21707">
				<ele>534.45</ele>
				<time>2025-02-23T08:16:19Z</time>
			</trkpt>
			<trkpt lat="48.108775" lon="16.217025">
				<ele>534.83</ele>
				<time>2025-02-23T08:16:22Z</time>
			</trkpt>
			<trkpt lat="48.108726" lon="16.216968">
				<ele>535.19</ele>
				<time>2025-02-23T08:16:25Z</time>
			</trkpt>
			<trkpt lat="48.108681" lon="16.2169">
				<ele>535.52</ele>
				<time>2025-02-23T08:16:27Z</time>
			</trkpt>
			<trkpt lat="48.108641" lon="16.216812">
				<ele>535.81</ele>
				<time>2025-02-23T08:16:31Z</time>
			</trkpt>
			<trkpt lat="48.108596" lon="16.216714">
				<ele>536.04</ele>
				<time>2025-02-23T08:16:34Z</time>
			</trkpt>
			<trkpt lat="48.108548" lon="16.216617">
				<ele>536.22</ele>
				<time>2025-02-23T08:16:37Z</time>
			</trkpt>
			<trkpt lat="48.108495" lon="16.216552">
				<ele>536.34</ele>
				<time>2025-02-23T08:16:40Z</time>
			</trkpt>
			<trkpt lat="48.108455" lon="16.216464">
				<ele>536.41</ele>
				<time>2025-02-23T08:16:43Z</time>
			</trkpt>
			<trkpt lat="48.108421" lon="16.216383">
				<ele>536.4</ele>
				<time>2025-02-23T08:16:46Z</time>
			</trkpt>
			<trkpt lat="48.108383" lon="16.216321">
				<ele>536.32</ele>
				<time>2025-02-23T08:16:48Z</time>
			</trkpt>
			<trkpt lat="48.108333" lon="16.216249">
				<ele>536.16</ele>
				<time>2025-02-23T08:16:51Z</time>
			</trkpt>
			<trkpt lat="48.108294" lon="16.216162">
				<ele>535.93</ele>
				<time>2025-02-23T08:16:54Z</time>
			</trkpt>
			<trkpt lat="48.108266" lon="16.216085">
				<ele>535.61</ele>
				<time>2025-02-23T08:16:56Z</time>
			</trkpt>
			<trkpt lat="48.108191" lon="16.21611">
				<ele>535.23</ele>
				<time>2025-02-23T08:16:58Z</time>
			</trkpt>
			<trkpt lat="48.108138" lon="16.216018">
				<ele>534.78</ele>
				<time>2025-02-23T08:17:00Z</time>
			</trkpt>
			<trkpt lat="48.108109" lon="16.215913">
				<ele>534.29</ele>
				<time>2025-02-23T08:17:03Z</time>
			</trkpt>
			<trkpt lat="48.108083" lon="16.215803">
				<ele>533.77</ele>
				<time>2025-02-23T08:17:06Z</time>
			</trkpt>
			<trkpt lat="48.108062" lon="16.21571">
				<ele>533.24</ele>
				<time>2025-02-23T08:17:09Z</time>
			</trkpt>
			<trkpt lat="48.108031" lon="16.21561">
				<ele>532.69</ele>
				<time>2025-02-23T08:17:12Z</time>
			</trkpt>
			<trkpt lat="48.10801" lon="16.21553">
				<ele>532.13</ele>
				<time>2025-02-23T08:17:15Z</time>
			</trkpt>
			<trkpt lat="48.107986" lon="16.215419">
				<ele>531.56</ele>
				<time>2025-02-23T08:17:18Z</time>
			</trkpt>
			<trkpt lat="48.107969" lon="16.215327">
				<ele>531.0</ele>
				<time>2025-02-23T08:17:20Z</time>
			</trkpt>
			<trkpt lat="48.107949" lon="16.215241">
				<ele>530.48</ele>
				<time>2025-02-23T08:17:22Z</time>
			</trkpt>
			<trkpt lat="48.10795" lon="16.215151">
				<ele>529.99</ele>
				<time>2025-02-23T08:17:24Z</time>
			</trkpt>
			<trkpt lat="48.107944" lon="16.215055">
				<ele>529.52</ele>
				<time>2025-02-23T08:17:26Z</time>
			</trkpt>
			<trkpt lat="48.107929" lon="16.214947">
				<ele>529.09</ele>
				<time>2025-02-23T08:17:28Z</time>
			</trkpt>
			<trkpt lat="48.107924" lon="16.214821">
				<ele>528.72</ele>
				<time>2025-02-23T08:17:31Z</time>
			</trkpt>
			<trkpt lat="48.107913" lon="16.214734">
				<ele>528.38</ele>
				<time>2025-02-23T08:17:33Z</time>
			</trkpt>
			<trkpt lat="48.107902" lon="16.214642">
				<ele>528.08</ele>
				<time>2025-02-23T08:17:35Z</time>
			</trkpt>
			<trkpt lat="48.107883" lon="16.214564">
				<ele>527.81</ele>
				<time>2025-02-23T08:17:37Z</time>
			</trkpt>
			<trkpt lat="48.10787" lon="16.214447">
				<ele>527.56</ele>
				<time>2025-02-23T08:17:40Z</time>
			</trkpt>
			<trkpt lat="48.10786" lon="16.214327">
				<ele>527.35</ele>
				<time>2025-02-23T08:17:43Z</time>
			</trkpt>
			<trkpt lat="48.107856" lon="16.214247">
				<ele>527.17</ele>
				<time>2025-02-23T08:17:45Z</time>
			</trkpt>
			<trkpt lat="48.107846" lon="16.21415">
				<ele>527.02</ele>
				<time>2025-02-23T08:17:48Z</time>
			</trkpt>
			<trkpt lat="48.107835" lon="16.214051">
				<ele>526.89</ele>
				<time>2025-02-23T08:17:51Z</time>
			</trkpt>
			<trkpt lat="48.107821" lon="16.213922">
				<ele>526.77</ele>
				<time>2025-02-23T08:17:54Z</time>
			</trkpt>
			<trkpt lat="48.107818" lon="16.213839">
				<ele>526.67</ele>
				<time>2025-02-23T08:17:56Z</time>
			</trkpt>
			<trkpt lat="48.107818" lon="16.21375">
				<ele>526.58</ele>
				<time>2025-02-23T08:17:58Z</time>
			</trkpt>
			<trkpt lat="48.10781" lon="16.213669">
				<ele>526.52</ele>
				<time>2025-02-23T08:18:00Z</time>
			</trkpt>
			<trkpt lat="48.107812" lon="16.213574">
				<ele>526.46</ele>
				<time>2025-02-23T08:18:02Z</time>
			</trkpt>
			<trkpt lat="48.107797" lon="16.213458">
				<ele>526.41</ele>
				<time>2025-02-23T08:18:05Z</time>
			</trkpt>
			<trkpt lat="48.107788" lon="16.213337">
				<ele>526.36</ele>
				<time>2025-02-23T08:18:08Z</time>
			</trkpt>
			<trkpt lat="48.107789" lon="16.213248">
				<ele>526.31</ele>
				<time>2025-02-23T08:18:10Z</time>
			</trkpt>
			<trkpt lat="48.10778" lon="16.213162">
				<ele>526.25</ele>
				<time>2025-02-23T08:18:12Z</time>
			</trkpt>
			<trkpt lat="48.107762" lon="16.213049">
				<ele>526.19</ele>
				<time>2025-02-23T08:18:15Z</time>
			</trkpt>
			<trkpt lat="48.107772" lon="16.212956">
				<ele>526.1</ele>
				<time>2025-02-23T08:18:17Z</time>
			</trkpt>
			<trkpt lat="48.107782" lon="16.212866">
				<ele>526.0</ele>
				<time>2025-02-23T08:18:19Z</time>
			</trkpt>
			<trkpt lat="48.107783" lon="16.212753">
				<ele>525.86</ele>
				<time>2025-02-23T08:18:22Z</time>
			</trkpt>
			<trkpt lat="48.107792" lon="16.212647">
				<ele>525.71</ele>
				<time>2025-02-23T08:18:25Z</time>
			</trkpt>
			<trkpt lat="48.107799" lon="16.212543">
				<ele>525.53</ele>
				<time>2025-02-23T08:18:27Z</time>
			</trkpt>
			<trkpt lat="48.107801" lon="16.212427">
				<ele>525.31</ele>
				<time>2025-02-23T08:18:30Z</time>
			</trkpt>
			<trkpt lat="48.107805" lon="16.212334">
				<ele>525.06</ele>
				<time>2025-02-23T08:18:32Z</time>
			</trkpt>
			<trkpt lat="48.107803" lon="16.21221">
				<ele>524.8</ele>
				<time>2025-02-23T08:18:35Z</time>
			</trkpt>
			<trkpt lat="48.107778" lon="16.212084">
				<ele>524.54</ele>
				<time>2025-02-23T08:18:38Z</time>
			</trkpt>
			<trkpt lat="48.107751" lon="16.212009">
				<ele>524.28</ele>
				<time>2025-02-23T08:18:40Z</time>
			</trkpt>
			<trkpt lat="48.107698" lon="16.211938">
				<ele>524.02</ele>
				<time>2025-02-23T08:18:43Z</time>
			</trkpt>
			<trkpt lat="48.107687" lon="16.211855">
				<ele>523.76</ele>
				<time>2025-02-23T08:18:45Z</time>
			</trkpt>
			<trkpt lat="48.107728" lon="16.211737">
				<ele>523.5</ele>
				<time>2025-02-23T08:18:48Z</time>
			</trkpt>
			<trkpt lat="48.107745" lon="16.211653">
				<ele>523.28</ele>
				<time>2025-02-23T08:18:50Z</time>
			</trkpt>
			<trkpt lat="48.107743" lon="16.21157">
				<ele>523.08</ele>
				<time>2025-02-23T08:18:52Z</time>
			</trkpt>
			<trkpt lat="48.107754" lon="16.21149">
				<ele>522.92</ele>
				<time>2025-02-23T08:18:54Z</time>
			</trkpt>
			<trkpt lat="48.107781" lon="16.211374">
				<ele>522.79</ele>
				<time>2025-02-23T08:18:57Z</time>
			</trkpt>
			<trkpt lat="48.107784" lon="16.211288">
				<ele>522.72</ele>
				<time>2025-02-23T08:18:59Z</time>
			</trkpt>
			<trkpt lat="48.107797" lon="16.211205">
				<ele>522.71</ele>
				<time>2025-02-23T08:19:01Z</time>
			</trkpt>
			<trkpt lat="48.107805" lon="16.211089">
				<ele>522.75</ele>
				<time>2025-02-23T08:19:04Z</time>
			</trkpt>
			<trkpt lat="48.107811" lon="16.210969">
				<ele>522.85</ele>
				<time>2025-02-23T08:19:07Z</time>
			</trkpt>
			<trkpt lat="48.107813" lon="16.210855">
				<ele>522.98</ele>
				<time>2025-02-23T08:19:10Z</time>
			</trkpt>
			<trkpt lat="48.107816" lon="16.210772">
				<ele>523.16</ele>
				<time>2025-02-23T08:19:12Z</time>
			</trkpt>
			<trkpt lat="48.107815" lon="16.210688">
				<ele>523.39</ele>
				<time>2025-02-23T08:19:14Z</time>
			</trkpt>
			<trkpt lat="48.107819" lon="16.210576">
				<ele>523.68</ele>
				<time>2025-02-23T08:19:17Z</time>
			</trkpt>
			<trkpt lat="48.10781" lon="16.210475">
				<ele>524.02</ele>
				<time>2025-02-23T08:19:20Z</time>
			</trkpt>
			<trkpt lat="48.107819" lon="16.210371">
				<ele>524.4</ele>
				<time>2025-02-23T08:19:23Z</time>
			</trkpt>
			<trkpt lat="48.107799" lon="16.210267">
				<ele>524.8</ele>
				<time>2025-02-23T08:19:26Z</time>
			</trkpt>
			<trkpt lat="48.107781" lon="16.210172">
				<ele>525.25</ele>
				<time>2025-02-23T08:19:29Z</time>
			</trkpt>
			<trkpt lat="48.107755" lon="16.210081">
				<ele>525.72</ele>
				<time>2025-02-23T08:19:32Z</time>
			</trkpt>
			<trkpt lat="48.10773" lon="16.209972">
				<ele>526.23</ele>
				<time>2025-02-23T08:19:35Z</time>
			</trkpt>
			<trkpt lat="48.107692" lon="16.209873">
				<ele>526.74</ele>
				<time>2025-02-23T08:19:38Z</time>
			</trkpt>
			<trkpt lat="48.107664" lon="16.209777">
				<ele>527.27</ele>
				<time>2025-02-23T08:19:41Z</time>
			</trkpt>
			<trkpt lat="48.107628" lon="16.20969">
				<ele>527.8</ele>
				<time>2025-02-23T08:19:44Z</time>
			</trkpt>
			<trkpt lat="48.107596" lon="16.209602">
				<ele>528.35</ele>
				<time>2025-02-23T08:19:47Z</time>
			</trkpt>
			<trkpt lat="48.10757" lon="16.209523">
				<ele>528.89</ele>
				<time>2025-02-23T08:19:50Z</time>
			</trkpt>
			<trkpt lat="48.107543" lon="16.209434">
				<ele>529.42</ele>
				<time>2025-02-23T08:19:53Z</time>
			</trkpt>
			<trkpt lat="48.107524" lon="16.209345">
				<ele>529.96</ele>
				<time>2025-02-23T08:19:56Z</time>
			</trkpt>
			<trkpt lat="48.107519" lon="16.209255">
				<ele>530.49</ele>
				<time>2025-02-23T08:19:59Z</time>
			</trkpt>
			<trkpt lat="48.1075" lon="16.209151">
				<ele>531.05</ele>
				<time>2025-02-23T08:20:02Z</time>
			</trkpt>
			<trkpt lat="48.107486" lon="16.209052">
				<ele>531.6</ele>
				<time>2025-02-23T08:20:05Z</time>
			</trkpt>
			<trkpt lat="48.107473" lon="16.20896">
				<ele>532.14</ele>
				<time>2025-02-23T08:20:08Z</time>
			</trkpt>
			<trkpt lat="48.107457" lon="16.20887">
				<ele>532.69</ele>
				<time>2025-02-23T08:20:11Z</time>
			</trkpt>
			<trkpt lat="48.107442" lon="16.208777">
				<ele>533.25</ele>
				<time>2025-02-23T08:20:14Z</time>
			</trkpt>
			<trkpt lat="48.107434" lon="16.208681">
				<ele>533.82</ele>
				<time>2025-02-23T08:20:17Z</time>
			</trkpt>
			<trkpt lat="48.107426" lon="16.208582">
				<ele>534.38</ele>
				<time>2025-02-23T08:20:20Z</time>
			</trkpt>
			<trkpt lat="48.107413" lon="16.208495">
				<ele>534.93</ele>
				<time>2025-02-23T08:20:23Z</time>
			</trkpt>
			<trkpt lat="48.107407" lon="16.208414">
				<ele>535.49</ele>
				<time>2025-02-23T08:20:26Z</time>
			</trkpt>
			<trkpt lat="48.1074" lon="16.208315">
				<ele>536.05</ele>
				<time>2025-02-23T08:20:29Z</time>
			</trkpt>
			<trkpt lat="48.107396" lon="16.208224">
				<ele>536.62</ele>
				<time>2025-02-23T08:20:32Z</time>
			</trkpt>
			<trkpt lat="48.107385" lon="16.208135">
				<ele>537.18</ele>
				<time>2025-02-23T08:20:35Z</time>
			</trkpt>
			<trkpt lat="48.107374" lon="16.208043">
				<ele>537.73</ele>
				<time>2025-02-23T08:20:38Z</time>
			</trkpt>
			<trkpt lat="48.107365" lon="16.207945">
				<ele>538.28</ele>
				<time>2025-02-23T08:20:41Z</time>
			</trkpt>
			<trkpt lat="48.107351" lon="16.207858">
				<ele>538.83</ele>
				<time>2025-02-23T08:20:44Z</time>
			</trkpt>
			<trkpt lat="48.107351" lon="16.207767">
				<ele>539.38</ele>
				<time>2025-02-23T08:20:47Z</time>
			</trkpt>
			<trkpt lat="48.10733" lon="16.207678">
				<ele>539.96</ele>
				<time>2025-02-23T08:20:50Z</time>
			</trkpt>
			<trkpt lat="48.107319" lon="16.207588">
				<ele>540.52</ele>
				<time>2025-02-23T08:20:53Z</time>
			</trkpt>
			<trkpt lat="48.107293" lon="16.207513">
				<ele>541.1</ele>
				<time>2025-02-23T08:20:56Z</time>
			</trkpt>
			<trkpt lat="48.107291" lon="16.207425">
				<ele>541.67</ele>
				<time>2025-02-23T08:20:59Z</time>
			</trkpt>
			<trkpt lat="48.107291" lon="16.207333">
				<ele>542.27</ele>
				<time>2025-02-23T08:21:02Z</time>
			</trkpt>
			<trkpt lat="48.10727" lon="16.207253">
				<ele>542.88</ele>
				<time>2025-02-23T08:21:05Z</time>
			</trkpt>
			<trkpt lat="48.107239" lon="16.207165">
				<ele>543.49</ele>
				<time>2025-02-23T08:21:08Z</time>
			</trkpt>
			<trkpt lat="48.10722" lon="16.207073">
				<ele>544.13</ele>
				<time>2025-02-23T08:21:11Z</time>
			</trkpt>
			<trkpt lat="48.107201" lon="16.206994">
				<ele>544.78</ele>
				<time>2025-02-23T08:21:14Z</time>
			</trkpt>
			<trkpt lat="48.10717" lon="16.206893">
				<ele>545.44</ele>
				<time>2025-02-23T08:21:18Z</time>
			</trkpt>
			<trkpt lat="48.107143" lon="16.206792">
				<ele>546.07</ele>
				<time>2025-02-23T08:21:22Z</time>
			</trkpt>
			<trkpt lat="48.107118" lon="16.206692">
				<ele>546.74</ele>
				<time>2025-02-23T08:21:26Z</time>
			</trkpt>
			<trkpt lat="48.107089" lon="16.206598">
				<ele>547.41</ele>
				<time>2025-02-23T08:21:30Z</time>
			</trkpt>
			<trkpt lat="48.107044" lon="16.206529">
				<ele>548.08</ele>
				<time>2025-02-23T08:21:34Z</time>
			</trkpt>
			<trkpt lat="48.107013" lon="16.20646">
				<ele>548.75</ele>
				<time>2025-02-23T08:21:37Z</time>
			</trkpt>
			<trkpt lat="48.106983" lon="16.206374">
				<ele>549.43</ele>
				<time>2025-02-23T08:21:40Z</time>
			</trkpt>
			<trkpt lat="48.106939" lon="16.20631">
				<ele>550.1</ele>
				<time>2025-02-23T08:21:43Z</time>
			</trkpt>
			<trkpt lat="48.106905" lon="16.206228">
				<ele>550.77</ele>
				<time>2025-02-23T08:21:46Z</time>
			</trkpt>
			<trkpt lat="48.106863" lon="16.206149">
				<ele>551.43</ele>
				<time>2025-02-23T08:21:49Z</time>
			</trkpt>
			<trkpt lat="48.106831" lon="16.20606">
				<ele>552.1</ele>
				<time>2025-02-23T08:21:52Z</time>
			</trkpt>
			<trkpt lat="48.106801" lon="16.20598">
				<ele>552.74</ele>
				<time>2025-02-23T08:21:55Z</time>
			</trkpt>
			<trkpt lat="48.106764" lon="16.205906">
				<ele>553.38</ele>
				<time>2025-02-23T08:21:58Z</time>
			</trkpt>
			<trkpt lat="48.10674" lon="16.205818">
				<ele>554.02</ele>
				<time>2025-02-23T08:22:01Z</time>
			</trkpt>
			<trkpt lat="48.1067" lon="16.205746">
				<ele>554.66</ele>
				<time>2025-02-23T08:22:04Z</time>
			</trkpt>
			<trkpt lat="48.106672" lon="16.205672">
				<ele>555.29</ele>
				<time>2025-02-23T08:22:07Z</time>
			</trkpt>
			<trkpt lat="48.106643" lon="16.205591">
				<ele>555.9</ele>
				<time>2025-02-23T08:22:10Z</time>
			</trkpt>
			<trkpt lat="48.106611" lon="16.205518">
				<ele>556.5</ele>
				<time>2025-02-23T08:22:13Z</time>
			</trkpt>
			<trkpt lat="48.106578" lon="16.205443">
				<ele>557.08</ele>
				<time>2025-02-23T08:22:16Z</time>
			</trkpt>
			<trkpt lat="48.106548" lon="16.205364">
				<ele>557.64</ele>
				<time>2025-02-23T08:22:19Z</time>
			</trkpt>
			<trkpt lat="48.106515" lon="16.205288">
				<ele>558.2</ele>
				<time>2025-02-23T08:22:22Z</time>
			</trkpt>
			<trkpt lat="48.106482" lon="16.205208">
				<ele>558.72</ele>
				<time>2025-02-23T08:22:25Z</time>
			</trkpt>
			<trkpt lat="48.106449" lon="16.205125">
				<ele>559.22</ele>
				<time>2025-02-23T08:22:28Z</time>
			</trkpt>
			<trkpt lat="48.10641" lon="16.205051">
				<ele>559.69</ele>
				<time>2025-02-23T08:22:31Z</time>
			</trkpt>
			<trkpt lat="48.106381" lon="16.204977">
				<ele>560.14</ele>
				<time>2025-02-23T08:22:34Z</time>
			</trkpt>
			<trkpt lat="48.106344" lon="16.204902">
				<ele>560.57</ele>
				<time>2025-02-23T08:22:37Z</time>
			</trkpt>
			<trkpt lat="48.10631" lon="16.204828">
				<ele>560.96</ele>
				<time>2025-02-23T08:22:40Z</time>
			</trkpt>
			<trkpt lat="48.106274" lon="16.204754">
				<ele>561.35</ele>
				<time>2025-02-23T08:22:43Z</time>
			</trkpt>
			<trkpt lat="48.106237" lon="16.204669">
				<ele>561.73</ele>
				<time>2025-02-23T08:22:46Z</time>
			</trkpt>
			<trkpt lat="48.106199" lon="16.204586">
				<ele>562.11</ele>
				<time>2025-02-23T08:22:49Z</time>
			</trkpt>
			<trkpt lat="48.10617" lon="16.204502">
				<ele>562.48</ele>
				<time>2025-02-23T08:22:52Z</time>
			</trkpt>
			<trkpt lat="48.106129" lon="16.204425">
				<ele>562.84</ele>
				<time>2025-02-23T08:22:55Z</time>
			</trkpt>
			<trkpt lat="48.106092" lon="16.204349">
				<ele>563.2</ele>
				<time>2025-02-23T08:22:58Z</time>
			</trkpt>
			<trkpt lat="48.106058" lon="16.204265">
				<ele>563.55</ele>
				<time>2025-02-23T08:23:01Z</time>
			</trkpt>
			<trkpt lat="48.106021" lon="16.204181">
				<ele>563.91</ele>
				<time>2025-02-23T08:23:04Z</time>
			</trkpt>
			<trkpt lat="48.105988" lon="16.204096">
				<ele>564.26</ele>
				<time>2025-02-23T08:23:07Z</time>
			</trkpt>
			<trkpt lat="48.105957" lon="16.204001">
				<ele>564.59</ele>
				<time>2025-02-23T08:23:10Z</time>
			</trkpt>
			<trkpt lat="48.105927" lon="16.20393">
				<ele>564.89</ele>
				<time>2025-02-23T08:23:13Z</time>
			</trkpt>
			<trkpt lat="48.105881" lon="16.203833">
				<ele>565.16</ele>
				<time>2025-02-23T08:23:16Z</time>
			</trkpt>
			<trkpt lat="48.105849" lon="16.203747">
				<ele>565.4</ele>
				<time>2025-02-23T08:23:19Z</time>
			</trkpt>
			<trkpt lat="48.105812" lon="16.203653">
				<ele>565.56</ele>
				<time>2025-02-23T08:23:22Z</time>
			</trkpt>
			<trkpt lat="48.105773" lon="16.203562">
				<ele>565.68</ele>
				<time>2025-02-23T08:23:25Z</time>
			</trkpt>
			<trkpt lat="48.105742" lon="16.203457">
				<ele>565.75</ele>
				<time>2025-02-23T08:23:28Z</time>
			</trkpt>
			<trkpt lat="48.105712" lon="16.203365">
				<ele>565.77</ele>
				<time>2025-02-23T08:23:31Z</time>
			</trkpt>
			<trkpt lat="48.105696" lon="16.203282">
				<ele>565.75</ele>
				<time>2025-02-23T08:23:33Z</time>
			</trkpt>
			<trkpt lat="48.105657" lon="16.203191">
				<ele>565.66</ele>
				<time>2025-02-23T08:23:36Z</time>
			</trkpt>
			<trkpt lat="48.105608" lon="16.20309">
				<ele>565.54</ele>
				<time>2025-02-23T08:23:39Z</time>
			</trkpt>
			<trkpt lat="48.105581" lon="16.203018">
				<ele>565.37</ele>
				<time>2025-02-23T08:23:41Z</time>
			</trkpt>
			<trkpt lat="48.105546" lon="16.202915">
				<ele>565.17</ele>
				<time>2025-02-23T08:23:44Z</time>
			</trkpt>
			<trkpt lat="48.105505" lon="16.202822">
				<ele>564.95</ele>
				<time>2025-02-23T08:23:47Z</time>
			</trkpt>
			<trkpt lat="48.105487" lon="16.202735">
				<ele>564.72</ele>
				<time>2025-02-23T08:23:49Z</time>
			</trkpt>
			<trkpt lat="48.105462" lon="16.202663">
				<ele>564.47</ele>
				<time>2025-02-23T08:23:51Z</time>
			</trkpt>
			<trkpt lat="48.105434" lon="16.202586">
				<ele>564.23</ele>
				<time>2025-02-23T08:23:53Z</time>
			</trkpt>
			<trkpt lat="48.105408" lon="16.20251">
				<ele>563.99</ele>
				<time>2025-02-23T08:23:55Z</time>
			</trkpt>
			<trkpt lat="48.105364" lon="16.202406">
				<ele>563.75</ele>
				<time>2025-02-23T08:23:58Z</time>
			</trkpt>
			<trkpt lat="48.105338" lon="16.202331">
				<ele>563.51</ele>
				<time>2025-02-23T08:24:00Z</time>
			</trkpt>
			<trkpt lat="48.105308" lon="16.202255">
				<ele>563.28</ele>
				<time>2025-02-23T08:24:02Z</time>
			</trkpt>
			<trkpt lat="48.105285" lon="16.202176">
				<ele>563.05</ele>
				<time>2025-02-23T08:24:04Z</time>
			</trkpt>
			<trkpt lat="48.105246" lon="16.202069">
				<ele>562.81</ele>
				<time>2025-02-23T08:24:07Z</time>
			</trkpt>
			<trkpt lat="48.105211" lon="16.201964">
				<ele>562.54</ele>
				<time>2025-02-23T08:24:10Z</time>
			</trkpt>
			<trkpt lat="48.105184" lon="16.201893">
				<ele>562.31</ele>
				<time>2025-02-23T08:24:12Z</time>
			</trkpt>
			<trkpt lat="48.105158" lon="16.20182">
				<ele>562.07</ele>
				<time>2025-02-23T08:24:14Z</time>
			</trkpt>
			<trkpt lat="48.105134" lon="16.201742">
				<ele>561.81</ele>
				<time>2025-02-23T08:24:16Z</time>
			</trkpt>
			<trkpt lat="48.105101" lon="16.20163">
				<ele>561.55</ele>
				<time>2025-02-23T08:24:19Z</time>
			</trkpt>
			<trkpt lat="48.105062" lon="16.201529">
				<ele>561.28</ele>
				<time>2025-02-23T08:24:22Z</time>
			</trkpt>
			<trkpt lat="48.105038" lon="16.201449">
				<ele>561.03</ele>
				<time>2025-02-23T08:24:24Z</time>
			</trkpt>
			<trkpt lat="48.105004" lon="16.201342">
				<ele>560.79</ele>
				<time>2025-02-23T08:24:27Z</time>
			</trkpt>
			<trkpt lat="48.10498" lon="16.201264">
				<ele>560.56</ele>
				<time>2025-02-23T08:24:29Z</time>
			</trkpt>
			<trkpt lat="48.104942" lon="16.201155">
				<ele>560.34</ele>
				<time>2025-02-23T08:24:32Z</time>
			</trkpt>
			<trkpt lat="48.104911" lon="16.201084">
				<ele>560.13</ele>
				<time>2025-02-23T08:24:34Z</time>
			</trkpt>
			<trkpt lat="48.104879" lon="16.201015">
				<ele>559.94</ele>
				<time>2025-02-23T08:24:36Z</time>
			</trkpt>
			<trkpt lat="48.10486" lon="16.200938">
				<ele>559.77</ele>
				<time>2025-02-23T08:24:38Z</time>
			</trkpt>
			<trkpt lat="48.104833" lon="16.20086">
				<ele>559.61</ele>
				<time>2025-02-23T08:24:40Z</time>
			</trkpt>
			<trkpt lat="48.104793" lon="16.200762">
				<ele>559.48</ele>
				<time>2025-02-23T08:24:43Z</time>
			</trkpt>
			<trkpt lat="48.104767" lon="16.200689">
				<ele>559.35</ele>
				<time>2025-02-23T08:24:45Z</time>
			</trkpt>
			<trkpt lat="48.104729" lon="16.200586">
				<ele>559.26</ele>
				<time>2025-02-23T08:24:48Z</time>
			</trkpt>
			<trkpt lat="48.104695" lon="16.200481">
				<ele>559.18</ele>
				<time>2025-02-23T08:24:51Z</time>
			</trkpt>
			<trkpt lat="48.104659" lon="16.200375">
				<ele>559.12</ele>
				<time>2025-02-23T08:24:54Z</time>
			</trkpt>
			<trkpt lat="48.104625" lon="16.200274">
				<ele>559.07</ele>
				<time>2025-02-23T08:24:57Z</time>
			</trkpt>
			<trkpt lat="48.104595" lon="16.200166">
				<ele>559.03</ele>
				<time>2025-02-23T08:25:00Z</time>
			</trkpt>
			<trkpt lat="48.104569" lon="16.200096">
				<ele>559.01</ele>
				<time>2025-02-23T08:25:02Z</time>
			</trkpt>
			<trkpt lat="48.104536" lon="16.200026">
				<ele>558.99</ele>
				<time>2025-02-23T08:25:04Z</time>
			</trkpt>
			<trkpt lat="48.104501" lon="16.199921">
				<ele>558.98</ele>
				<time>2025-02-23T08:25:07Z</time>
			</trkpt>
			<trkpt lat="48.104468" lon="16.199813">
				<ele>558.96</ele>
				<time>2025-02-23T08:25:10Z</time>
			</trkpt>
			<trkpt lat="48.104427" lon="16.199704">
				<ele>558.95</ele>
				<time>2025-02-23T08:25:13Z</time>
			</trkpt>
			<trkpt lat="48.104389" lon="16.199601">
				<ele>558.92</ele>
				<time>2025-02-23T08:25:16Z</time>
			</trkpt>
			<trkpt lat="48.104363" lon="16.199493">
				<ele>558.89</ele>
				<time>2025-02-23T08:25:19Z</time>
			</trkpt>
			<trkpt lat="48.104343" lon="16.199415">
				<ele>558.85</ele>
				<time>2025-02-23T08:25:21Z</time>
			</trkpt>
			<trkpt lat="48.104289" lon="16.199367">
				<ele>558.8</ele>
				<time>2025-02-23T08:25:24Z</time>
			</trkpt>
			<trkpt lat="48.104269" lon="16.199274">
				<ele>558.75</ele>
				<time>2025-02-23T08:25:27Z</time>
			</trkpt>
			<trkpt lat="48.104244" lon="16.199169">
				<ele>558.7</ele>
				<time>2025-02-23T08:25:30Z</time>
			</trkpt>
			<trkpt lat="48.104208" lon="16.199068">
				<ele>558.65</ele>
				<time>2025-02-23T08:25:33Z</time>
			</trkpt>
			<trkpt lat="48.104174" lon="16.198994">
				<ele>558.58</ele>
				<time>2025-02-23T08:25:35Z</time>
			</trkpt>
			<trkpt lat="48.104138" lon="16.198883">
				<ele>558.51</ele>
				<time>2025-02-23T08:25:38Z</time>
			</trkpt>
			<trkpt lat="48.104108" lon="16.198799">
				<ele>558.43</ele>
				<time>2025-02-23T08:25:40Z</time>
			</trkpt>
			<trkpt lat="48.104084" lon="16.198722">
				<ele>558.33</ele>
				<time>2025-02-23T08:25:42Z</time>
			</trkpt>
			<trkpt lat="48.104054" lon="16.19864">
				<ele>558.26</ele>
				<time>2025-02-23T08:25:44Z</time>
			</trkpt>
			<trkpt lat="48.104033" lon="16.198556">
				<ele>558.16</ele>
				<time>2025-02-23T08:25:46Z</time>
			</trkpt>
			<trkpt lat="48.104014" lon="16.198479">
				<ele>558.09</ele>
				<time>2025-02-23T08:25:48Z</time>
			</trkpt>
			<trkpt lat="48.104" lon="16.198389">
				<ele>558.03</ele>
				<time>2025-02-23T08:25:50Z</time>
			</trkpt>
			<trkpt lat="48.103977" lon="16.198307">
				<ele>557.99</ele>
				<time>2025-02-23T08:25:52Z</time>
			</trkpt>
			<trkpt lat="48.103948" lon="16.198195">
				<ele>557.92</ele>
				<time>2025-02-23T08:25:55Z</time>
			</trkpt>
			<trkpt lat="48.103939" lon="16.198086">
				<ele>557.87</ele>
				<time>2025-02-23T08:25:58Z</time>
			</trkpt>
			<trkpt lat="48.103918" lon="16.19801">
				<ele>557.83</ele>
				<time>2025-02-23T08:26:00Z</time>
			</trkpt>
			<trkpt lat="48.103895" lon="16.197905">
				<ele>557.81</ele>
				<time>2025-02-23T08:26:03Z</time>
			</trkpt>
			<trkpt lat="48.103867" lon="16.197787">
				<ele>557.78</ele>
				<time>2025-02-23T08:26:06Z</time>
			</trkpt>
			<trkpt lat="48.103842" lon="16.197707">
				<ele>557.76</ele>
				<time>2025-02-23T08:26:08Z</time>
			</trkpt>
			<trkpt lat="48.103817" lon="16.197598">
				<ele>557.73</ele>
				<time>2025-02-23T08:26:11Z</time>
			</trkpt>
			<trkpt lat="48.103799" lon="16.197518">
				<ele>557.71</ele>
				<time>2025-02-23T08:26:13Z</time>
			</trkpt>
			<trkpt lat="48.103778" lon="16.197411">
				<ele>557.69</ele>
				<time>2025-02-23T08:26:16Z</time>
			</trkpt>
			<trkpt lat="48.103758" lon="16.197314">
				<ele>557.67</ele>
				<time>2025-02-23T08:26:19Z</time>
			</trkpt>
			<trkpt lat="48.103742" lon="16.197235">
				<ele>557.66</ele>
				<time>2025-02-23T08:26:21Z</time>
			</trkpt>
			<trkpt lat="48.103717" lon="16.197132">
				<ele>557.64</ele>
				<time>2025-02-23T08:26:24Z</time>
			</trkpt>
			<trkpt lat="48.103696" lon="16.197019">
				<ele>557.62</ele>
				<time>2025-02-23T08:26:27Z</time>
			</trkpt>
			<trkpt lat="48.103678" lon="16.196907">
				<ele>557.65</ele>
				<time>2025-02-23T08:26:30Z</time>
			</trkpt>
			<trkpt lat="48.103654" lon="16.196797">
				<ele>557.68</ele>
				<time>2025-02-23T08:26:33Z</time>
			</trkpt>
			<trkpt lat="48.103635" lon="16.196719">
				<ele>557.72</ele>
				<time>2025-02-23T08:26:35Z</time>
			</trkpt>
			<trkpt lat="48.103609" lon="16.196616">
				<ele>557.77</ele>
				<time>2025-02-23T08:26:38Z</time>
			</trkpt>
			<trkpt lat="48.103585" lon="16.196511">
				<ele>557.86</ele>
				<time>2025-02-23T08:26:41Z</time>
			</trkpt>
			<trkpt lat="48.103562" lon="16.196406">
				<ele>557.98</ele>
				<time>2025-02-23T08:26:44Z</time>
			</trkpt>
			<trkpt lat="48.103541" lon="16.196298">
				<ele>558.15</ele>
				<time>2025-02-23T08:26:47Z</time>
			</trkpt>
			<trkpt lat="48.103522" lon="16.1962">
				<ele>558.36</ele>
				<time>2025-02-23T08:26:50Z</time>
			</trkpt>
			<trkpt lat="48.1035" lon="16.196102">
				<ele>558.63</ele>
				<time>2025-02-23T08:26:53Z</time>
			</trkpt>
			<trkpt lat="48.103476" lon="16.196011">
				<ele>558.94</ele>
				<time>2025-02-23T08:26:56Z</time>
			</trkpt>
			<trkpt lat="48.103456" lon="16.195914">
				<ele>559.3</ele>
				<time>2025-02-23T08:26:59Z</time>
			</trkpt>
			<trkpt lat="48.103449" lon="16.195815">
				<ele>559.7</ele>
				<time>2025-02-23T08:27:02Z</time>
			</trkpt>
			<trkpt lat="48.103426" lon="16.195721">
				<ele>560.14</ele>
				<time>2025-02-23T08:27:05Z</time>
			</trkpt>
			<trkpt lat="48.103409" lon="16.195623">
				<ele>560.61</ele>
				<time>2025-02-23T08:27:08Z</time>
			</trkpt>
			<trkpt lat="48.103385" lon="16.195531">
				<ele>561.1</ele>
				<time>2025-02-23T08:27:11Z</time>
			</trkpt>
			<trkpt lat="48.103368" lon="16.195437">
				<ele>561.61</ele>
				<time>2025-02-23T08:27:14Z</time>
			</trkpt>
			<trkpt lat="48.10335" lon="16.195349">
				<ele>562.14</ele>
				<time>2025-02-23T08:27:17Z</time>
			</trkpt>
			<trkpt lat="48.103324" lon="16.195254">
				<ele>562.69</ele>
				<time>2025-02-23T08:27:20Z</time>
			</trkpt>
			<trkpt lat="48.103309" lon="16.195164">
				<ele>563.26</ele>
				<time>2025-02-23T08:27:23Z</time>
			</trkpt>
			<trkpt lat="48.103286" lon="16.195075">
				<ele>563.79</ele>
				<time>2025-02-23T08:27:26Z</time>
			</trkpt>
			<trkpt lat="48.103277" lon="16.194975">
				<ele>564.33</ele>
				<time>2025-02-23T08:27:29Z</time>
			</trkpt>
			<trkpt lat="48.103254" lon="16.194887">
				<ele>564.86</ele>
				<time>2025-02-23T08:27:32Z</time>
			</trkpt>
			<trkpt lat="48.103237" lon="16.194796">
				<ele>565.4</ele>
				<time>2025-02-23T08:27:35Z</time>
			</trkpt>
			<trkpt lat="48.103221" lon="16.194707">
				<ele>565.93</ele>
				<time>2025-02-23T08:27:38Z</time>
			</trkpt>
			<trkpt lat="48.103199" lon="16.194633">
				<ele>566.44</ele>
				<time>2025-02-23T08:27:41Z</time>
			</trkpt>
			<trkpt lat="48.103176" lon="16.194556">
				<ele>566.96</ele>
				<time>2025-02-23T08:27:44Z</time>
			</trkpt>
			<trkpt lat="48.103149" lon="16.194479">
				<ele>567.47</ele>
				<time>2025-02-23T08:27:47Z</time>
			</trkpt>
			<trkpt lat="48.103128" lon="16.194394">
				<ele>568.0</ele>
				<time>2025-02-23T08:27:50Z</time>
			</trkpt>
			<trkpt lat="48.103101" lon="16.194309">
				<ele>568.54</ele>
				<time>2025-02-23T08:27:53Z</time>
			</trkpt>
			<trkpt lat="48.103082" lon="16.194218">
				<ele>569.05</ele>
				<time>2025-02-23T08:27:56Z</time>
			</trkpt>
			<trkpt lat="48.103064" lon="16.194127">
				<ele>569.6</ele>
				<time>2025-02-23T08:27:59Z</time>
			</trkpt>
			<trkpt lat="48.103038" lon="16.194051">
				<ele>570.15</ele>
				<time>2025-02-23T08:28:02Z</time>
			</trkpt>
			<trkpt lat="48.103016" lon="16.193968">
				<ele>570.7</ele>
				<time>2025-02-23T08:28:05Z</time>
			</trkpt>
			<trkpt lat="48.102991" lon="16.193883">
				<ele>571.25</ele>
				<time>2025-02-23T08:28:08Z</time>
			</trkpt>
			<trkpt lat="48.102962" lon="16.1938">
				<ele>571.77</ele>
				<time>2025-02-23T08:28:11Z</time>
			</trkpt>
			<trkpt lat="48.102929" lon="16.1937">
				<ele>572.28</ele>
				<time>2025-02-23T08:28:14Z</time>
			</trkpt>
			<trkpt lat="48.102898" lon="16.19362">
				<ele>572.74</ele>
				<time>2025-02-23T08:28:17Z</time>
			</trkpt>
			<trkpt lat="48.102863" lon="16.193531">
				<ele>573.18</ele>
				<time>2025-02-23T08:28:20Z</time>
			</trkpt>
			<trkpt lat="48.102821" lon="16.193463">
				<ele>573.58</ele>
				<time>2025-02-23T08:28:23Z</time>
			</trkpt>
			<trkpt lat="48.102776" lon="16.193376">
				<ele>573.9</ele>
				<time>2025-02-23T08:28:26Z</time>
			</trkpt>
			<trkpt lat="48.102751" lon="16.193303">
				<ele>574.16</ele>
				<time>2025-02-23T08:28:28Z</time>
			</trkpt>
			<trkpt lat="48.102709" lon="16.193219">
				<ele>574.34</ele>
				<time>2025-02-23T08:28:31Z</time>
			</trkpt>
			<trkpt lat="48.102676" lon="16.193141">
				<ele>574.47</ele>
				<time>2025-02-23T08:28:34Z</time>
			</trkpt>
			<trkpt lat="48.102628" lon="16.193047">
				<ele>574.54</ele>
				<time>2025-02-23T08:28:37Z</time>
			</trkpt>
			<trkpt lat="48.102589" lon="16.192956">
				<ele>574.55</ele>
				<time>2025-02-23T08:28:40Z</time>
			</trkpt>
			<trkpt lat="48.102554" lon="16.192853">
				<ele>574.51</ele>
				<time>2025-02-23T08:28:43Z</time>
			</trkpt>
			<trkpt lat="48.102515" lon="16.192762">
				<ele>574.43</ele>
				<time>2025-02-23T08:28:46Z</time>
			</trkpt>
			<trkpt lat="48.102471" lon="16.192661">
				<ele>574.32</ele>
				<time>2025-02-23T08:28:49Z</time>
			</trkpt>
			<trkpt lat="48.102425" lon="16.192565">
				<ele>574.17</ele>
				<time>2025-02-23T08:28:52Z</time>
			</trkpt>
			<trkpt lat="48.102393" lon="16.192489">
				<ele>574.0</ele>
				<time>2025-02-23T08:28:54Z</time>
			</trkpt>
			<trkpt lat="48.102361" lon="16.19239">
				<ele>573.81</ele>
				<time>2025-02-23T08:28:57Z</time>
			</trkpt>
			<trkpt lat="48.102333" lon="16.192312">
				<ele>573.62</ele>
				<time>2025-02-23T08:28:59Z</time>
			</trkpt>
			<trkpt lat="48.102311" lon="16.192235">
				<ele>573.43</ele>
				<time>2025-02-23T08:29:01Z</time>
			</trkpt>
			<trkpt lat="48.102295" lon="16.192152">
				<ele>573.24</ele>
				<time>2025-02-23T08:29:03Z</time>
			</trkpt>
			<trkpt lat="48.102269" lon="16.192042">
				<ele>573.04</ele>
				<time>2025-02-23T08:29:06Z</time>
			</trkpt>
			<trkpt lat="48.102242" lon="16.191937">
				<ele>572.85</ele>
				<time>2025-02-23T08:29:09Z</time>
			</trkpt>
			<trkpt lat="48.102222" lon="16.191824">
				<ele>572.65</ele>
				<time>2025-02-23T08:29:12Z</time>
			</trkpt>
			<trkpt lat="48.102204" lon="16.191711">
				<ele>572.46</ele>
				<time>2025-02-23T08:29:15Z</time>
			</trkpt>
			<trkpt lat="48.10218" lon="16.1916">
				<ele>572.26</ele>
				<time>2025-02-23T08:29:18Z</time>
			</trkpt>
			<trkpt lat="48.102162" lon="16.191496">
				<ele>572.05</ele>
				<time>2025-02-23T08:29:21Z</time>
			</trkpt>
			<trkpt lat="48.102136" lon="16.191399">
				<ele>571.85</ele>
				<time>2025-02-23T08:29:24Z</time>
			</trkpt>
			<trkpt lat="48.102109" lon="16.191327">
				<ele>571.64</ele>
				<time>2025-02-23T08:29:26Z</time>
			</trkpt>
			<trkpt lat="48.102077" lon="16.191212">
				<ele>571.44</ele>
				<time>2025-02-23T08:29:29Z</time>
			</trkpt>
			<trkpt lat="48.102049" lon="16.191109">
				<ele>571.24</ele>
				<time>2025-02-23T08:29:32Z</time>
			</trkpt>
			<trkpt lat="48.10203" lon="16.190997">
				<ele>571.03</ele>
				<time>2025-02-23T08:29:35Z</time>
			</trkpt>
			<trkpt lat="48.102034" lon="16.19091">
				<ele>570.83</ele>
				<time>2025-02-23T08:29:37Z</time>
			</trkpt>
			<trkpt lat="48.102054" lon="16.190832">
				<ele>570.6</ele>
				<time>2025-02-23T08:29:39Z</time>
			</trkpt>
			<trkpt lat="48.102089" lon="16.190732">
				<ele>570.39</ele>
				<time>2025-02-23T08:29:42Z</time>
			</trkpt>
			<trkpt lat="48.102132" lon="16.19067">
				<ele>570.17</ele>
				<time>2025-02-23T08:29:44Z</time>
			</trkpt>
			<trkpt lat="48.102165" lon="16.190604">
				<ele>569.95</ele>
				<time>2025-02-23T08:29:46Z</time>
			</trkpt>
			<trkpt lat="48.102205" lon="16.190532">
				<ele>569.74</ele>
				<time>2025-02-23T08:29:49Z</time>
			</trkpt>
			<trkpt lat="48.102245" lon="16.190468">
				<ele>569.54</ele>
				<time>2025-02-23T08:29:51Z</time>
			</trkpt>
			<trkpt lat="48.102282" lon="16.190393">
				<ele>569.33</ele>
				<time>2025-02-23T08:29:53Z</time>
			</trkpt>
			<trkpt lat="48.102313" lon="16.190325">
				<ele>569.13</ele>
				<time>2025-02-23T08:29:55Z</time>
			</trkpt>
			<trkpt lat="48.102348" lon="16.190248">
				<ele>568.95</ele>
				<time>2025-02-23T08:29:57Z</time>
			</trkpt>
			<trkpt lat="48.102372" lon="16.190171">
				<ele>568.8</ele>
				<time>2025-02-23T08:29:59Z</time>
			</trkpt>
			<trkpt lat="48.102397" lon="16.190092">
				<ele>568.65</ele>
				<time>2025-02-23T08:30:01Z</time>
			</trkpt>
			<trkpt lat="48.102411" lon="16.19001">
				<ele>568.55</ele>
				<time>2025-02-23T08:30:03Z</time>
			</trkpt>
			<trkpt lat="48.102421" lon="16.18993">
				<ele>568.48</ele>
				<time>2025-02-23T08:30:05Z</time>
			</trkpt>
			<trkpt lat="48.10244" lon="16.189815">
				<ele>568.47</ele>
				<time>2025-02-23T08:30:08Z</time>
			</trkpt>
			<trkpt lat="48.102446" lon="16.189697">
				<ele>568.5</ele>
				<time>2025-02-23T08:30:11Z</time>
			</trkpt>
			<trkpt lat="48.102453" lon="16.189613">
				<ele>568.58</ele>
				<time>2025-02-23T08:30:13Z</time>
			</trkpt>
			<trkpt lat="48.102448" lon="16.189529">
				<ele>568.71</ele>
				<time>2025-02-23T08:30:15Z</time>
			</trkpt>
			<trkpt lat="48.10246" lon="16.189421">
				<ele>568.88</ele>
				<time>2025-02-23T08:30:18Z</time>
			</trkpt>
			<trkpt lat="48.102461" lon="16.189311">
				<ele>569.09</ele>
				<time>2025-02-23T08:30:21Z</time>
			</trkpt>
			<trkpt lat="48.10245" lon="16.189199">
				<ele>569.36</ele>
				<time>2025-02-23T08:30:24Z</time>
			</trkpt>
			<trkpt lat="48.102448" lon="16.189097">
				<ele>569.67</ele>
				<time>2025-02-23T08:30:27Z</time>
			</trkpt>
			<trkpt lat="48.102442" lon="16.188984">
				<ele>570.01</ele>
				<time>2025-02-23T08:30:30Z</time>
			</trkpt>
			<trkpt lat="48.102433" lon="16.188878">
				<ele>570.37</ele>
				<time>2025-02-23T08:30:33Z</time>
			</trkpt>
			<trkpt lat="48.102422" lon="16.188781">
				<ele>570.77</ele>
				<time>2025-02-23T08:30:36Z</time>
			</trkpt>
			<trkpt lat="48.102411" lon="16.188671">
				<ele>571.21</ele>
				<time>2025-02-23T08:30:39Z</time>
			</trkpt>
			<trkpt lat="48.102399" lon="16.188562">
				<ele>571.66</ele>
				<time>2025-02-23T08:30:42Z</time>
			</trkpt>
			<trkpt lat="48.102394" lon="16.188461">
				<ele>572.1</ele>
				<time>2025-02-23T08:30:45Z</time>
			</trkpt>
			<trkpt lat="48.102385" lon="16.188355">
				<ele>572.57</ele>
				<time>2025-02-23T08:30:48Z</time>
			</trkpt>
			<trkpt lat="48.102373" lon="16.18825">
				<ele>573.01</ele>
				<time>2025-02-23T08:30:51Z</time>
			</trkpt>
			<trkpt lat="48.102367" lon="16.188141">
				<ele>573.45</ele>
				<time>2025-02-23T08:30:54Z</time>
			</trkpt>
			<trkpt lat="48.102349" lon="16.188033">
				<ele>573.86</ele>
				<time>2025-02-23T08:30:57Z</time>
			</trkpt>
			<trkpt lat="48.102335" lon="16.187928">
				<ele>574.25</ele>
				<time>2025-02-23T08:31:00Z</time>
			</trkpt>
			<trkpt lat="48.102321" lon="16.187822">
				<ele>574.59</ele>
				<time>2025-02-23T08:31:03Z</time>
			</trkpt>
			<trkpt lat="48.102306" lon="16.187711">
				<ele>574.89</ele>
				<time>2025-02-23T08:31:06Z</time>
			</trkpt>
			<trkpt lat="48.102297" lon="16.187605">
				<ele>575.15</ele>
				<time>2025-02-23T08:31:09Z</time>
			</trkpt>
			<trkpt lat="48.102274" lon="16.1875">
				<ele>575.36</ele>
				<time>2025-02-23T08:31:12Z</time>
			</trkpt>
			<trkpt lat="48.102257" lon="16.187388">
				<ele>575.51</ele>
				<time>2025-02-23T08:31:15Z</time>
			</trkpt>
			<trkpt lat="48.10224" lon="16.187278">
				<ele>575.6</ele>
				<time>2025-02-23T08:31:18Z</time>
			</trkpt>
			<trkpt lat="48.102231" lon="16.187197">
				<ele>575.64</ele>
				<time>2025-02-23T08:31:20Z</time>
			</trkpt>
			<trkpt lat="48.102211" lon="16.18709">
				<ele>575.66</ele>
				<time>2025-02-23T08:31:23Z</time>
			</trkpt>
			<trkpt lat="48.102186" lon="16.186976">
				<ele>575.64</ele>
				<time>2025-02-23T08:31:26Z</time>
			</trkpt>
			<trkpt lat="48.102169" lon="16.186863">
				<ele>575.61</ele>
				<time>2025-02-23T08:31:29Z</time>
			</trkpt>
			<trkpt lat="48.10214" lon="16.186756">
				<ele>575.56</ele>
				<time>2025-02-23T08:31:32Z</time>
			</trkpt>
			<trkpt lat="48.102138" lon="16.186631">
				<ele>575.54</ele>
				<time>2025-02-23T08:31:35Z</time>
			</trkpt>
			<trkpt lat="48.102122" lon="16.186553">
				<ele>575.53</ele>
				<time>2025-02-23T08:31:37Z</time>
			</trkpt>
			<trkpt lat="48.102101" lon="16.186444">
				<ele>575.56</ele>
				<time>2025-02-23T08:31:40Z</time>
			</trkpt>
			<trkpt lat="48.102092" lon="16.186362">
				<ele>575.64</ele>
				<time>2025-02-23T08:31:42Z</time>
			</trkpt>
			<trkpt lat="48.102064" lon="16.186284">
				<ele>575.76</ele>
				<time>2025-02-23T08:31:44Z</time>
			</trkpt>
			<trkpt lat="48.102057" lon="16.186173">
				<ele>575.95</ele>
				<time>2025-02-23T08:31:47Z</time>
			</trkpt>
			<trkpt lat="48.102048" lon="16.186059">
				<ele>576.19</ele>
				<time>2025-02-23T08:31:50Z</time>
			</trkpt>
			<trkpt lat="48.102026" lon="16.185962">
				<ele>576.49</ele>
				<time>2025-02-23T08:31:53Z</time>
			</trkpt>
			<trkpt lat="48.102015" lon="16.185854">
				<ele>576.82</ele>
				<time>2025-02-23T08:31:56Z</time>
			</trkpt>
			<trkpt lat="48.102008" lon="16.185762">
				<ele>577.17</ele>
				<time>2025-02-23T08:31:59Z</time>
			</trkpt>
			<trkpt lat="48.102001" lon="16.185655">
				<ele>577.53</ele>
				<time>2025-02-23T08:32:02Z</time>
			</trkpt>
			<trkpt lat="48.101992" lon="16.185553">
				<ele>577.86</ele>
				<time>2025-02-23T08:32:05Z</time>
			</trkpt>
			<trkpt lat="48.101982" lon="16.185439">
				<ele>578.18</ele>
				<time>2025-02-23T08:32:08Z</time>
			</trkpt>
			<trkpt lat="48.101967" lon="16.18532">
				<ele>578.44</ele>
				<time>2025-02-23T08:32:11Z</time>
			</trkpt>
			<trkpt lat="48.101947" lon="16.185211">
				<ele>578.68</ele>
				<time>2025-02-23T08:32:14Z</time>
			</trkpt>
			<trkpt lat="48.101933" lon="16.185103">
				<ele>578.87</ele>
				<time>2025-02-23T08:32:17Z</time>
			</trkpt>
			<trkpt lat="48.10192" lon="16.184997">
				<ele>579.02</ele>
				<time>2025-02-23T08:32:20Z</time>
			</trkpt>
			<trkpt lat="48.101898" lon="16.184874">
				<ele>579.13</ele>
				<time>2025-02-23T08:32:23Z</time>
			</trkpt>
			<trkpt lat="48.101876" lon="16.184776">
				<ele>579.19</ele>
				<time>2025-02-23T08:32:26Z</time>
			</trkpt>
			<trkpt lat="48.101851" lon="16.184665">
				<ele>579.2</ele>
				<time>2025-02-23T08:32:29Z</time>
			</trkpt>
			<trkpt lat="48.10182" lon="16.184563">
				<ele>579.18</ele>
				<time>2025-02-23T08:32:32Z</time>
			</trkpt>
			<trkpt lat="48.101779" lon="16.184461">
				<ele>579.14</ele>
				<time>2025-02-23T08:32:35Z</time>
			</trkpt>
			<trkpt lat="48.101751" lon="16.184365">
				<ele>579.11</ele>
				<time>2025-02-23T08:32:37Z</time>
			</trkpt>
			<trkpt lat="48.101713" lon="16.184294">
				<ele>579.11</ele>
				<time>2025-02-23T08:32:39Z</time>
			</trkpt>
			<trkpt lat="48.101677" lon="16.184221">
				<ele>579.14</ele>
				<time>2025-02-23T08:32:41Z</time>
			</trkpt>
			<trkpt lat="48.101634" lon="16.184127">
				<ele>579.22</ele>
				<time>2025-02-23T08:32:44Z</time>
			</trkpt>
			<trkpt lat="48.1016" lon="16.184062">
				<ele>579.34</ele>
				<time>2025-02-23T08:32:46Z</time>
			</trkpt>
			<trkpt lat="48.101562" lon="16.183998">
				<ele>579.49</ele>
				<time>2025-02-23T08:32:48Z</time>
			</trkpt>
			<trkpt lat="48.101517" lon="16.183906">
				<ele>579.67</ele>
				<time>2025-02-23T08:32:51Z</time>
			</trkpt>
			<trkpt lat="48.101469" lon="16.183808">
				<ele>579.87</ele>
				<time>2025-02-23T08:32:54Z</time>
			</trkpt>
			<trkpt lat="48.101425" lon="16.183725">
				<ele>580.07</ele>
				<time>2025-02-23T08:32:57Z</time>
			</trkpt>
			<trkpt lat="48.101374" lon="16.183636">
				<ele>580.28</ele>
				<time>2025-02-23T08:33:00Z</time>
			</trkpt>
			<trkpt lat="48.101328" lon="16.183548">
				<ele>580.48</ele>
				<time>2025-02-23T08:33:03Z</time>
			</trkpt>
			<trkpt lat="48.101275" lon="16.183471">
				<ele>580.66</ele>
				<time>2025-02-23T08:33:06Z</time>
			</trkpt>
			<trkpt lat="48.101227" lon="16.183384">
				<ele>580.83</ele>
				<time>2025-02-23T08:33:09Z</time>
			</trkpt>
			<trkpt lat="48.101181" lon="16.183334">
				<ele>580.97</ele>
				<time>2025-02-23T08:33:11Z</time>
			</trkpt>
			<trkpt lat="48.101123" lon="16.183261">
				<ele>581.07</ele>
				<time>2025-02-23T08:33:14Z</time>
			</trkpt>
			<trkpt lat="48.101069" lon="16.183174">
				<ele>581.14</ele>
				<time>2025-02-23T08:33:17Z</time>
			</trkpt>
			<trkpt lat="48.101014" lon="16.183097">
				<ele>581.16</ele>
				<time>2025-02-23T08:33:20Z</time>
			</trkpt>
			<trkpt lat="48.100973" lon="16.183041">
				<ele>581.15</ele>
				<time>2025-02-23T08:33:22Z</time>
			</trkpt>
			<trkpt lat="48.100933" lon="16.182975">
				<ele>581.09</ele>
				<time>2025-02-23T08:33:24Z</time>
			</trkpt>
			<trkpt lat="48.100892" lon="16.182908">
				<ele>580.99</ele>
				<time>2025-02-23T08:33:26Z</time>
			</trkpt>
			<trkpt lat="48.100842" lon="16.18286">
				<ele>580.87</ele>
				<time>2025-02-23T08:33:28Z</time>
			</trkpt>
			<trkpt lat="48.100785" lon="16.182777">
				<ele>580.72</ele>
				<time>2025-02-23T08:33:31Z</time>
			</trkpt>
			<trkpt lat="48.100739" lon="16.182726">
				<ele>580.57</ele>
				<time>2025-02-23T08:33:33Z</time>
			</trkpt>
			<trkpt lat="48.100688" lon="16.182688">
				<ele>580.41</ele>
				<time>2025-02-23T08:33:35Z</time>
			</trkpt>
			<trkpt lat="48.100623" lon="16.182639">
				<ele>580.26</ele>
				<time>2025-02-23T08:33:38Z</time>
			</trkpt>
			<trkpt lat="48.100549" lon="16.182585">
				<ele>580.09</ele>
				<time>2025-02-23T08:33:41Z</time>
			</trkpt>
			<trkpt lat="48.100481" lon="16.182533">
				<ele>579.89</ele>
				<time>2025-02-23T08:33:44Z</time>
			</trkpt>
			<trkpt lat="48.100414" lon="16.182489">
				<ele>579.73</ele>
				<time>2025-02-23T08:33:47Z</time>
			</trkpt>
			<trkpt lat="48.100351" lon="16.182432">
				<ele>579.54</ele>
				<time>2025-02-23T08:33:50Z</time>
			</trkpt>
			<trkpt lat="48.100289" lon="16.182388">
				<ele>579.36</ele>
				<time>2025-02-23T08:33:53Z</time>
			</trkpt>
			<trkpt lat="48.100215" lon="16.182343">
				<ele>579.16</ele>
				<time>2025-02-23T08:33:56Z</time>
			</trkpt>
			<trkpt lat="48.100145" lon="16.182285">
				<ele>578.99</ele>
				<time>2025-02-23T08:33:59Z</time>
			</trkpt>
			<trkpt lat="48.100081" lon="16.182213">
				<ele>578.84</ele>
				<time>2025-02-23T08:34:02Z</time>
			</trkpt>
			<trkpt lat="48.100031" lon="16.182173">
				<ele>578.7</ele>
				<time>2025-02-23T08:34:04Z</time>
			</trkpt>
			<trkpt lat="48.099968" lon="16.182112">
				<ele>578.59</ele>
				<time>2025-02-23T08:34:07Z</time>
			</trkpt>
			<trkpt lat="48.099893" lon="16.182067">
				<ele>578.52</ele>
				<time>2025-02-23T08:34:10Z</time>
			</trkpt>
			<trkpt lat="48.099814" lon="16.182014">
				<ele>578.51</ele>
				<time>2025-02-23T08:34:13Z</time>
			</trkpt>
			<trkpt lat="48.099765" lon="16.181958">
				<ele>578.58</ele>
				<time>2025-02-23T08:34:15Z</time>
			</trkpt>
			<trkpt lat="48.099705" lon="16.181921">
				<ele>578.7</ele>
				<time>2025-02-23T08:34:18Z</time>
			</trkpt>
			<trkpt lat="48.099649" lon="16.181889">
				<ele>578.92</ele>
				<time>2025-02-23T08:34:21Z</time>
			</trkpt>
			<trkpt lat="48.099619" lon="16.181817">
				<ele>579.18</ele>
				<time>2025-02-23T08:34:23Z</time>
			</trkpt>
			<trkpt lat="48.09957" lon="16.181752">
				<ele>579.52</ele>
				<time>2025-02-23T08:34:26Z</time>
			</trkpt>
			<trkpt lat="48.099522" lon="16.18169">
				<ele>579.91</ele>
				<time>2025-02-23T08:34:29Z</time>
			</trkpt>
			<trkpt lat="48.099482" lon="16.181601">
				<ele>580.37</ele>
				<time>2025-02-23T08:35:27Z</time>
			</trkpt>
			<trkpt lat="48.099435" lon="16.181528">
				<ele>580.88</ele>
				<time>2025-02-23T08:35:30Z</time>
			</trkpt>
			<trkpt lat="48.099402" lon="16.181442">
				<ele>581.44</ele>
				<time>2025-02-23T08:35:34Z</time>
			</trkpt>
			<trkpt lat="48.099352" lon="16.181372">
				<ele>582.04</ele>
				<time>2025-02-23T08:35:37Z</time>
			</trkpt>
			<trkpt lat="48.099305" lon="16.181301">
				<ele>582.67</ele>
				<time>2025-02-23T08:35:40Z</time>
			</trkpt>
			<trkpt lat="48.099261" lon="16.181219">
				<ele>583.32</ele>
				<time>2025-02-23T08:35:43Z</time>
			</trkpt>
			<trkpt lat="48.09921" lon="16.181153">
				<ele>583.92</ele>
				<time>2025-02-23T08:35:46Z</time>
			</trkpt>
			<trkpt lat="48.099154" lon="16.181081">
				<ele>584.48</ele>
				<time>2025-02-23T08:35:49Z</time>
			</trkpt>
			<trkpt lat="48.099113" lon="16.180985">
				<ele>585.03</ele>
				<time>2025-02-23T08:35:52Z</time>
			</trkpt>
			<trkpt lat="48.099078" lon="16.18091">
				<ele>585.52</ele>
				<time>2025-02-23T08:35:55Z</time>
			</trkpt>
			<trkpt lat="48.099038" lon="16.180811">
				<ele>586.0</ele>
				<time>2025-02-23T08:35:58Z</time>
			</trkpt>
			<trkpt lat="48.099" lon="16.180726">
				<ele>586.41</ele>
				<time>2025-02-23T08:36:00Z</time>
			</trkpt>
			<trkpt lat="48.098956" lon="16.180659">
				<ele>586.79</ele>
				<time>2025-02-23T08:36:03Z</time>
			</trkpt>
			<trkpt lat="48.098923" lon="16.180585">
				<ele>587.11</ele>
				<time>2025-02-23T08:36:05Z</time>
			</trkpt>
			<trkpt lat="48.098886" lon="16.180498">
				<ele>587.37</ele>
				<time>2025-02-23T08:36:08Z</time>
			</trkpt>
			<trkpt lat="48.098849" lon="16.180432">
				<ele>587.55</ele>
				<time>2025-02-23T08:36:11Z</time>
			</trkpt>
			<trkpt lat="48.098809" lon="16.180359">
				<ele>587.65</ele>
				<time>2025-02-23T08:36:13Z</time>
			</trkpt>
			<trkpt lat="48.098766" lon="16.180275">
				<ele>587.65</ele>
				<time>2025-02-23T08:36:16Z</time>
			</trkpt>
			<trkpt lat="48.098723" lon="16.180224">
				<ele>587.59</ele>
				<time>2025-02-23T08:36:18Z</time>
			</trkpt>
			<trkpt lat="48.09867" lon="16.180132">
				<ele>587.42</ele>
				<time>2025-02-23T08:36:21Z</time>
			</trkpt>
			<trkpt lat="48.098621" lon="16.180063">
				<ele>587.19</ele>
				<time>2025-02-23T08:36:24Z</time>
			</trkpt>
			<trkpt lat="48.098586" lon="16.179992">
				<ele>586.9</ele>
				<time>2025-02-23T08:36:26Z</time>
			</trkpt>
			<trkpt lat="48.098539" lon="16.179892">
				<ele>586.54</ele>
				<time>2025-02-23T08:36:29Z</time>
			</trkpt>
			<trkpt lat="48.098505" lon="16.179798">
				<ele>586.14</ele>
				<time>2025-02-23T08:36:32Z</time>
			</trkpt>
			<trkpt lat="48.098464" lon="16.179735">
				<ele>585.68</ele>
				<time>2025-02-23T08:36:34Z</time>
			</trkpt>
			<trkpt lat="48.098412" lon="16.179641">
				<ele>585.19</ele>
				<time>2025-02-23T08:36:37Z</time>
			</trkpt>
			<trkpt lat="48.09838" lon="16.179571">
				<ele>584.68</ele>
				<time>2025-02-23T08:36:39Z</time>
			</trkpt>
			<trkpt lat="48.098341" lon="16.179497">
				<ele>584.18</ele>
				<time>2025-02-23T08:36:41Z</time>
			</trkpt>
			<trkpt lat="48.098302" lon="16.179432">
				<ele>583.71</ele>
				<time>2025-02-23T08:36:43Z</time>
			</trkpt>
			<trkpt lat="48.098275" lon="16.179351">
				<ele>583.3</ele>
				<time>2025-02-23T08:36:45Z</time>
			</trkpt>
			<trkpt lat="48.098228" lon="16.179248">
				<ele>582.97</ele>
				<time>2025-02-23T08:36:48Z</time>
			</trkpt>
			<trkpt lat="48.098201" lon="16.179157">
				<ele>582.68</ele>
				<time>2025-02-23T08:36:51Z</time>
			</trkpt>
			<trkpt lat="48.098176" lon="16.179078">
				<ele>582.47</ele>
				<time>2025-02-23T08:36:53Z</time>
			</trkpt>
			<trkpt lat="48.098152" lon="16.179003">
				<ele>582.33</ele>
				<time>2025-02-23T08:36:55Z</time>
			</trkpt>
			<trkpt lat="48.09812" lon="16.178911">
				<ele>582.26</ele>
				<time>2025-02-23T08:36:58Z</time>
			</trkpt>
			<trkpt lat="48.098077" lon="16.178815">
				<ele>582.26</ele>
				<time>2025-02-23T08:37:01Z</time>
			</trkpt>
			<trkpt lat="48.098029" lon="16.178715">
				<ele>582.32</ele>
				<time>2025-02-23T08:37:04Z</time>
			</trkpt>
			<trkpt lat="48.09799" lon="16.178618">
				<ele>582.44</ele>
				<time>2025-02-23T08:37:07Z</time>
			</trkpt>
			<trkpt lat="48.097943" lon="16.17854">
				<ele>582.6</ele>
				<time>2025-02-23T08:37:10Z</time>
			</trkpt>
			<trkpt lat="48.097914" lon="16.17847">
				<ele>582.79</ele>
				<time>2025-02-23T08:37:12Z</time>
			</trkpt>
			<trkpt lat="48.097856" lon="16.178386">
				<ele>583.01</ele>
				<time>2025-02-23T08:37:15Z</time>
			</trkpt>
			<trkpt lat="48.097796" lon="16.17831">
				<ele>583.23</ele>
				<time>2025-02-23T08:37:18Z</time>
			</trkpt>
			<trkpt lat="48.097732" lon="16.178251">
				<ele>583.46</ele>
				<time>2025-02-23T08:37:21Z</time>
			</trkpt>
			<trkpt lat="48.097668" lon="16.178193">
				<ele>583.7</ele>
				<time>2025-02-23T08:37:24Z</time>
			</trkpt>
			<trkpt lat="48.097615" lon="16.178125">
				<ele>583.93</ele>
				<time>2025-02-23T08:37:27Z</time>
			</trkpt>
			<trkpt lat="48.097574" lon="16.178063">
				<ele>584.16</ele>
				<time>2025-02-23T08:37:29Z</time>
			</trkpt>
			<trkpt lat="48.097539" lon="16.177999">
				<ele>584.4</ele>
				<time>2025-02-23T08:37:31Z</time>
			</trkpt>
			<trkpt lat="48.097481" lon="16.177924">
				<ele>584.66</ele>
				<time>2025-02-23T08:37:34Z</time>
			</trkpt>
			<trkpt lat="48.097423" lon="16.177846">
				<ele>584.94</ele>
				<time>2025-02-23T08:37:37Z</time>
			</trkpt>
			<trkpt lat="48.097358" lon="16.177776">
				<ele>585.24</ele>
				<time>2025-02-23T08:37:40Z</time>
			</trkpt>
			<trkpt lat="48.097294" lon="16.177714">
				<ele>585.58</ele>
				<time>2025-02-23T08:37:43Z</time>
			</trkpt>
			<trkpt lat="48.097242" lon="16.177639">
				<ele>585.94</ele>
				<time>2025-02-23T08:37:46Z</time>
			</trkpt>
			<trkpt lat="48.097202" lon="16.177554">
				<ele>586.32</ele>
				<time>2025-02-23T08:37:49Z</time>
			</trkpt>
			<trkpt lat="48.097162" lon="16.17747">
				<ele>586.73</ele>
				<time>2025-02-23T08:37:52Z</time>
			</trkpt>
			<trkpt lat="48.097117" lon="16.177395">
				<ele>587.16</ele>
				<time>2025-02-23T08:37:55Z</time>
			</trkpt>
			<trkpt lat="48.097074" lon="16.177316">
				<ele>587.58</ele>
				<time>2025-02-23T08:37:58Z</time>
			</trkpt>
			<trkpt lat="48.097023" lon="16.177223">
				<ele>588.02</ele>
				<time>2025-02-23T08:38:01Z</time>
			</trkpt>
			<trkpt lat="48.096983" lon="16.177146">
				<ele>588.48</ele>
				<time>2025-02-23T08:38:04Z</time>
			</trkpt>
			<trkpt lat="48.096938" lon="16.177065">
				<ele>588.97</ele>
				<time>2025-02-23T08:38:07Z</time>
			</trkpt>
			<trkpt lat="48.096896" lon="16.176971">
				<ele>589.49</ele>
				<time>2025-02-23T08:38:10Z</time>
			</trkpt>
			<trkpt lat="48.09685" lon="16.176879">
				<ele>590.07</ele>
				<time>2025-02-23T08:38:13Z</time>
			</trkpt>
			<trkpt lat="48.096796" lon="16.176802">
				<ele>590.65</ele>
				<time>2025-02-23T08:38:16Z</time>
			</trkpt>
			<trkpt lat="48.096763" lon="16.176712">
				<ele>591.26</ele>
				<time>2025-02-23T08:38:19Z</time>
			</trkpt>
			<trkpt lat="48.096731" lon="16.176633">
				<ele>591.9</ele>
				<time>2025-02-23T08:38:22Z</time>
			</trkpt>
			<trkpt lat="48.096707" lon="16.17654">
				<ele>592.57</ele>
				<time>2025-02-23T08:38:25Z</time>
			</trkpt>
			<trkpt lat="48.096695" lon="16.176449">
				<ele>593.23</ele>
				<time>2025-02-23T08:38:28Z</time>
			</trkpt>
			<trkpt lat="48.096684" lon="16.176345">
				<ele>593.88</ele>
				<time>2025-02-23T08:38:32Z</time>
			</trkpt>
			<trkpt lat="48.096659" lon="16.176237">
				<ele>594.51</ele>
				<time>2025-02-23T08:38:36Z</time>
			</trkpt>
			<trkpt lat="48.096652" lon="16.176151">
				<ele>595.1</ele>
				<time>2025-02-23T08:38:39Z</time>
			</trkpt>
			<trkpt lat="48.096638" lon="16.176051">
				<ele>595.62</ele>
				<time>2025-02-23T08:38:42Z</time>
			</trkpt>
			<trkpt lat="48.096625" lon="16.175941">
				<ele>596.08</ele>
				<time>2025-02-23T08:38:45Z</time>
			</trkpt>
			<trkpt lat="48.096631" lon="16.175826">
				<ele>596.18</ele>
				<time>2025-02-23T08:38:48Z</time>
			</trkpt>
			<trkpt lat="48.09663" lon="16.175717">
				<ele>596.17</ele>
				<time>2025-02-23T08:38:51Z</time>
			</trkpt>
			<trkpt lat="48.096641" lon="16.175608">
				<ele>595.99</ele>
				<time>2025-02-23T08:38:54Z</time>
			</trkpt>
			<trkpt lat="48.096639" lon="16.175514">
				<ele>595.67</ele>
				<time>2025-02-23T08:38:57Z</time>
			</trkpt>
			<trkpt lat="48.096647" lon="16.175415">
				<ele>595.16</ele>
				<time>2025-02-23T08:39:00Z</time>
			</trkpt>
			<trkpt lat="48.096658" lon="16.175323">
				<ele>594.57</ele>
				<time>2025-02-23T08:39:03Z</time>
			</trkpt>
			<trkpt lat="48.096581" lon="16.175276">
				<ele>593.78</ele>
				<time>2025-02-23T08:39:07Z</time>
			</trkpt>
			<trkpt lat="48.096561" lon="16.175188">
				<ele>592.93</ele>
				<time>2025-02-23T08:39:10Z</time>
			</trkpt>
			<trkpt lat="48.096517" lon="16.175111">
				<ele>591.96</ele>
				<time>2025-02-23T08:39:13Z</time>
			</trkpt>
			<trkpt lat="48.096471" lon="16.175059">
				<ele>590.92</ele>
				<time>2025-02-23T08:39:16Z</time>
			</trkpt>
			<trkpt lat="48.096422" lon="16.17499">
				<ele>590.05</ele>
				<time>2025-02-23T08:39:19Z</time>
			</trkpt>
			<trkpt lat="48.096385" lon="16.174926">
				<ele>589.11</ele>
				<time>2025-02-23T08:39:21Z</time>
			</trkpt>
			<trkpt lat="48.096353" lon="16.174834">
				<ele>588.12</ele>
				<time>2025-02-23T08:39:24Z</time>
			</trkpt>
			<trkpt lat="48.096324" lon="16.174754">
				<ele>587.08</ele>
				<time>2025-02-23T08:39:27Z</time>
			</trkpt>
			<trkpt lat="48.096272" lon="16.174691">
				<ele>586.03</ele>
				<time>2025-02-23T08:39:30Z</time>
			</trkpt>
			<trkpt lat="48.096216" lon="16.174625">
				<ele>585.01</ele>
				<time>2025-02-23T08:39:33Z</time>
			</trkpt>
			<trkpt lat="48.096165" lon="16.17458">
				<ele>583.98</ele>
				<time>2025-02-23T08:39:36Z</time>
			</trkpt>
			<trkpt lat="48.096114" lon="16.174538">
				<ele>582.98</ele>
				<time>2025-02-23T08:39:39Z</time>
			</trkpt>
			<trkpt lat="48.096073" lon="16.174474">
				<ele>581.95</ele>
				<time>2025-02-23T08:39:42Z</time>
			</trkpt>
			<trkpt lat="48.096038" lon="16.174395">
				<ele>580.95</ele>
				<time>2025-02-23T08:39:45Z</time>
			</trkpt>
			<trkpt lat="48.09599" lon="16.174347">
				<ele>580.04</ele>
				<time>2025-02-23T08:39:47Z</time>
			</trkpt>
			<trkpt lat="48.095913" lon="16.174302">
				<ele>579.24</ele>
				<time>2025-02-23T08:39:50Z</time>
			</trkpt>
			<trkpt lat="48.095878" lon="16.174207">
				<ele>578.54</ele>
				<time>2025-02-23T08:39:53Z</time>
			</trkpt>
			<trkpt lat="48.095793" lon="16.17417">
				<ele>577.92</ele>
				<time>2025-02-23T08:39:56Z</time>
			</trkpt>
			<trkpt lat="48.095712" lon="16.174165">
				<ele>577.41</ele>
				<time>2025-02-23T08:39:59Z</time>
			</trkpt>
			<trkpt lat="48.095647" lon="16.174191">
				<ele>577.02</ele>
				<time>2025-02-23T08:40:02Z</time>
			</trkpt>
			<trkpt lat="48.095583" lon="16.174196">
				<ele>576.74</ele>
				<time>2025-02-23T08:40:05Z</time>
			</trkpt>
			<trkpt lat="48.095522" lon="16.174211">
				<ele>576.52</ele>
				<time>2025-02-23T08:40:08Z</time>
			</trkpt>
			<trkpt lat="48.095456" lon="16.174212">
				<ele>576.37</ele>
				<time>2025-02-23T08:40:11Z</time>
			</trkpt>
			<trkpt lat="48.095394" lon="16.174217">
				<ele>576.27</ele>
				<time>2025-02-23T08:40:13Z</time>
			</trkpt>
			<trkpt lat="48.095331" lon="16.174216">
				<ele>576.21</ele>
				<time>2025-02-23T08:40:16Z</time>
			</trkpt>
			<trkpt lat="48.095258" lon="16.174222">
				<ele>576.18</ele>
				<time>2025-02-23T08:40:19Z</time>
			</trkpt>
			<trkpt lat="48.095206" lon="16.174183">
				<ele>576.15</ele>
				<time>2025-02-23T08:40:22Z</time>
			</trkpt>
			<trkpt lat="48.095151" lon="16.174164">
				<ele>576.1</ele>
				<time>2025-02-23T08:40:24Z</time>
			</trkpt>
			<trkpt lat="48.095078" lon="16.174136">
				<ele>575.99</ele>
				<time>2025-02-23T08:40:27Z</time>
			</trkpt>
			<trkpt lat="48.095023" lon="16.17411">
				<ele>575.78</ele>
				<time>2025-02-23T08:40:29Z</time>
			</trkpt>
			<trkpt lat="48.094969" lon="16.174083">
				<ele>575.53</ele>
				<time>2025-02-23T08:40:31Z</time>
			</trkpt>
			<trkpt lat="48.094889" lon="16.174113">
				<ele>575.2</ele>
				<time>2025-02-23T08:40:34Z</time>
			</trkpt>
			<trkpt lat="48.09483" lon="16.174142">
				<ele>574.74</ele>
				<time>2025-02-23T08:40:36Z</time>
			</trkpt>
			<trkpt lat="48.094777" lon="16.174171">
				<ele>574.17</ele>
				<time>2025-02-23T08:40:38Z</time>
			</trkpt>
			<trkpt lat="48.094701" lon="16.174175">
				<ele>573.47</ele>
				<time>2025-02-23T08:40:41Z</time>
			</trkpt>
			<trkpt lat="48.094633" lon="16.174021">
				<ele>572.75</ele>
				<time>2025-02-23T08:40:47Z</time>
			</trkpt>
			<trkpt lat="48.094573" lon="16.173997">
				<ele>571.86</ele>
				<time>2025-02-23T08:40:50Z</time>
			</trkpt>
			<trkpt lat="48.094507" lon="16.173925">
				<ele>570.91</ele>
				<time>2025-02-23T08:40:54Z</time>
			</trkpt>
			<trkpt lat="48.09446" lon="16.173875">
				<ele>569.84</ele>
				<time>2025-02-23T08:40:57Z</time>
			</trkpt>
			<trkpt lat="48.094417" lon="16.173811">
				<ele>568.68</ele>
				<time>2025-02-23T08:41:00Z</time>
			</trkpt>
			<trkpt lat="48.094366" lon="16.173736">
				<ele>567.41</ele>
				<time>2025-02-23T08:41:04Z</time>
			</trkpt>
			<trkpt lat="48.094324" lon="16.173666">
				<ele>566.06</ele>
				<time>2025-02-23T08:41:07Z</time>
			</trkpt>
			<trkpt lat="48.094281" lon="16.173607">
				<ele>564.65</ele>
				<time>2025-02-23T08:41:10Z</time>
			</trkpt>
			<trkpt lat="48.094237" lon="16.173552">
				<ele>563.15</ele>
				<time>2025-02-23T08:41:13Z</time>
			</trkpt>
			<trkpt lat="48.094192" lon="16.173482">
				<ele>561.56</ele>
				<time>2025-02-23T08:41:16Z</time>
			</trkpt>
			<trkpt lat="48.094134" lon="16.173416">
				<ele>559.94</ele>
				<time>2025-02-23T08:41:20Z</time>
			</trkpt>
			<trkpt lat="48.094083" lon="16.17333">
				<ele>558.34</ele>
				<time>2025-02-23T08:41:24Z</time>
			</trkpt>
			<trkpt lat="48.094036" lon="16.173274">
				<ele>556.73</ele>
				<time>2025-02-23T08:41:28Z</time>
			</trkpt>
			<trkpt lat="48.093996" lon="16.173179">
				<ele>555.04</ele>
				<time>2025-02-23T08:41:33Z</time>
			</trkpt>
			<trkpt lat="48.093937" lon="16.173143">
				<ele>553.33</ele>
				<time>2025-02-23T08:41:38Z</time>
			</trkpt>
			<trkpt lat="48.093895" lon="16.173072">
				<ele>551.65</ele>
				<time>2025-02-23T08:41:43Z</time>
			</trkpt>
			<trkpt lat="48.093855" lon="16.173005">
				<ele>549.96</ele>
				<time>2025-02-23T08:41:47Z</time>
			</trkpt>
			<trkpt lat="48.093804" lon="16.172948">
				<ele>548.27</ele>
				<time>2025-02-23T08:41:51Z</time>
			</trkpt>
			<trkpt lat="48.093776" lon="16.172875">
				<ele>546.62</ele>
				<time>2025-02-23T08:41:54Z</time>
			</trkpt>
			<trkpt lat="48.093743" lon="16.172781">
				<ele>545.03</ele>
				<time>2025-02-23T08:41:59Z</time>
			</trkpt>
			<trkpt lat="48.09372" lon="16.172687">
				<ele>543.47</ele>
				<time>2025-02-23T08:42:03Z</time>
			</trkpt>
			<trkpt lat="48.093691" lon="16.172607">
				<ele>541.93</ele>
				<time>2025-02-23T08:42:06Z</time>
			</trkpt>
			<trkpt lat="48.093659" lon="16.172508">
				<ele>540.48</ele>
				<time>2025-02-23T08:42:10Z</time>
			</trkpt>
			<trkpt lat="48.093624" lon="16.172418">
				<ele>539.07</ele>
				<time>2025-02-23T08:42:14Z</time>
			</trkpt>
			<trkpt lat="48.093599" lon="16.172334">
				<ele>537.62</ele>
				<time>2025-02-23T08:42:17Z</time>
			</trkpt>
			<trkpt lat="48.093548" lon="16.172269">
				<ele>536.17</ele>
				<time>2025-02-23T08:42:21Z</time>
			</trkpt>
			<trkpt lat="48.09351" lon="16.172177">
				<ele>534.78</ele>
				<time>2025-02-23T08:42:25Z</time>
			</trkpt>
			<trkpt lat="48.093466" lon="16.172109">
				<ele>533.42</ele>
				<time>2025-02-23T08:42:28Z</time>
			</trkpt>
			<trkpt lat="48.09342" lon="16.172032">
				<ele>531.99</ele>
				<time>2025-02-23T08:42:31Z</time>
			</trkpt>
			<trkpt lat="48.093367" lon="16.171958">
				<ele>530.53</ele>
				<time>2025-02-23T08:42:35Z</time>
			</trkpt>
			<trkpt lat="48.093314" lon="16.171874">
				<ele>529.08</ele>
				<time>2025-02-23T08:42:39Z</time>
			</trkpt>
			<trkpt lat="48.093267" lon="16.171798">
				<ele>527.6</ele>
				<time>2025-02-23T08:42:43Z</time>
			</trkpt>
			<trkpt lat="48.093216" lon="16.171739">
				<ele>526.06</ele>
				<time>2025-02-23T08:42:47Z</time>
			</trkpt>
			<trkpt lat="48.09316" lon="16.171689">
				<ele>524.47</ele>
				<time>2025-02-23T08:42:51Z</time>
			</trkpt>
			<trkpt lat="48.093112" lon="16.171615">
				<ele>522.89</ele>
				<time>2025-02-23T08:42:55Z</time>
			</trkpt>
			<trkpt lat="48.093066" lon="16.171547">
				<ele>521.31</ele>
				<time>2025-02-23T08:42:59Z</time>
			</trkpt>
			<trkpt lat="48.09303" lon="16.171475">
				<ele>519.69</ele>
				<time>2025-02-23T08:43:03Z</time>
			</trkpt>
			<trkpt lat="48.092993" lon="16.171404">
				<ele>518.06</ele>
				<time>2025-02-23T08:43:08Z</time>
			</trkpt>
			<trkpt lat="48.09295" lon="16.171329">
				<ele>516.46</ele>
				<time>2025-02-23T08:43:13Z</time>
			</trkpt>
			<trkpt lat="48.092913" lon="16.17125">
				<ele>514.87</ele>
				<time>2025-02-23T08:43:18Z</time>
			</trkpt>
			<trkpt lat="48.092887" lon="16.171176">
				<ele>513.31</ele>
				<time>2025-02-23T08:43:22Z</time>
			</trkpt>
			<trkpt lat="48.092856" lon="16.171097">
				<ele>511.87</ele>
				<time>2025-02-23T08:43:25Z</time>
			</trkpt>
			<trkpt lat="48.092821" lon="16.171014">
				<ele>510.53</ele>
				<time>2025-02-23T08:43:30Z</time>
			</trkpt>
			<trkpt lat="48.092784" lon="16.170965">
				<ele>509.24</ele>
				<time>2025-02-23T08:43:35Z</time>
			</trkpt>
			<trkpt lat="48.09272" lon="16.170949">
				<ele>508.04</ele>
				<time>2025-02-23T08:43:39Z</time>
			</trkpt>
			<trkpt lat="48.092671" lon="16.170875">
				<ele>506.92</ele>
				<time>2025-02-23T08:43:43Z</time>
			</trkpt>
			<trkpt lat="48.092688" lon="16.170784">
				<ele>505.92</ele>
				<time>2025-02-23T08:43:46Z</time>
			</trkpt>
			<trkpt lat="48.09267" lon="16.170681">
				<ele>504.97</ele>
				<time>2025-02-23T08:43:50Z</time>
			</trkpt>
			<trkpt lat="48.092638" lon="16.170599">
				<ele>504.06</ele>
				<time>2025-02-23T08:43:54Z</time>
			</trkpt>
			<trkpt lat="48.092575" lon="16.170592">
				<ele>503.26</ele>
				<time>2025-02-23T08:43:57Z</time>
			</trkpt>
			<trkpt lat="48.092523" lon="16.170645">
				<ele>502.54</ele>
				<time>2025-02-23T08:44:00Z</time>
			</trkpt>
			<trkpt lat="48.092491" lon="16.170724">
				<ele>501.89</ele>
				<time>2025-02-23T08:44:03Z</time>
			</trkpt>
			<trkpt lat="48.092448" lon="16.170797">
				<ele>501.31</ele>
				<time>2025-02-23T08:44:06Z</time>
			</trkpt>
			<trkpt lat="48.092405" lon="16.170869">
				<ele>500.76</ele>
				<time>2025-02-23T08:44:09Z</time>
			</trkpt>
			<trkpt lat="48.092353" lon="16.170929">
				<ele>500.21</ele>
				<time>2025-02-23T08:44:12Z</time>
			</trkpt>
			<trkpt lat="48.092299" lon="16.170992">
				<ele>499.64</ele>
				<time>2025-02-23T08:44:15Z</time>
			</trkpt>
			<trkpt lat="48.092245" lon="16.171047">
				<ele>499.09</ele>
				<time>2025-02-23T08:44:17Z</time>
			</trkpt>
			<trkpt lat="48.09218" lon="16.171104">
				<ele>498.54</ele>
				<time>2025-02-23T08:44:20Z</time>
			</trkpt>
			<trkpt lat="48.092112" lon="16.171159">
				<ele>497.99</ele>
				<time>2025-02-23T08:44:23Z</time>
			</trkpt>
			<trkpt lat="48.092051" lon="16.171217">
				<ele>497.43</ele>
				<time>2025-02-23T08:44:26Z</time>
			</trkpt>
			<trkpt lat="48.091987" lon="16.17128">
				<ele>496.86</ele>
				<time>2025-02-23T08:44:29Z</time>
			</trkpt>
			<trkpt lat="48.091929" lon="16.171336">
				<ele>496.25</ele>
				<time>2025-02-23T08:44:32Z</time>
			</trkpt>
			<trkpt lat="48.091865" lon="16.171393">
				<ele>495.67</ele>
				<time>2025-02-23T08:44:35Z</time>
			</trkpt>
			<trkpt lat="48.091807" lon="16.171457">
				<ele>495.05</ele>
				<time>2025-02-23T08:44:38Z</time>
			</trkpt>
			<trkpt lat="48.09174" lon="16.171495">
				<ele>494.41</ele>
				<time>2025-02-23T08:44:41Z</time>
			</trkpt>
			<trkpt lat="48.091684" lon="16.171523">
				<ele>493.72</ele>
				<time>2025-02-23T08:44:43Z</time>
			</trkpt>
			<trkpt lat="48.091624" lon="16.171579">
				<ele>493.04</ele>
				<time>2025-02-23T08:44:46Z</time>
			</trkpt>
			<trkpt lat="48.091554" lon="16.171633">
				<ele>492.35</ele>
				<time>2025-02-23T08:44:49Z</time>
			</trkpt>
			<trkpt lat="48.091504" lon="16.171668">
				<ele>491.68</ele>
				<time>2025-02-23T08:44:51Z</time>
			</trkpt>
			<trkpt lat="48.091451" lon="16.17168">
				<ele>491.01</ele>
				<time>2025-02-23T08:44:53Z</time>
			</trkpt>
			<trkpt lat="48.091382" lon="16.171668">
				<ele>490.35</ele>
				<time>2025-02-23T08:44:56Z</time>
			</trkpt>
			<trkpt lat="48.091346" lon="16.171585">
				<ele>489.69</ele>
				<time>2025-02-23T08:44:59Z</time>
			</trkpt>
			<trkpt lat="48.091346" lon="16.171502">
				<ele>488.98</ele>
				<time>2025-02-23T08:45:01Z</time>
			</trkpt>
			<trkpt lat="48.091354" lon="16.171417">
				<ele>488.27</ele>
				<time>2025-02-23T08:45:04Z</time>
			</trkpt>
			<trkpt lat="48.091366" lon="16.171337">
				<ele>487.6</ele>
				<time>2025-02-23T08:45:06Z</time>
			</trkpt>
			<trkpt lat="48.091388" lon="16.171231">
				<ele>486.91</ele>
				<time>2025-02-23T08:45:09Z</time>
			</trkpt>
			<trkpt lat="48.091396" lon="16.171131">
				<ele>486.23</ele>
				<time>2025-02-23T08:45:12Z</time>
			</trkpt>
			<trkpt lat="48.091419" lon="16.171056">
				<ele>485.57</ele>
				<time>2025-02-23T08:45:14Z</time>
			</trkpt>
			<trkpt lat="48.091428" lon="16.170948">
				<ele>484.93</ele>
				<time>2025-02-23T08:45:17Z</time>
			</trkpt>
			<trkpt lat="48.091439" lon="16.170827">
				<ele>484.32</ele>
				<time>2025-02-23T08:45:20Z</time>
			</trkpt>
			<trkpt lat="48.091437" lon="16.17074">
				<ele>483.74</ele>
				<time>2025-02-23T08:45:22Z</time>
			</trkpt>
			<trkpt lat="48.091436" lon="16.170621">
				<ele>483.19</ele>
				<time>2025-02-23T08:45:25Z</time>
			</trkpt>
			<trkpt lat="48.091418" lon="16.170545">
				<ele>482.68</ele>
				<time>2025-02-23T08:45:27Z</time>
			</trkpt>
			<trkpt lat="48.09137" lon="16.170462">
				<ele>482.25</ele>
				<time>2025-02-23T08:45:30Z</time>
			</trkpt>
			<trkpt lat="48.091325" lon="16.170408">
				<ele>481.87</ele>
				<time>2025-02-23T08:45:32Z</time>
			</trkpt>
			<trkpt lat="48.091275" lon="16.170344">
				<ele>481.6</ele>
				<time>2025-02-23T08:45:35Z</time>
			</trkpt>
			<trkpt lat="48.091212" lon="16.170299">
				<ele>481.37</ele>
				<time>2025-02-23T08:45:38Z</time>
			</trkpt>
			<trkpt lat="48.091165" lon="16.170254">
				<ele>481.2</ele>
				<time>2025-02-23T08:45:40Z</time>
			</trkpt>
			<trkpt lat="48.091111" lon="16.170234">
				<ele>481.13</ele>
				<time>2025-02-23T08:45:42Z</time>
			</trkpt>
			<trkpt lat="48.091047" lon="16.170253">
				<ele>481.15</ele>
				<time>2025-02-23T08:45:44Z</time>
			</trkpt>
			<trkpt lat="48.090992" lon="16.170268">
				<ele>481.27</ele>
				<time>2025-02-23T08:45:46Z</time>
			</trkpt>
			<trkpt lat="48.09092" lon="16.170288">
				<ele>481.46</ele>
				<time>2025-02-23T08:45:49Z</time>
			</trkpt>
			<trkpt lat="48.090855" lon="16.170309">
				<ele>481.76</ele>
				<time>2025-02-23T08:45:52Z</time>
			</trkpt>
			<trkpt lat="48.090796" lon="16.170326">
				<ele>482.14</ele>
				<time>2025-02-23T08:45:55Z</time>
			</trkpt>
			<trkpt lat="48.090723" lon="16.170344">
				<ele>482.6</ele>
				<time>2025-02-23T08:45:58Z</time>
			</trkpt>
			<trkpt lat="48.090663" lon="16.170357">
				<ele>483.11</ele>
				<time>2025-02-23T08:46:01Z</time>
			</trkpt>
			<trkpt lat="48.090594" lon="16.170383">
				<ele>483.68</ele>
				<time>2025-02-23T08:46:04Z</time>
			</trkpt>
			<trkpt lat="48.090538" lon="16.170403">
				<ele>484.29</ele>
				<time>2025-02-23T08:46:07Z</time>
			</trkpt>
			<trkpt lat="48.090484" lon="16.170448">
				<ele>484.94</ele>
				<time>2025-02-23T08:46:10Z</time>
			</trkpt>
			<trkpt lat="48.090406" lon="16.170473">
				<ele>485.67</ele>
				<time>2025-02-23T08:46:14Z</time>
			</trkpt>
			<trkpt lat="48.090335" lon="16.17049">
				<ele>486.43</ele>
				<time>2025-02-23T08:46:17Z</time>
			</trkpt>
			<trkpt lat="48.090271" lon="16.170508">
				<ele>487.22</ele>
				<time>2025-02-23T08:46:20Z</time>
			</trkpt>
			<trkpt lat="48.090209" lon="16.170516">
				<ele>488.01</ele>
				<time>2025-02-23T08:46:23Z</time>
			</trkpt>
			<trkpt lat="48.090154" lon="16.170507">
				<ele>488.78</ele>
				<time>2025-02-23T08:46:26Z</time>
			</trkpt>
			<trkpt lat="48.090097" lon="16.170491">
				<ele>489.53</ele>
				<time>2025-02-23T08:46:29Z</time>
			</trkpt>
			<trkpt lat="48.090035" lon="16.170455">
				<ele>490.22</ele>
				<time>2025-02-23T08:46:33Z</time>
			</trkpt>
			<trkpt lat="48.089972" lon="16.170401">
				<ele>490.84</ele>
				<time>2025-02-23T08:46:37Z</time>
			</trkpt>
			<trkpt lat="48.089921" lon="16.170351">
				<ele>491.38</ele>
				<time>2025-02-23T08:46:40Z</time>
			</trkpt>
			<trkpt lat="48.08986" lon="16.170287">
				<ele>491.84</ele>
				<time>2025-02-23T08:46:43Z</time>
			</trkpt>
			<trkpt lat="48.089811" lon="16.170248">
				<ele>492.22</ele>
				<time>2025-02-23T08:46:45Z</time>
			</trkpt>
			<trkpt lat="48.08975" lon="16.170168">
				<ele>492.49</ele>
				<time>2025-02-23T08:46:48Z</time>
			</trkpt>
			<trkpt lat="48.089703" lon="16.170122">
				<ele>492.65</ele>
				<time>2025-02-23T08:46:50Z</time>
			</trkpt>
			<trkpt lat="48.08964" lon="16.170052">
				<ele>492.68</ele>
				<time>2025-02-23T08:46:53Z</time>
			</trkpt>
			<trkpt lat="48.089581" lon="16.169983">
				<ele>492.57</ele>
				<time>2025-02-23T08:46:56Z</time>
			</trkpt>
			<trkpt lat="48.089543" lon="16.169922">
				<ele>492.31</ele>
				<time>2025-02-23T08:46:58Z</time>
			</trkpt>
			<trkpt lat="48.089489" lon="16.169852">
				<ele>491.92</ele>
				<time>2025-02-23T08:47:01Z</time>
			</trkpt>
			<trkpt lat="48.089438" lon="16.169772">
				<ele>491.44</ele>
				<time>2025-02-23T08:47:04Z</time>
			</trkpt>
			<trkpt lat="48.089385" lon="16.16972">
				<ele>490.86</ele>
				<time>2025-02-23T08:47:07Z</time>
			</trkpt>
			<trkpt lat="48.089331" lon="16.169662">
				<ele>490.2</ele>
				<time>2025-02-23T08:47:10Z</time>
			</trkpt>
			<trkpt lat="48.089271" lon="16.169598">
				<ele>489.46</ele>
				<time>2025-02-23T08:47:13Z</time>
			</trkpt>
			<trkpt lat="48.089219" lon="16.169542">
				<ele>488.65</ele>
				<time>2025-02-23T08:47:16Z</time>
			</trkpt>
			<trkpt lat="48.089165" lon="16.169495">
				<ele>487.81</ele>
				<time>2025-02-23T08:47:19Z</time>
			</trkpt>
			<trkpt lat="48.089112" lon="16.169446">
				<ele>486.91</ele>
				<time>2025-02-23T08:47:22Z</time>
			</trkpt>
			<trkpt lat="48.089057" lon="16.169393">
				<ele>485.97</ele>
				<time>2025-02-23T08:47:25Z</time>
			</trkpt>
			<trkpt lat="48.089006" lon="16.169345">
				<ele>484.98</ele>
				<time>2025-02-23T08:47:28Z</time>
			</trkpt>
			<trkpt lat="48.088953" lon="16.169305">
				<ele>483.94</ele>
				<time>2025-02-23T08:47:31Z</time>
			</trkpt>
			<trkpt lat="48.088895" lon="16.169269">
				<ele>482.89</ele>
				<time>2025-02-23T08:47:34Z</time>
			</trkpt>
			<trkpt lat="48.088844" lon="16.169227">
				<ele>481.82</ele>
				<time>2025-02-23T08:47:37Z</time>
			</trkpt>
			<trkpt lat="48.08879" lon="16.169182">
				<ele>480.75</ele>
				<time>2025-02-23T08:47:40Z</time>
			</trkpt>
			<trkpt lat="48.088731" lon="16.169146">
				<ele>479.64</ele>
				<time>2025-02-23T08:47:43Z</time>
			</trkpt>
			<trkpt lat="48.088672" lon="16.16909">
				<ele>478.53</ele>
				<time>2025-02-23T08:47:46Z</time>
			</trkpt>
			<trkpt lat="48.088616" lon="16.16905">
				<ele>477.43</ele>
				<time>2025-02-23T08:47:49Z</time>
			</trkpt>
			<trkpt lat="48.088562" lon="16.169009">
				<ele>476.32</ele>
				<time>2025-02-23T08:47:52Z</time>
			</trkpt>
			<trkpt lat="48.0885" lon="16.168967">
				<ele>475.23</ele>
				<time>2025-02-23T08:47:55Z</time>
			</trkpt>
			<trkpt lat="48.08844" lon="16.168921">
				<ele>474.12</ele>
				<time>2025-02-23T08:47:58Z</time>
			</trkpt>
			<trkpt lat="48.088389" lon="16.168882">
				<ele>473.02</ele>
				<time>2025-02-23T08:48:01Z</time>
			</trkpt>
			<trkpt lat="48.088329" lon="16.168839">
				<ele>471.95</ele>
				<time>2025-02-23T08:48:04Z</time>
			</trkpt>
			<trkpt lat="48.088269" lon="16.16879">
				<ele>470.9</ele>
				<time>2025-02-23T08:48:07Z</time>
			</trkpt>
			<trkpt lat="48.088208" lon="16.168762">
				<ele>469.88</ele>
				<time>2025-02-23T08:48:10Z</time>
			</trkpt>
			<trkpt lat="48.088146" lon="16.168725">
				<ele>468.86</ele>
				<time>2025-02-23T08:48:13Z</time>
			</trkpt>
			<trkpt lat="48.088085" lon="16.168681">
				<ele>467.87</ele>
				<time>2025-02-23T08:48:16Z</time>
			</trkpt>
			<trkpt lat="48.088022" lon="16.16865">
				<ele>466.93</ele>
				<time>2025-02-23T08:48:19Z</time>
			</trkpt>
			<trkpt lat="48.087958" lon="16.168609">
				<ele>466.02</ele>
				<time>2025-02-23T08:48:22Z</time>
			</trkpt>
			<trkpt lat="48.087882" lon="16.168595">
				<ele>465.14</ele>
				<time>2025-02-23T08:48:25Z</time>
			</trkpt>
			<trkpt lat="48.087804" lon="16.168573">
				<ele>464.25</ele>
				<time>2025-02-23T08:48:28Z</time>
			</trkpt>
			<trkpt lat="48.08774" lon="16.168521">
				<ele>463.38</ele>
				<time>2025-02-23T08:48:31Z</time>
			</trkpt>
			<trkpt lat="48.087677" lon="16.168485">
				<ele>462.53</ele>
				<time>2025-02-23T08:48:34Z</time>
			</trkpt>
			<trkpt lat="48.087619" lon="16.168421">
				<ele>461.69</ele>
				<time>2025-02-23T08:48:37Z</time>
			</trkpt>
			<trkpt lat="48.087562" lon="16.16837">
				<ele>460.85</ele>
				<time>2025-02-23T08:48:40Z</time>
			</trkpt>
			<trkpt lat="48.087521" lon="16.168309">
				<ele>460.01</ele>
				<time>2025-02-23T08:48:43Z</time>
			</trkpt>
			<trkpt lat="48.087477" lon="16.168216">
				<ele>459.17</ele>
				<time>2025-02-23T08:48:46Z</time>
			</trkpt>
			<trkpt lat="48.087431" lon="16.168127">
				<ele>458.35</ele>
				<time>2025-02-23T08:48:49Z</time>
			</trkpt>
			<trkpt lat="48.087373" lon="16.168062">
				<ele>457.51</ele>
				<time>2025-02-23T08:48:52Z</time>
			</trkpt>
			<trkpt lat="48.087308" lon="16.168014">
				<ele>456.68</ele>
				<time>2025-02-23T08:48:55Z</time>
			</trkpt>
			<trkpt lat="48.087238" lon="16.167977">
				<ele>455.83</ele>
				<time>2025-02-23T08:48:58Z</time>
			</trkpt>
			<trkpt lat="48.087163" lon="16.167974">
				<ele>454.97</ele>
				<time>2025-02-23T08:49:01Z</time>
			</trkpt>
			<trkpt lat="48.087098" lon="16.167983">
				<ele>454.13</ele>
				<time>2025-02-23T08:49:04Z</time>
			</trkpt>
			<trkpt lat="48.087019" lon="16.168006">
				<ele>453.31</ele>
				<time>2025-02-23T08:49:07Z</time>
			</trkpt>
			<trkpt lat="48.086948" lon="16.168026">
				<ele>452.49</ele>
				<time>2025-02-23T08:49:10Z</time>
			</trkpt>
			<trkpt lat="48.086894" lon="16.168048">
				<ele>451.66</ele>
				<time>2025-02-23T08:49:12Z</time>
			</trkpt>
			<trkpt lat="48.086828" lon="16.16807">
				<ele>450.85</ele>
				<time>2025-02-23T08:49:15Z</time>
			</trkpt>
			<trkpt lat="48.086754" lon="16.168089">
				<ele>450.07</ele>
				<time>2025-02-23T08:49:18Z</time>
			</trkpt>
			<trkpt lat="48.086682" lon="16.168099">
				<ele>449.29</ele>
				<time>2025-02-23T08:49:21Z</time>
			</trkpt>
			<trkpt lat="48.086615" lon="16.168109">
				<ele>448.53</ele>
				<time>2025-02-23T08:49:24Z</time>
			</trkpt>
			<trkpt lat="48.086543" lon="16.168101">
				<ele>447.74</ele>
				<time>2025-02-23T08:49:27Z</time>
			</trkpt>
			<trkpt lat="48.08647" lon="16.168103">
				<ele>446.97</ele>
				<time>2025-02-23T08:49:30Z</time>
			</trkpt>
			<trkpt lat="48.086403" lon="16.168097">
				<ele>446.21</ele>
				<time>2025-02-23T08:49:33Z</time>
			</trkpt>
			<trkpt lat="48.086333" lon="16.168088">
				<ele>445.46</ele>
				<time>2025-02-23T08:49:36Z</time>
			</trkpt>
			<trkpt lat="48.086255" lon="16.168065">
				<ele>444.74</ele>
				<time>2025-02-23T08:49:39Z</time>
			</trkpt>
			<trkpt lat="48.086188" lon="16.16804">
				<ele>443.99</ele>
				<time>2025-02-23T08:49:42Z</time>
			</trkpt>
			<trkpt lat="48.086112" lon="16.168018">
				<ele>443.26</ele>
				<time>2025-02-23T08:49:45Z</time>
			</trkpt>
			<trkpt lat="48.086045" lon="16.168">
				<ele>442.55</ele>
				<time>2025-02-23T08:49:48Z</time>
			</trkpt>
			<trkpt lat="48.085979" lon="16.167966">
				<ele>441.83</ele>
				<time>2025-02-23T08:49:51Z</time>
			</trkpt>
			<trkpt lat="48.085906" lon="16.16793">
				<ele>441.12</ele>
				<time>2025-02-23T08:49:54Z</time>
			</trkpt>
			<trkpt lat="48.085839" lon="16.167897">
				<ele>440.41</ele>
				<time>2025-02-23T08:49:57Z</time>
			</trkpt>
			<trkpt lat="48.08577" lon="16.167853">
				<ele>439.7</ele>
				<time>2025-02-23T08:50:00Z</time>
			</trkpt>
			<trkpt lat="48.085717" lon="16.167796">
				<ele>439.01</ele>
				<time>2025-02-23T08:50:03Z</time>
			</trkpt>
			<trkpt lat="48.085654" lon="16.16775">
				<ele>438.34</ele>
				<time>2025-02-23T08:50:06Z</time>
			</trkpt>
			<trkpt lat="48.085594" lon="16.167689">
				<ele>437.68</ele>
				<time>2025-02-23T08:50:09Z</time>
			</trkpt>
			<trkpt lat="48.085538" lon="16.167647">
				<ele>437.03</ele>
				<time>2025-02-23T08:50:12Z</time>
			</trkpt>
			<trkpt lat="48.085476" lon="16.167576">
				<ele>436.38</ele>
				<time>2025-02-23T08:50:15Z</time>
			</trkpt>
			<trkpt lat="48.085406" lon="16.167528">
				<ele>435.76</ele>
				<time>2025-02-23T08:50:18Z</time>
			</trkpt>
			<trkpt lat="48.085332" lon="16.167481">
				<ele>435.15</ele>
				<time>2025-02-23T08:50:21Z</time>
			</trkpt>
			<trkpt lat="48.085259" lon="16.167435">
				<ele>434.56</ele>
				<time>2025-02-23T08:50:24Z</time>
			</trkpt>
			<trkpt lat="48.08519" lon="16.16739">
				<ele>433.97</ele>
				<time>2025-02-23T08:50:27Z</time>
			</trkpt>
			<trkpt lat="48.085116" lon="16.167376">
				<ele>433.4</ele>
				<time>2025-02-23T08:50:30Z</time>
			</trkpt>
			<trkpt lat="48.085039" lon="16.167359">
				<ele>432.83</ele>
				<time>2025-02-23T08:50:33Z</time>
			</trkpt>
			<trkpt lat="48.084982" lon="16.167338">
				<ele>432.27</ele>
				<time>2025-02-23T08:50:35Z</time>
			</trkpt>
			<trkpt lat="48.084912" lon="16.167312">
				<ele>431.72</ele>
				<time>2025-02-23T08:50:38Z</time>
			</trkpt>
			<trkpt lat="48.08486" lon="16.167281">
				<ele>431.14</ele>
				<time>2025-02-23T08:50:40Z</time>
			</trkpt>
			<trkpt lat="48.084789" lon="16.167253">
				<ele>430.56</ele>
				<time>2025-02-23T08:50:43Z</time>
			</trkpt>
			<trkpt lat="48.084715" lon="16.167212">
				<ele>429.94</ele>
				<time>2025-02-23T08:50:46Z</time>
			</trkpt>
			<trkpt lat="48.084648" lon="16.167155">
				<ele>429.32</ele>
				<time>2025-02-23T08:50:49Z</time>
			</trkpt>
			<trkpt lat="48.084588" lon="16.167125">
				<ele>428.68</ele>
				<time>2025-02-23T08:50:52Z</time>
			</trkpt>
			<trkpt lat="48.084533" lon="16.167123">
				<ele>428.01</ele>
				<time>2025-02-23T08:50:54Z</time>
			</trkpt>
			<trkpt lat="48.084472" lon="16.167097">
				<ele>427.3</ele>
				<time>2025-02-23T08:50:57Z</time>
			</trkpt>
			<trkpt lat="48.084398" lon="16.167107">
				<ele>426.55</ele>
				<time>2025-02-23T08:51:00Z</time>
			</trkpt>
			<trkpt lat="48.084321" lon="16.167093">
				<ele>425.79</ele>
				<time>2025-02-23T08:51:03Z</time>
			</trkpt>
			<trkpt lat="48.084255" lon="16.167059">
				<ele>425.0</ele>
				<time>2025-02-23T08:51:06Z</time>
			</trkpt>
			<trkpt lat="48.084195" lon="16.167022">
				<ele>424.18</ele>
				<time>2025-02-23T08:51:09Z</time>
			</trkpt>
			<trkpt lat="48.084132" lon="16.166979">
				<ele>423.32</ele>
				<time>2025-02-23T08:51:12Z</time>
			</trkpt>
			<trkpt lat="48.084066" lon="16.166917">
				<ele>422.41</ele>
				<time>2025-02-23T08:51:15Z</time>
			</trkpt>
			<trkpt lat="48.084006" lon="16.166864">
				<ele>421.5</ele>
				<time>2025-02-23T08:51:18Z</time>
			</trkpt>
			<trkpt lat="48.083958" lon="16.166795">
				<ele>420.53</ele>
				<time>2025-02-23T08:51:21Z</time>
			</trkpt>
			<trkpt lat="48.083914" lon="16.166707">
				<ele>419.55</ele>
				<time>2025-02-23T08:51:24Z</time>
			</trkpt>
			<trkpt lat="48.083876" lon="16.166619">
				<ele>418.53</ele>
				<time>2025-02-23T08:51:27Z</time>
			</trkpt>
			<trkpt lat="48.083836" lon="16.166525">
				<ele>417.5</ele>
				<time>2025-02-23T08:51:30Z</time>
			</trkpt>
			<trkpt lat="48.083796" lon="16.166444">
				<ele>416.47</ele>
				<time>2025-02-23T08:51:33Z</time>
			</trkpt>
			<trkpt lat="48.083777" lon="16.16635">
				<ele>415.45</ele>
				<time>2025-02-23T08:51:36Z</time>
			</trkpt>
			<trkpt lat="48.08374" lon="16.166264">
				<ele>414.47</ele>
				<time>2025-02-23T08:51:40Z</time>
			</trkpt>
			<trkpt lat="48.083704" lon="16.166197">
				<ele>413.49</ele>
				<time>2025-02-23T08:51:43Z</time>
			</trkpt>
			<trkpt lat="48.083666" lon="16.166124">
				<ele>412.56</ele>
				<time>2025-02-23T08:51:46Z</time>
			</trkpt>
			<trkpt lat="48.083631" lon="16.166038">
				<ele>411.68</ele>
				<time>2025-02-23T08:51:49Z</time>
			</trkpt>
			<trkpt lat="48.083586" lon="16.165965">
				<ele>410.86</ele>
				<time>2025-02-23T08:51:52Z</time>
			</trkpt>
			<trkpt lat="48.083511" lon="16.165917">
				<ele>410.09</ele>
				<time>2025-02-23T08:51:55Z</time>
			</trkpt>
			<trkpt lat="48.083439" lon="16.165892">
				<ele>409.35</ele>
				<time>2025-02-23T08:51:58Z</time>
			</trkpt>
			<trkpt lat="48.083364" lon="16.165879">
				<ele>408.69</ele>
				<time>2025-02-23T08:52:01Z</time>
			</trkpt>
			<trkpt lat="48.08331" lon="16.165868">
				<ele>408.09</ele>
				<time>2025-02-23T08:52:03Z</time>
			</trkpt>
			<trkpt lat="48.083241" lon="16.165849">
				<ele>407.54</ele>
				<time>2025-02-23T08:52:06Z</time>
			</trkpt>
			<trkpt lat="48.083187" lon="16.165832">
				<ele>407.05</ele>
				<time>2025-02-23T08:52:08Z</time>
			</trkpt>
			<trkpt lat="48.083123" lon="16.165814">
				<ele>406.57</ele>
				<time>2025-02-23T08:52:11Z</time>
			</trkpt>
			<trkpt lat="48.083061" lon="16.1658">
				<ele>406.12</ele>
				<time>2025-02-23T08:52:13Z</time>
			</trkpt>
			<trkpt lat="48.08299" lon="16.165792">
				<ele>405.67</ele>
				<time>2025-02-23T08:52:16Z</time>
			</trkpt>
			<trkpt lat="48.082931" lon="16.16578">
				<ele>405.23</ele>
				<time>2025-02-23T08:52:18Z</time>
			</trkpt>
			<trkpt lat="48.082859" lon="16.165779">
				<ele>404.81</ele>
				<time>2025-02-23T08:52:21Z</time>
			</trkpt>
			<trkpt lat="48.082794" lon="16.165763">
				<ele>404.38</ele>
				<time>2025-02-23T08:52:23Z</time>
			</trkpt>
			<trkpt lat="48.082718" lon="16.165758">
				<ele>403.96</ele>
				<time>2025-02-23T08:52:26Z</time>
			</trkpt>
			<trkpt lat="48.082641" lon="16.165741">
				<ele>403.56</ele>
				<time>2025-02-23T08:52:29Z</time>
			</trkpt>
			<trkpt lat="48.082562" lon="16.165727">
				<ele>403.18</ele>
				<time>2025-02-23T08:52:32Z</time>
			</trkpt>
			<trkpt lat="48.08249" lon="16.165722">
				<ele>402.81</ele>
				<time>2025-02-23T08:52:35Z</time>
			</trkpt>
			<trkpt lat="48.082419" lon="16.165717">
				<ele>402.45</ele>
				<time>2025-02-23T08:52:38Z</time>
			</trkpt>
			<trkpt lat="48.082339" lon="16.165718">
				<ele>402.11</ele>
				<time>2025-02-23T08:52:41Z</time>
			</trkpt>
			<trkpt lat="48.082265" lon="16.165699">
				<ele>401.78</ele>
				<time>2025-02-23T08:52:44Z</time>
			</trkpt>
			<trkpt lat="48.082207" lon="16.165693">
				<ele>401.47</ele>
				<time>2025-02-23T08:52:46Z</time>
			</trkpt>
			<trkpt lat="48.082152" lon="16.165685">
				<ele>401.16</ele>
				<time>2025-02-23T08:52:48Z</time>
			</trkpt>
			<trkpt lat="48.082079" lon="16.165658">
				<ele>400.92</ele>
				<time>2025-02-23T08:52:51Z</time>
			</trkpt>
			<trkpt lat="48.082022" lon="16.165642">
				<ele>400.67</ele>
				<time>2025-02-23T08:52:53Z</time>
			</trkpt>
			<trkpt lat="48.081953" lon="16.165627">
				<ele>400.42</ele>
				<time>2025-02-23T08:52:56Z</time>
			</trkpt>
			<trkpt lat="48.081894" lon="16.165629">
				<ele>400.19</ele>
				<time>2025-02-23T08:52:58Z</time>
			</trkpt>
			<trkpt lat="48.081817" lon="16.165621">
				<ele>399.98</ele>
				<time>2025-02-23T08:53:01Z</time>
			</trkpt>
			<trkpt lat="48.081746" lon="16.165618">
				<ele>399.75</ele>
				<time>2025-02-23T08:53:04Z</time>
			</trkpt>
			<trkpt lat="48.081686" lon="16.16561">
				<ele>399.54</ele>
				<time>2025-02-23T08:53:06Z</time>
			</trkpt>
			<trkpt lat="48.081611" lon="16.165591">
				<ele>399.32</ele>
				<time>2025-02-23T08:53:09Z</time>
			</trkpt>
			<trkpt lat="48.081554" lon="16.165592">
				<ele>399.08</ele>
				<time>2025-02-23T08:53:11Z</time>
			</trkpt>
			<trkpt lat="48.081496" lon="16.165594">
				<ele>398.84</ele>
				<time>2025-02-23T08:53:13Z</time>
			</trkpt>
			<trkpt lat="48.081417" lon="16.165591">
				<ele>398.57</ele>
				<time>2025-02-23T08:53:16Z</time>
			</trkpt>
			<trkpt lat="48.081336" lon="16.165585">
				<ele>398.28</ele>
				<time>2025-02-23T08:53:19Z</time>
			</trkpt>
			<trkpt lat="48.08126" lon="16.165588">
				<ele>397.98</ele>
				<time>2025-02-23T08:53:22Z</time>
			</trkpt>
			<trkpt lat="48.081184" lon="16.165591">
				<ele>397.63</ele>
				<time>2025-02-23T08:53:25Z</time>
			</trkpt>
			<trkpt lat="48.081102" lon="16.165575">
				<ele>397.28</ele>
				<time>2025-02-23T08:53:28Z</time>
			</trkpt>
			<trkpt lat="48.081022" lon="16.165567">
				<ele>396.87</ele>
				<time>2025-02-23T08:53:31Z</time>
			</trkpt>
			<trkpt lat="48.080946" lon="16.165568">
				<ele>396.44</ele>
				<time>2025-02-23T08:53:34Z</time>
			</trkpt>
			<trkpt lat="48.080866" lon="16.165558">
				<ele>396.01</ele>
				<time>2025-02-23T08:53:37Z</time>
			</trkpt>
			<trkpt lat="48.080787" lon="16.165554">
				<ele>395.58</ele>
				<time>2025-02-23T08:53:40Z</time>
			</trkpt>
			<trkpt lat="48.080732" lon="16.165553">
				<ele>395.09</ele>
				<time>2025-02-23T08:53:42Z</time>
			</trkpt>
			<trkpt lat="48.080675" lon="16.165552">
				<ele>394.58</ele>
				<time>2025-02-23T08:53:44Z</time>
			</trkpt>
			<trkpt lat="48.080594" lon="16.165537">
				<ele>394.08</ele>
				<time>2025-02-23T08:53:47Z</time>
			</trkpt>
			<trkpt lat="48.080538" lon="16.165539">
				<ele>393.58</ele>
				<time>2025-02-23T08:53:49Z</time>
			</trkpt>
			<trkpt lat="48.080482" lon="16.165525">
				<ele>393.11</ele>
				<time>2025-02-23T08:53:51Z</time>
			</trkpt>
			<trkpt lat="48.080423" lon="16.16552">
				<ele>392.64</ele>
				<time>2025-02-23T08:53:53Z</time>
			</trkpt>
			<trkpt lat="48.080346" lon="16.16551">
				<ele>392.22</ele>
				<time>2025-02-23T08:53:56Z</time>
			</trkpt>
			<trkpt lat="48.080264" lon="16.165501">
				<ele>391.82</ele>
				<time>2025-02-23T08:53:59Z</time>
			</trkpt>
			<trkpt lat="48.080182" lon="16.165495">
				<ele>391.44</ele>
				<time>2025-02-23T08:54:02Z</time>
			</trkpt>
			<trkpt lat="48.080126" lon="16.165498">
				<ele>391.09</ele>
				<time>2025-02-23T08:54:04Z</time>
			</trkpt>
			<trkpt lat="48.080072" lon="16.165487">
				<ele>390.78</ele>
				<time>2025-02-23T08:54:06Z</time>
			</trkpt>
			<trkpt lat="48.079993" lon="16.165476">
				<ele>390.46</ele>
				<time>2025-02-23T08:54:09Z</time>
			</trkpt>
			<trkpt lat="48.079939" lon="16.16546">
				<ele>390.16</ele>
				<time>2025-02-23T08:54:11Z</time>
			</trkpt>
			<trkpt lat="48.079882" lon="16.165458">
				<ele>389.9</ele>
				<time>2025-02-23T08:54:13Z</time>
			</trkpt>
			<trkpt lat="48.079827" lon="16.165454">
				<ele>389.65</ele>
				<time>2025-02-23T08:54:15Z</time>
			</trkpt>
			<trkpt lat="48.07977" lon="16.165449">
				<ele>389.43</ele>
				<time>2025-02-23T08:54:17Z</time>
			</trkpt>
			<trkpt lat="48.079714" lon="16.165436">
				<ele>389.2</ele>
				<time>2025-02-23T08:54:19Z</time>
			</trkpt>
			<trkpt lat="48.079642" lon="16.165428">
				<ele>388.98</ele>
				<time>2025-02-23T08:54:22Z</time>
			</trkpt>
			<trkpt lat="48.079584" lon="16.16542">
				<ele>388.74</ele>
				<time>2025-02-23T08:54:24Z</time>
			</trkpt>
			<trkpt lat="48.079522" lon="16.165418">
				<ele>388.51</ele>
				<time>2025-02-23T08:54:26Z</time>
			</trkpt>
			<trkpt lat="48.079444" lon="16.165418">
				<ele>388.24</ele>
				<time>2025-02-23T08:54:29Z</time>
			</trkpt>
			<trkpt lat="48.079388" lon="16.165406">
				<ele>387.96</ele>
				<time>2025-02-23T08:54:31Z</time>
			</trkpt>
			<trkpt lat="48.07932" lon="16.165396">
				<ele>387.69</ele>
				<time>2025-02-23T08:54:34Z</time>
			</trkpt>
			<trkpt lat="48.079253" lon="16.165353">
				<ele>387.4</ele>
				<time>2025-02-23T08:54:37Z</time>
			</trkpt>
			<trkpt lat="48.079185" lon="16.165316">
				<ele>387.1</ele>
				<time>2025-02-23T08:54:40Z</time>
			</trkpt>
			<trkpt lat="48.079121" lon="16.165254">
				<ele>386.79</ele>
				<time>2025-02-23T08:54:43Z</time>
			</trkpt>
			<trkpt lat="48.079082" lon="16.165197">
				<ele>386.45</ele>
				<time>2025-02-23T08:54:45Z</time>
			</trkpt>
			<trkpt lat="48.079052" lon="16.165129">
				<ele>386.1</ele>
				<time>2025-02-23T08:54:47Z</time>
			</trkpt>
			<trkpt lat="48.079027" lon="16.165057">
				<ele>385.73</ele>
				<time>2025-02-23T08:54:49Z</time>
			</trkpt>
			<trkpt lat="48.079008" lon="16.164981">
				<ele>385.36</ele>
				<time>2025-02-23T08:54:51Z</time>
			</trkpt>
			<trkpt lat="48.078978" lon="16.164874">
				<ele>384.97</ele>
				<time>2025-02-23T08:54:54Z</time>
			</trkpt>
			<trkpt lat="48.078955" lon="16.164768">
				<ele>384.58</ele>
				<time>2025-02-23T08:54:57Z</time>
			</trkpt>
			<trkpt lat="48.078936" lon="16.16469">
				<ele>384.21</ele>
				<time>2025-02-23T08:54:59Z</time>
			</trkpt>
			<trkpt lat="48.078908" lon="16.164579">
				<ele>383.85</ele>
				<time>2025-02-23T08:55:02Z</time>
			</trkpt>
			<trkpt lat="48.078885" lon="16.164471">
				<ele>383.46</ele>
				<time>2025-02-23T08:55:05Z</time>
			</trkpt>
			<trkpt lat="48.078856" lon="16.164366">
				<ele>383.08</ele>
				<time>2025-02-23T08:55:08Z</time>
			</trkpt>
			<trkpt lat="48.078818" lon="16.164266">
				<ele>382.71</ele>
				<time>2025-02-23T08:55:11Z</time>
			</trkpt>
			<trkpt lat="48.078765" lon="16.164166">
				<ele>382.35</ele>
				<time>2025-02-23T08:55:14Z</time>
			</trkpt>
			<trkpt lat="48.078705" lon="16.164093">
				<ele>382.02</ele>
				<time>2025-02-23T08:55:17Z</time>
			</trkpt>
			<trkpt lat="48.078641" lon="16.16402">
				<ele>381.69</ele>
				<time>2025-02-23T08:55:20Z</time>
			</trkpt>
			<trkpt lat="48.078582" lon="16.163945">
				<ele>381.38</ele>
				<time>2025-02-23T08:55:23Z</time>
			</trkpt>
			<trkpt lat="48.078528" lon="16.163874">
				<ele>381.07</ele>
				<time>2025-02-23T08:55:26Z</time>
			</trkpt>
			<trkpt lat="48.078477" lon="16.163786">
				<ele>380.76</ele>
				<time>2025-02-23T08:55:29Z</time>
			</trkpt>
			<trkpt lat="48.078419" lon="16.163713">
				<ele>380.45</ele>
				<time>2025-02-23T08:55:32Z</time>
			</trkpt>
			<trkpt lat="48.078359" lon="16.163641">
				<ele>380.15</ele>
				<time>2025-02-23T08:55:35Z</time>
			</trkpt>
			<trkpt lat="48.078302" lon="16.163566">
				<ele>379.86</ele>
				<time>2025-02-23T08:55:38Z</time>
			</trkpt>
			<trkpt lat="48.078237" lon="16.163501">
				<ele>379.55</ele>
				<time>2025-02-23T08:55:41Z</time>
			</trkpt>
			<trkpt lat="48.07818" lon="16.163422">
				<ele>379.21</ele>
				<time>2025-02-23T08:55:44Z</time>
			</trkpt>
			<trkpt lat="48.078124" lon="16.163347">
				<ele>378.85</ele>
				<time>2025-02-23T08:55:47Z</time>
			</trkpt>
			<trkpt lat="48.078061" lon="16.163276">
				<ele>378.49</ele>
				<time>2025-02-23T08:55:50Z</time>
			</trkpt>
			<trkpt lat="48.078004" lon="16.163196">
				<ele>378.12</ele>
				<time>2025-02-23T08:55:53Z</time>
			</trkpt>
			<trkpt lat="48.077963" lon="16.163143">
				<ele>377.72</ele>
				<time>2025-02-23T08:55:55Z</time>
			</trkpt>
			<trkpt lat="48.077904" lon="16.163072">
				<ele>377.3</ele>
				<time>2025-02-23T08:55:58Z</time>
			</trkpt>
			<trkpt lat="48.077846" lon="16.163007">
				<ele>376.86</ele>
				<time>2025-02-23T08:56:01Z</time>
			</trkpt>
			<trkpt lat="48.07779" lon="16.162942">
				<ele>376.4</ele>
				<time>2025-02-23T08:56:04Z</time>
			</trkpt>
			<trkpt lat="48.077739" lon="16.162897">
				<ele>375.93</ele>
				<time>2025-02-23T08:56:06Z</time>
			</trkpt>
			<trkpt lat="48.077676" lon="16.162817">
				<ele>375.44</ele>
				<time>2025-02-23T08:56:09Z</time>
			</trkpt>
			<trkpt lat="48.077608" lon="16.162757">
				<ele>374.92</ele>
				<time>2025-02-23T08:56:12Z</time>
			</trkpt>
			<trkpt lat="48.077539" lon="16.162705">
				<ele>374.38</ele>
				<time>2025-02-23T08:56:15Z</time>
			</trkpt>
			<trkpt lat="48.07747" lon="16.162672">
				<ele>373.84</ele>
				<time>2025-02-23T08:56:18Z</time>
			</trkpt>
			<trkpt lat="48.077415" lon="16.162655">
				<ele>373.3</ele>
				<time>2025-02-23T08:56:20Z</time>
			</trkpt>
			<trkpt lat="48.077342" lon="16.162608">
				<ele>372.75</ele>
				<time>2025-02-23T08:56:23Z</time>
			</trkpt>
			<trkpt lat="48.077291" lon="16.162585">
				<ele>372.15</ele>
				<time>2025-02-23T08:56:25Z</time>
			</trkpt>
			<trkpt lat="48.077217" lon="16.162562">
				<ele>371.52</ele>
				<time>2025-02-23T08:56:28Z</time>
			</trkpt>
			<trkpt lat="48.077143" lon="16.162522">
				<ele>370.86</ele>
				<time>2025-02-23T08:56:31Z</time>
			</trkpt>
			<trkpt lat="48.077061" lon="16.162501">
				<ele>370.22</ele>
				<time>2025-02-23T08:56:34Z</time>
			</trkpt>
			<trkpt lat="48.076999" lon="16.162477">
				<ele>369.58</ele>
				<time>2025-02-23T08:56:37Z</time>
			</trkpt>
			<trkpt lat="48.076931" lon="16.162461">
				<ele>368.95</ele>
				<time>2025-02-23T08:56:40Z</time>
			</trkpt>
			<trkpt lat="48.076867" lon="16.162444">
				<ele>368.33</ele>
				<time>2025-02-23T08:56:43Z</time>
			</trkpt>
			<trkpt lat="48.076799" lon="16.162421">
				<ele>367.72</ele>
				<time>2025-02-23T08:56:46Z</time>
			</trkpt>
			<trkpt lat="48.076729" lon="16.162416">
				<ele>367.15</ele>
				<time>2025-02-23T08:56:49Z</time>
			</trkpt>
			<trkpt lat="48.076672" lon="16.162423">
				<ele>366.61</ele>
				<time>2025-02-23T08:56:51Z</time>
			</trkpt>
			<trkpt lat="48.076598" lon="16.162458">
				<ele>366.1</ele>
				<time>2025-02-23T08:56:54Z</time>
			</trkpt>
			<trkpt lat="48.076526" lon="16.162491">
				<ele>365.58</ele>
				<time>2025-02-23T08:56:57Z</time>
			</trkpt>
			<trkpt lat="48.076466" lon="16.162556">
				<ele>365.11</ele>
				<time>2025-02-23T08:57:00Z</time>
			</trkpt>
			<trkpt lat="48.076398" lon="16.162603">
				<ele>364.65</ele>
				<time>2025-02-23T08:57:03Z</time>
			</trkpt>
			<trkpt lat="48.076351" lon="16.162649">
				<ele>364.24</ele>
				<time>2025-02-23T08:57:05Z</time>
			</trkpt>
			<trkpt lat="48.076305" lon="16.162707">
				<ele>363.89</ele>
				<time>2025-02-23T08:57:07Z</time>
			</trkpt>
			<trkpt lat="48.07625" lon="16.162739">
				<ele>363.55</ele>
				<time>2025-02-23T08:57:09Z</time>
			</trkpt>
			<trkpt lat="48.076185" lon="16.162788">
				<ele>363.24</ele>
				<time>2025-02-23T08:57:12Z</time>
			</trkpt>
			<trkpt lat="48.076133" lon="16.162819">
				<ele>362.96</ele>
				<time>2025-02-23T08:57:14Z</time>
			</trkpt>
			<trkpt lat="48.076085" lon="16.16289">
				<ele>362.71</ele>
				<time>2025-02-23T08:57:33Z</time>
			</trkpt>
			<trkpt lat="48.076036" lon="16.162965">
				<ele>362.48</ele>
				<time>2025-02-23T08:57:36Z</time>
			</trkpt>
			<trkpt lat="48.07598" lon="16.162993">
				<ele>362.26</ele>
				<time>2025-02-23T08:57:38Z</time>
			</trkpt>
			<trkpt lat="48.075918" lon="16.163056">
				<ele>362.04</ele>
				<time>2025-02-23T08:57:41Z</time>
			</trkpt>
			<trkpt lat="48.075848" lon="16.163122">
				<ele>361.83</ele>
				<time>2025-02-23T08:57:44Z</time>
			</trkpt>
			<trkpt lat="48.075781" lon="16.163187">
				<ele>361.62</ele>
				<time>2025-02-23T08:57:47Z</time>
			</trkpt>
			<trkpt lat="48.075734" lon="16.163227">
				<ele>361.44</ele>
				<time>2025-02-23T08:57:49Z</time>
			</trkpt>
			<trkpt lat="48.075688" lon="16.163271">
				<ele>361.24</ele>
				<time>2025-02-23T08:57:51Z</time>
			</trkpt>
			<trkpt lat="48.075644" lon="16.163333">
				<ele>361.03</ele>
				<time>2025-02-23T08:57:53Z</time>
			</trkpt>
			<trkpt lat="48.075574" lon="16.163412">
				<ele>360.8</ele>
				<time>2025-02-23T08:57:56Z</time>
			</trkpt>
			<trkpt lat="48.075529" lon="16.163472">
				<ele>360.58</ele>
				<time>2025-02-23T08:57:59Z</time>
			</trkpt>
			<trkpt lat="48.07541" lon="16.163422">
				<ele>360.35</ele>
				<time>2025-02-23T08:58:03Z</time>
			</trkpt>
			<trkpt lat="48.075323" lon="16.163388">
				<ele>360.13</ele>
				<time>2025-02-23T08:58:06Z</time>
			</trkpt>
			<trkpt lat="48.075256" lon="16.163355">
				<ele>359.92</ele>
				<time>2025-02-23T08:58:09Z</time>
			</trkpt>
			<trkpt lat="48.075189" lon="16.163312">
				<ele>359.72</ele>
				<time>2025-02-23T08:58:12Z</time>
			</trkpt>
			<trkpt lat="48.07512" lon="16.163264">
				<ele>359.52</ele>
				<time>2025-02-23T08:58:15Z</time>
			</trkpt>
			<trkpt lat="48.07506" lon="16.163214">
				<ele>359.34</ele>
				<time>2025-02-23T08:58:18Z</time>
			</trkpt>
			<trkpt lat="48.074992" lon="16.163155">
				<ele>359.18</ele>
				<time>2025-02-23T08:58:21Z</time>
			</trkpt>
			<trkpt lat="48.074927" lon="16.163086">
				<ele>359.05</ele>
				<time>2025-02-23T08:58:24Z</time>
			</trkpt>
			<trkpt lat="48.074884" lon="16.163028">
				<ele>358.95</ele>
				<time>2025-02-23T08:58:26Z</time>
			</trkpt>
			<trkpt lat="48.074824" lon="16.162956">
				<ele>358.91</ele>
				<time>2025-02-23T08:58:29Z</time>
			</trkpt>
			<trkpt lat="48.074774" lon="16.162868">
				<ele>358.91</ele>
				<time>2025-02-23T08:58:32Z</time>
			</trkpt>
			<trkpt lat="48.074723" lon="16.16279">
				<ele>358.95</ele>
				<time>2025-02-23T08:58:35Z</time>
			</trkpt>
			<trkpt lat="48.074678" lon="16.162703">
				<ele>359.02</ele>
				<time>2025-02-23T08:58:38Z</time>
			</trkpt>
			<trkpt lat="48.07463" lon="16.162611">
				<ele>359.12</ele>
				<time>2025-02-23T08:58:41Z</time>
			</trkpt>
			<trkpt lat="48.0746" lon="16.162501">
				<ele>359.24</ele>
				<time>2025-02-23T08:58:44Z</time>
			</trkpt>
			<trkpt lat="48.07456" lon="16.162437">
				<ele>359.39</ele>
				<time>2025-02-23T08:58:46Z</time>
			</trkpt>
			<trkpt lat="48.074529" lon="16.162338">
				<ele>359.57</ele>
				<time>2025-02-23T08:58:49Z</time>
			</trkpt>
			<trkpt lat="48.074491" lon="16.162254">
				<ele>359.78</ele>
				<time>2025-02-23T08:58:52Z</time>
			</trkpt>
			<trkpt lat="48.074445" lon="16.162207">
				<ele>360.05</ele>
				<time>2025-02-23T08:58:55Z</time>
			</trkpt>
			<trkpt lat="48.074373" lon="16.162187">
				<ele>360.35</ele>
				<time>2025-02-23T08:58:58Z</time>
			</trkpt>
			<trkpt lat="48.074307" lon="16.162195">
				<ele>360.69</ele>
				<time>2025-02-23T08:59:01Z</time>
			</trkpt>
			<trkpt lat="48.074242" lon="16.162227">
				<ele>361.06</ele>
				<time>2025-02-23T08:59:04Z</time>
			</trkpt>
			<trkpt lat="48.074182" lon="16.162224">
				<ele>361.48</ele>
				<time>2025-02-23T08:59:07Z</time>
			</trkpt>
			<trkpt lat="48.074121" lon="16.162179">
				<ele>361.91</ele>
				<time>2025-02-23T08:59:11Z</time>
			</trkpt>
			<trkpt lat="48.074066" lon="16.162139">
				<ele>362.38</ele>
				<time>2025-02-23T08:59:14Z</time>
			</trkpt>
			<trkpt lat="48.074" lon="16.162114">
				<ele>362.87</ele>
				<time>2025-02-23T08:59:17Z</time>
			</trkpt>
			<trkpt lat="48.073947" lon="16.162037">
				<ele>363.37</ele>
				<time>2025-02-23T08:59:20Z</time>
			</trkpt>
			<trkpt lat="48.073898" lon="16.161975">
				<ele>363.9</ele>
				<time>2025-02-23T08:59:23Z</time>
			</trkpt>
			<trkpt lat="48.073849" lon="16.16191">
				<ele>364.46</ele>
				<time>2025-02-23T08:59:26Z</time>
			</trkpt>
			<trkpt lat="48.07381" lon="16.161832">
				<ele>365.04</ele>
				<time>2025-02-23T08:59:29Z</time>
			</trkpt>
			<trkpt lat="48.073766" lon="16.161756">
				<ele>365.63</ele>
				<time>2025-02-23T08:59:32Z</time>
			</trkpt>
			<trkpt lat="48.073721" lon="16.161674">
				<ele>366.2</ele>
				<time>2025-02-23T08:59:35Z</time>
			</trkpt>
			<trkpt lat="48.07368" lon="16.161601">
				<ele>366.77</ele>
				<time>2025-02-23T08:59:38Z</time>
			</trkpt>
			<trkpt lat="48.073648" lon="16.161529">
				<ele>367.34</ele>
				<time>2025-02-23T08:59:41Z</time>
			</trkpt>
			<trkpt lat="48.073596" lon="16.161452">
				<ele>367.91</ele>
				<time>2025-02-23T08:59:44Z</time>
			</trkpt>
			<trkpt lat="48.073562" lon="16.161388">
				<ele>368.48</ele>
				<time>2025-02-23T08:59:47Z</time>
			</trkpt>
			<trkpt lat="48.073523" lon="16.161313">
				<ele>369.04</ele>
				<time>2025-02-23T08:59:50Z</time>
			</trkpt>
			<trkpt lat="48.073478" lon="16.161251">
				<ele>369.6</ele>
				<time>2025-02-23T08:59:53Z</time>
			</trkpt>
			<trkpt lat="48.073428" lon="16.161182">
				<ele>370.2</ele>
				<time>2025-02-23T08:59:56Z</time>
			</trkpt>
			<trkpt lat="48.073389" lon="16.161117">
				<ele>370.85</ele>
				<time>2025-02-23T08:59:59Z</time>
			</trkpt>
			<trkpt lat="48.073345" lon="16.161057">
				<ele>371.5</ele>
				<time>2025-02-23T09:00:02Z</time>
			</trkpt>
			<trkpt lat="48.073291" lon="16.161">
				<ele>372.19</ele>
				<time>2025-02-23T09:00:05Z</time>
			</trkpt>
			<trkpt lat="48.073252" lon="16.160942">
				<ele>372.91</ele>
				<time>2025-02-23T09:00:08Z</time>
			</trkpt>
			<trkpt lat="48.073206" lon="16.160861">
				<ele>373.64</ele>
				<time>2025-02-23T09:00:12Z</time>
			</trkpt>
			<trkpt lat="48.073158" lon="16.16079">
				<ele>374.46</ele>
				<time>2025-02-23T09:00:16Z</time>
			</trkpt>
			<trkpt lat="48.073101" lon="16.16072">
				<ele>375.34</ele>
				<time>2025-02-23T09:00:20Z</time>
			</trkpt>
			<trkpt lat="48.073066" lon="16.160631">
				<ele>376.27</ele>
				<time>2025-02-23T09:00:24Z</time>
			</trkpt>
			<trkpt lat="48.073019" lon="16.160531">
				<ele>377.23</ele>
				<time>2025-02-23T09:00:29Z</time>
			</trkpt>
			<trkpt lat="48.072986" lon="16.160446">
				<ele>378.26</ele>
				<time>2025-02-23T09:00:33Z</time>
			</trkpt>
			<trkpt lat="48.072959" lon="16.160373">
				<ele>379.33</ele>
				<time>2025-02-23T09:00:37Z</time>
			</trkpt>
			<trkpt lat="48.072934" lon="16.160296">
				<ele>380.47</ele>
				<time>2025-02-23T09:00:42Z</time>
			</trkpt>
			<trkpt lat="48.072915" lon="16.160201">
				<ele>381.62</ele>
				<time>2025-02-23T09:00:48Z</time>
			</trkpt>
			<trkpt lat="48.072891" lon="16.160107">
				<ele>382.78</ele>
				<time>2025-02-23T09:00:53Z</time>
			</trkpt>
			<trkpt lat="48.072874" lon="16.16001">
				<ele>383.98</ele>
				<time>2025-02-23T09:00:57Z</time>
			</trkpt>
			<trkpt lat="48.072864" lon="16.159928">
				<ele>385.21</ele>
				<time>2025-02-23T09:01:02Z</time>
			</trkpt>
			<trkpt lat="48.072854" lon="16.159844">
				<ele>386.44</ele>
				<time>2025-02-23T09:01:06Z</time>
			</trkpt>
			<trkpt lat="48.07284" lon="16.159759">
				<ele>387.66</ele>
				<time>2025-02-23T09:01:12Z</time>
			</trkpt>
			<trkpt lat="48.072799" lon="16.159695">
				<ele>388.87</ele>
				<time>2025-02-23T09:01:16Z</time>
			</trkpt>
			<trkpt lat="48.072753" lon="16.159626">
				<ele>390.04</ele>
				<time>2025-02-23T09:01:21Z</time>
			</trkpt>
			<trkpt lat="48.072691" lon="16.15958">
				<ele>391.23</ele>
				<time>2025-02-23T09:01:25Z</time>
			</trkpt>
			<trkpt lat="48.072637" lon="16.159534">
				<ele>392.45</ele>
				<time>2025-02-23T09:01:31Z</time>
			</trkpt>
			<trkpt lat="48.072588" lon="16.159478">
				<ele>393.61</ele>
				<time>2025-02-23T09:01:35Z</time>
			</trkpt>
			<trkpt lat="48.072538" lon="16.159431">
				<ele>394.75</ele>
				<time>2025-02-23T09:01:39Z</time>
			</trkpt>
			<trkpt lat="48.072496" lon="16.159376">
				<ele>395.8</ele>
				<time>2025-02-23T09:01:44Z</time>
			</trkpt>
			<trkpt lat="48.072429" lon="16.159322">
				<ele>396.85</ele>
				<time>2025-02-23T09:01:48Z</time>
			</trkpt>
			<trkpt lat="48.072377" lon="16.159275">
				<ele>397.88</ele>
				<time>2025-02-23T09:01:54Z</time>
			</trkpt>
			<trkpt lat="48.072329" lon="16.159218">
				<ele>398.87</ele>
				<time>2025-02-23T09:01:59Z</time>
			</trkpt>
			<trkpt lat="48.072279" lon="16.159155">
				<ele>399.82</ele>
				<time>2025-02-23T09:02:02Z</time>
			</trkpt>
			<trkpt lat="48.072231" lon="16.159068">
				<ele>400.75</ele>
				<time>2025-02-23T09:02:05Z</time>
			</trkpt>
			<trkpt lat="48.072165" lon="16.159025">
				<ele>401.66</ele>
				<time>2025-02-23T09:02:08Z</time>
			</trkpt>
			<trkpt lat="48.072125" lon="16.158956">
				<ele>402.52</ele>
				<time>2025-02-23T09:02:14Z</time>
			</trkpt>
			<trkpt lat="48.07208" lon="16.158881">
				<ele>403.35</ele>
				<time>2025-02-23T09:02:18Z</time>
			</trkpt>
			<trkpt lat="48.072042" lon="16.158818">
				<ele>404.12</ele>
				<time>2025-02-23T09:02:22Z</time>
			</trkpt>
			<trkpt lat="48.071999" lon="16.15875">
				<ele>404.83</ele>
				<time>2025-02-23T09:02:27Z</time>
			</trkpt>
			<trkpt lat="48.071957" lon="16.158662">
				<ele>405.51</ele>
				<time>2025-02-23T09:02:31Z</time>
			</trkpt>
			<trkpt lat="48.071931" lon="16.158587">
				<ele>406.2</ele>
				<time>2025-02-23T09:02:34Z</time>
			</trkpt>
			<trkpt lat="48.071902" lon="16.158497">
				<ele>406.87</ele>
				<time>2025-02-23T09:02:39Z</time>
			</trkpt>
			<trkpt lat="48.071869" lon="16.158412">
				<ele>407.47</ele>
				<time>2025-02-23T09:02:43Z</time>
			</trkpt>
			<trkpt lat="48.071836" lon="16.158321">
				<ele>408.04</ele>
				<time>2025-02-23T09:02:47Z</time>
			</trkpt>
			<trkpt lat="48.071809" lon="16.158246">
				<ele>408.6</ele>
				<time>2025-02-23T09:02:50Z</time>
			</trkpt>
			<trkpt lat="48.071779" lon="16.158167">
				<ele>409.13</ele>
				<time>2025-02-23T09:02:53Z</time>
			</trkpt>
			<trkpt lat="48.071749" lon="16.158096">
				<ele>409.65</ele>
				<time>2025-02-23T09:02:57Z</time>
			</trkpt>
			<trkpt lat="48.071724" lon="16.15802">
				<ele>410.18</ele>
				<time>2025-02-23T09:03:00Z</time>
			</trkpt>
			<trkpt lat="48.071697" lon="16.15795">
				<ele>410.72</ele>
				<time>2025-02-23T09:03:03Z</time>
			</trkpt>
			<trkpt lat="48.071669" lon="16.157865">
				<ele>411.26</ele>
				<time>2025-02-23T09:03:07Z</time>
			</trkpt>
			<trkpt lat="48.071646" lon="16.157778">
				<ele>411.81</ele>
				<time>2025-02-23T09:03:10Z</time>
			</trkpt>
			<trkpt lat="48.071618" lon="16.157699">
				<ele>412.35</ele>
				<time>2025-02-23T09:03:14Z</time>
			</trkpt>
			<trkpt lat="48.071593" lon="16.157613">
				<ele>412.88</ele>
				<time>2025-02-23T09:03:17Z</time>
			</trkpt>
			<trkpt lat="48.071567" lon="16.157522">
				<ele>413.39</ele>
				<time>2025-02-23T09:03:21Z</time>
			</trkpt>
			<trkpt lat="48.071543" lon="16.157424">
				<ele>413.91</ele>
				<time>2025-02-23T09:03:25Z</time>
			</trkpt>
			<trkpt lat="48.071519" lon="16.157328">
				<ele>414.46</ele>
				<time>2025-02-23T09:03:29Z</time>
			</trkpt>
			<trkpt lat="48.071475" lon="16.157272">
				<ele>415.01</ele>
				<time>2025-02-23T09:03:33Z</time>
			</trkpt>
			<trkpt lat="48.071423" lon="16.157206">
				<ele>415.57</ele>
				<time>2025-02-23T09:03:37Z</time>
			</trkpt>
			<trkpt lat="48.071379" lon="16.157149">
				<ele>416.15</ele>
				<time>2025-02-23T09:03:40Z</time>
			</trkpt>
			<trkpt lat="48.071336" lon="16.157078">
				<ele>416.75</ele>
				<time>2025-02-23T09:03:43Z</time>
			</trkpt>
			<trkpt lat="48.071293" lon="16.157023">
				<ele>417.38</ele>
				<time>2025-02-23T09:03:46Z</time>
			</trkpt>
			<trkpt lat="48.071242" lon="16.156964">
				<ele>418.02</ele>
				<time>2025-02-23T09:03:50Z</time>
			</trkpt>
			<trkpt lat="48.071187" lon="16.156922">
				<ele>418.7</ele>
				<time>2025-02-23T09:03:53Z</time>
			</trkpt>
			<trkpt lat="48.071137" lon="16.156872">
				<ele>419.4</ele>
				<time>2025-02-23T09:03:56Z</time>
			</trkpt>
			<trkpt lat="48.071084" lon="16.156838">
				<ele>420.17</ele>
				<time>2025-02-23T09:03:59Z</time>
			</trkpt>
			<trkpt lat="48.071031" lon="16.1568">
				<ele>421.0</ele>
				<time>2025-02-23T09:04:03Z</time>
			</trkpt>
			<trkpt lat="48.070969" lon="16.15676">
				<ele>421.89</ele>
				<time>2025-02-23T09:04:08Z</time>
			</trkpt>
			<trkpt lat="48.07091" lon="16.156726">
				<ele>422.83</ele>
				<time>2025-02-23T09:04:12Z</time>
			</trkpt>
			<trkpt lat="48.070857" lon="16.156701">
				<ele>423.8</ele>
				<time>2025-02-23T09:04:16Z</time>
			</trkpt>
			<trkpt lat="48.070803" lon="16.156647">
				<ele>424.82</ele>
				<time>2025-02-23T09:04:21Z</time>
			</trkpt>
			<trkpt lat="48.07075" lon="16.156587">
				<ele>425.84</ele>
				<time>2025-02-23T09:04:26Z</time>
			</trkpt>
			<trkpt lat="48.070706" lon="16.156538">
				<ele>426.93</ele>
				<time>2025-02-23T09:04:30Z</time>
			</trkpt>
			<trkpt lat="48.070658" lon="16.156477">
				<ele>428.02</ele>
				<time>2025-02-23T09:04:35Z</time>
			</trkpt>
			<trkpt lat="48.070627" lon="16.156411">
				<ele>429.09</ele>
				<time>2025-02-23T09:04:40Z</time>
			</trkpt>
			<trkpt lat="48.070581" lon="16.156347">
				<ele>430.17</ele>
				<time>2025-02-23T09:04:45Z</time>
			</trkpt>
			<trkpt lat="48.070541" lon="16.156284">
				<ele>431.24</ele>
				<time>2025-02-23T09:04:49Z</time>
			</trkpt>
			<trkpt lat="48.070505" lon="16.156222">
				<ele>432.28</ele>
				<time>2025-02-23T09:04:54Z</time>
			</trkpt>
			<trkpt lat="48.070467" lon="16.156153">
				<ele>433.29</ele>
				<time>2025-02-23T09:04:59Z</time>
			</trkpt>
			<trkpt lat="48.070431" lon="16.156084">
				<ele>434.3</ele>
				<time>2025-02-23T09:05:03Z</time>
			</trkpt>
			<trkpt lat="48.070387" lon="16.156022">
				<ele>435.27</ele>
				<time>2025-02-23T09:05:07Z</time>
			</trkpt>
			<trkpt lat="48.070344" lon="16.155941">
				<ele>436.21</ele>
				<time>2025-02-23T09:05:12Z</time>
			</trkpt>
			<trkpt lat="48.070309" lon="16.155872">
				<ele>437.13</ele>
				<time>2025-02-23T09:05:16Z</time>
			</trkpt>
			<trkpt lat="48.070267" lon="16.155817">
				<ele>438.02</ele>
				<time>2025-02-23T09:05:20Z</time>
			</trkpt>
			<trkpt lat="48.070217" lon="16.155743">
				<ele>438.88</ele>
				<time>2025-02-23T09:05:24Z</time>
			</trkpt>
			<trkpt lat="48.070171" lon="16.155674">
				<ele>439.69</ele>
				<time>2025-02-23T09:05:28Z</time>
			</trkpt>
			<trkpt lat="48.070125" lon="16.155621">
				<ele>440.46</ele>
				<time>2025-02-23T09:05:32Z</time>
			</trkpt>
			<trkpt lat="48.070089" lon="16.155549">
				<ele>441.23</ele>
				<time>2025-02-23T09:05:36Z</time>
			</trkpt>
			<trkpt lat="48.070048" lon="16.15547">
				<ele>441.95</ele>
				<time>2025-02-23T09:05:40Z</time>
			</trkpt>
			<trkpt lat="48.070006" lon="16.155405">
				<ele>442.64</ele>
				<time>2025-02-23T09:05:43Z</time>
			</trkpt>
			<trkpt lat="48.069969" lon="16.155344">
				<ele>443.3</ele>
				<time>2025-02-23T09:05:46Z</time>
			</trkpt>
			<trkpt lat="48.069935" lon="16.15528">
				<ele>443.89</ele>
				<time>2025-02-23T09:05:49Z</time>
			</trkpt>
			<trkpt lat="48.06991" lon="16.155208">
				<ele>444.41</ele>
				<time>2025-02-23T09:05:52Z</time>
			</trkpt>
			<trkpt lat="48.069872" lon="16.155116">
				<ele>444.86</ele>
				<time>2025-02-23T09:05:56Z</time>
			</trkpt>
			<trkpt lat="48.069844" lon="16.15504">
				<ele>445.26</ele>
				<time>2025-02-23T09:05:59Z</time>
			</trkpt>
			<trkpt lat="48.069787" lon="16.154971">
				<ele>445.59</ele>
				<time>2025-02-23T09:06:02Z</time>
			</trkpt>
			<trkpt lat="48.069728" lon="16.154901">
				<ele>445.87</ele>
				<time>2025-02-23T09:06:05Z</time>
			</trkpt>
			<trkpt lat="48.06967" lon="16.154817">
				<ele>446.11</ele>
				<time>2025-02-23T09:06:08Z</time>
			</trkpt>
			<trkpt lat="48.06963" lon="16.154763">
				<ele>446.32</ele>
				<time>2025-02-23T09:06:10Z</time>
			</trkpt>
			<trkpt lat="48.069586" lon="16.154691">
				<ele>446.52</ele>
				<time>2025-02-23T09:06:13Z</time>
			</trkpt>
			<trkpt lat="48.069526" lon="16.154657">
				<ele>446.69</ele>
				<time>2025-02-23T09:06:15Z</time>
			</trkpt>
			<trkpt lat="48.069463" lon="16.154585">
				<ele>446.82</ele>
				<time>2025-02-23T09:06:18Z</time>
			</trkpt>
			<trkpt lat="48.069413" lon="16.154519">
				<ele>446.94</ele>
				<time>2025-02-23T09:06:21Z</time>
			</trkpt>
			<trkpt lat="48.069353" lon="16.154461">
				<ele>447.06</ele>
				<time>2025-02-23T09:06:24Z</time>
			</trkpt>
			<trkpt lat="48.069304" lon="16.154401">
				<ele>447.21</ele>
				<time>2025-02-23T09:06:27Z</time>
			</trkpt>
			<trkpt lat="48.069247" lon="16.154356">
				<ele>447.38</ele>
				<time>2025-02-23T09:06:30Z</time>
			</trkpt>
			<trkpt lat="48.069183" lon="16.154314">
				<ele>447.58</ele>
				<time>2025-02-23T09:06:33Z</time>
			</trkpt>
			<trkpt lat="48.069132" lon="16.154243">
				<ele>447.78</ele>
				<time>2025-02-23T09:06:36Z</time>
			</trkpt>
			<trkpt lat="48.069063" lon="16.154196">
				<ele>447.97</ele>
				<time>2025-02-23T09:06:39Z</time>
			</trkpt>
			<trkpt lat="48.069004" lon="16.154137">
				<ele>448.15</ele>
				<time>2025-02-23T09:06:42Z</time>
			</trkpt>
			<trkpt lat="48.068957" lon="16.154099">
				<ele>448.28</ele>
				<time>2025-02-23T09:06:44Z</time>
			</trkpt>
			<trkpt lat="48.068909" lon="16.154057">
				<ele>448.37</ele>
				<time>2025-02-23T09:06:47Z</time>
			</trkpt>
			<trkpt lat="48.068851" lon="16.154009">
				<ele>448.39</ele>
				<time>2025-02-23T09:06:50Z</time>
			</trkpt>
			<trkpt lat="48.068788" lon="16.153969">
				<ele>448.34</ele>
				<time>2025-02-23T09:06:53Z</time>
			</trkpt>
			<trkpt lat="48.068726" lon="16.153946">
				<ele>448.24</ele>
				<time>2025-02-23T09:06:56Z</time>
			</trkpt>
			<trkpt lat="48.068668" lon="16.153927">
				<ele>448.07</ele>
				<time>2025-02-23T09:06:59Z</time>
			</trkpt>
			<trkpt lat="48.0686" lon="16.153904">
				<ele>447.84</ele>
				<time>2025-02-23T09:07:02Z</time>
			</trkpt>
			<trkpt lat="48.068539" lon="16.153859">
				<ele>447.53</ele>
				<time>2025-02-23T09:07:05Z</time>
			</trkpt>
			<trkpt lat="48.068484" lon="16.153806">
				<ele>447.14</ele>
				<time>2025-02-23T09:07:08Z</time>
			</trkpt>
			<trkpt lat="48.068433" lon="16.153756">
				<ele>446.65</ele>
				<time>2025-02-23T09:07:11Z</time>
			</trkpt>
			<trkpt lat="48.068357" lon="16.153692">
				<ele>446.07</ele>
				<time>2025-02-23T09:07:14Z</time>
			</trkpt>
			<trkpt lat="48.068298" lon="16.153631">
				<ele>445.43</ele>
				<time>2025-02-23T09:07:17Z</time>
			</trkpt>
			<trkpt lat="48.068228" lon="16.153608">
				<ele>444.74</ele>
				<time>2025-02-23T09:07:20Z</time>
			</trkpt>
			<trkpt lat="48.068161" lon="16.153573">
				<ele>443.99</ele>
				<time>2025-02-23T09:07:23Z</time>
			</trkpt>
			<trkpt lat="48.068087" lon="16.153548">
				<ele>443.17</ele>
				<time>2025-02-23T09:07:26Z</time>
			</trkpt>
			<trkpt lat="48.06803" lon="16.153492">
				<ele>442.35</ele>
				<time>2025-02-23T09:07:30Z</time>
			</trkpt>
			<trkpt lat="48.067964" lon="16.153452">
				<ele>441.5</ele>
				<time>2025-02-23T09:07:33Z</time>
			</trkpt>
			<trkpt lat="48.067904" lon="16.153422">
				<ele>440.62</ele>
				<time>2025-02-23T09:07:36Z</time>
			</trkpt>
			<trkpt lat="48.067842" lon="16.15337">
				<ele>439.73</ele>
				<time>2025-02-23T09:07:39Z</time>
			</trkpt>
			<trkpt lat="48.067793" lon="16.153298">
				<ele>438.81</ele>
				<time>2025-02-23T09:07:43Z</time>
			</trkpt>
			<trkpt lat="48.067745" lon="16.153232">
				<ele>437.89</ele>
				<time>2025-02-23T09:07:47Z</time>
			</trkpt>
			<trkpt lat="48.067688" lon="16.153184">
				<ele>436.98</ele>
				<time>2025-02-23T09:07:50Z</time>
			</trkpt>
			<trkpt lat="48.067625" lon="16.153119">
				<ele>436.08</ele>
				<time>2025-02-23T09:07:53Z</time>
			</trkpt>
			<trkpt lat="48.067572" lon="16.153081">
				<ele>435.2</ele>
				<time>2025-02-23T09:07:55Z</time>
			</trkpt>
			<trkpt lat="48.067505" lon="16.153026">
				<ele>434.29</ele>
				<time>2025-02-23T09:07:58Z</time>
			</trkpt>
			<trkpt lat="48.067439" lon="16.15299">
				<ele>433.34</ele>
				<time>2025-02-23T09:08:01Z</time>
			</trkpt>
			<trkpt lat="48.067377" lon="16.152942">
				<ele>432.43</ele>
				<time>2025-02-23T09:08:04Z</time>
			</trkpt>
			<trkpt lat="48.067312" lon="16.152926">
				<ele>431.55</ele>
				<time>2025-02-23T09:08:07Z</time>
			</trkpt>
			<trkpt lat="48.067257" lon="16.152898">
				<ele>430.66</ele>
				<time>2025-02-23T09:08:10Z</time>
			</trkpt>
			<trkpt lat="48.067203" lon="16.152873">
				<ele>429.79</ele>
				<time>2025-02-23T09:08:12Z</time>
			</trkpt>
			<trkpt lat="48.067138" lon="16.152844">
				<ele>428.93</ele>
				<time>2025-02-23T09:08:15Z</time>
			</trkpt>
			<trkpt lat="48.067074" lon="16.152802">
				<ele>428.14</ele>
				<time>2025-02-23T09:08:19Z</time>
			</trkpt>
			<trkpt lat="48.066997" lon="16.152762">
				<ele>427.38</ele>
				<time>2025-02-23T09:08:22Z</time>
			</trkpt>
			<trkpt lat="48.066945" lon="16.152737">
				<ele>426.68</ele>
				<time>2025-02-23T09:08:24Z</time>
			</trkpt>
			<trkpt lat="48.066878" lon="16.152713">
				<ele>426.04</ele>
				<time>2025-02-23T09:08:27Z</time>
			</trkpt>
			<trkpt lat="48.066806" lon="16.152811">
				<ele>425.45</ele>
				<time>2025-02-23T09:08:30Z</time>
			</trkpt>
			<trkpt lat="48.06681" lon="16.152897">
				<ele>424.88</ele>
				<time>2025-02-23T09:08:32Z</time>
			</trkpt>
			<trkpt lat="48.066786" lon="16.15297">
				<ele>424.36</ele>
				<time>2025-02-23T09:08:34Z</time>
			</trkpt>
			<trkpt lat="48.066753" lon="16.15304">
				<ele>423.88</ele>
				<time>2025-02-23T09:08:36Z</time>
			</trkpt>
			<trkpt lat="48.066715" lon="16.153114">
				<ele>423.39</ele>
				<time>2025-02-23T09:08:38Z</time>
			</trkpt>
			<trkpt lat="48.066669" lon="16.153212">
				<ele>422.87</ele>
				<time>2025-02-23T09:08:41Z</time>
			</trkpt>
			<trkpt lat="48.066616" lon="16.153294">
				<ele>422.32</ele>
				<time>2025-02-23T09:08:44Z</time>
			</trkpt>
			<trkpt lat="48.066557" lon="16.153326">
				<ele>421.78</ele>
				<time>2025-02-23T09:08:46Z</time>
			</trkpt>
			<trkpt lat="48.06649" lon="16.153335">
				<ele>421.21</ele>
				<time>2025-02-23T09:08:49Z</time>
			</trkpt>
			<trkpt lat="48.066423" lon="16.153309">
				<ele>420.57</ele>
				<time>2025-02-23T09:08:52Z</time>
			</trkpt>
			<trkpt lat="48.066358" lon="16.153275">
				<ele>419.9</ele>
				<time>2025-02-23T09:08:55Z</time>
			</trkpt>
			<trkpt lat="48.066288" lon="16.153268">
				<ele>419.2</ele>
				<time>2025-02-23T09:08:58Z</time>
			</trkpt>
			<trkpt lat="48.06623" lon="16.153224">
				<ele>418.5</ele>
				<time>2025-02-23T09:09:01Z</time>
			</trkpt>
			<trkpt lat="48.066161" lon="16.1532">
				<ele>417.83</ele>
				<time>2025-02-23T09:09:04Z</time>
			</trkpt>
			<trkpt lat="48.066107" lon="16.153199">
				<ele>417.2</ele>
				<time>2025-02-23T09:09:06Z</time>
			</trkpt>
			<trkpt lat="48.066025" lon="16.153204">
				<ele>416.66</ele>
				<time>2025-02-23T09:09:09Z</time>
			</trkpt>
			<trkpt lat="48.065971" lon="16.153219">
				<ele>416.23</ele>
				<time>2025-02-23T09:09:11Z</time>
			</trkpt>
			<trkpt lat="48.065893" lon="16.153234">
				<ele>415.93</ele>
				<time>2025-02-23T09:09:14Z</time>
			</trkpt>
			<trkpt lat="48.065823" lon="16.153253">
				<ele>415.78</ele>
				<time>2025-02-23T09:09:17Z</time>
			</trkpt>
			<trkpt lat="48.065753" lon="16.153273">
				<ele>415.81</ele>
				<time>2025-02-23T09:09:20Z</time>
			</trkpt>
			<trkpt lat="48.065686" lon="16.153303">
				<ele>415.98</ele>
				<time>2025-02-23T09:09:23Z</time>
			</trkpt>
			<trkpt lat="48.065619" lon="16.153297">
				<ele>416.28</ele>
				<time>2025-02-23T09:09:26Z</time>
			</trkpt>
			<trkpt lat="48.065561" lon="16.153275">
				<ele>416.7</ele>
				<time>2025-02-23T09:09:29Z</time>
			</trkpt>
			<trkpt lat="48.065507" lon="16.153251">
				<ele>417.23</ele>
				<time>2025-02-23T09:09:32Z</time>
			</trkpt>
			<trkpt lat="48.065444" lon="16.153201">
				<ele>417.84</ele>
				<time>2025-02-23T09:09:36Z</time>
			</trkpt>
			<trkpt lat="48.065382" lon="16.153147">
				<ele>418.52</ele>
				<time>2025-02-23T09:09:40Z</time>
			</trkpt>
			<trkpt lat="48.065335" lon="16.153106">
				<ele>419.21</ele>
				<time>2025-02-23T09:09:43Z</time>
			</trkpt>
			<trkpt lat="48.065277" lon="16.153043">
				<ele>419.91</ele>
				<time>2025-02-23T09:09:47Z</time>
			</trkpt>
			<trkpt lat="48.065233" lon="16.152985">
				<ele>420.58</ele>
				<time>2025-02-23T09:09:50Z</time>
			</trkpt>
			<trkpt lat="48.065197" lon="16.15292">
				<ele>421.23</ele>
				<time>2025-02-23T09:09:53Z</time>
			</trkpt>
			<trkpt lat="48.065158" lon="16.152846">
				<ele>421.85</ele>
				<time>2025-02-23T09:09:56Z</time>
			</trkpt>
			<trkpt lat="48.065117" lon="16.152772">
				<ele>422.45</ele>
				<time>2025-02-23T09:09:59Z</time>
			</trkpt>
			<trkpt lat="48.06507" lon="16.152704">
				<ele>422.98</ele>
				<time>2025-02-23T09:10:02Z</time>
			</trkpt>
			<trkpt lat="48.065021" lon="16.15264">
				<ele>423.49</ele>
				<time>2025-02-23T09:10:05Z</time>
			</trkpt>
			<trkpt lat="48.064965" lon="16.152574">
				<ele>423.96</ele>
				<time>2025-02-23T09:10:08Z</time>
			</trkpt>
			<trkpt lat="48.064916" lon="16.15251">
				<ele>424.42</ele>
				<time>2025-02-23T09:10:11Z</time>
			</trkpt>
			<trkpt lat="48.064862" lon="16.152446">
				<ele>424.88</ele>
				<time>2025-02-23T09:10:14Z</time>
			</trkpt>
			<trkpt lat="48.06481" lon="16.152398">
				<ele>425.32</ele>
				<time>2025-02-23T09:10:17Z</time>
			</trkpt>
			<trkpt lat="48.064756" lon="16.152361">
				<ele>425.8</ele>
				<time>2025-02-23T09:10:20Z</time>
			</trkpt>
			<trkpt lat="48.064701" lon="16.152358">
				<ele>426.3</ele>
				<time>2025-02-23T09:10:23Z</time>
			</trkpt>
			<trkpt lat="48.064639" lon="16.152366">
				<ele>426.83</ele>
				<time>2025-02-23T09:10:26Z</time>
			</trkpt>
			<trkpt lat="48.06458" lon="16.152373">
				<ele>427.39</ele>
				<time>2025-02-23T09:10:29Z</time>
			</trkpt>
			<trkpt lat="48.064527" lon="16.152362">
				<ele>427.97</ele>
				<time>2025-02-23T09:10:32Z</time>
			</trkpt>
			<trkpt lat="48.064468" lon="16.152353">
				<ele>428.6</ele>
				<time>2025-02-23T09:10:35Z</time>
			</trkpt>
			<trkpt lat="48.064397" lon="16.152347">
				<ele>429.25</ele>
				<time>2025-02-23T09:10:39Z</time>
			</trkpt>
			<trkpt lat="48.064345" lon="16.152383">
				<ele>429.89</ele>
				<time>2025-02-23T09:10:42Z</time>
			</trkpt>
			<trkpt lat="48.064296" lon="16.152425">
				<ele>430.52</ele>
				<time>2025-02-23T09:10:45Z</time>
			</trkpt>
			<trkpt lat="48.064183" lon="16.152377">
				<ele>431.17</ele>
				<time>2025-02-23T09:10:51Z</time>
			</trkpt>
			<trkpt lat="48.064127" lon="16.152349">
				<ele>431.82</ele>
				<time>2025-02-23T09:10:54Z</time>
			</trkpt>
			<trkpt lat="48.06404" lon="16.152252">
				<ele>432.46</ele>
				<time>2025-02-23T09:10:59Z</time>
			</trkpt>
			<trkpt lat="48.063995" lon="16.152185">
				<ele>433.08</ele>
				<time>2025-02-23T09:11:02Z</time>
			</trkpt>
			<trkpt lat="48.063939" lon="16.152136">
				<ele>433.68</ele>
				<time>2025-02-23T09:11:05Z</time>
			</trkpt>
			<trkpt lat="48.063887" lon="16.152078">
				<ele>434.26</ele>
				<time>2025-02-23T09:11:08Z</time>
			</trkpt>
			<trkpt lat="48.063831" lon="16.152037">
				<ele>434.82</ele>
				<time>2025-02-23T09:11:11Z</time>
			</trkpt>
			<trkpt lat="48.06378" lon="16.151984">
				<ele>435.35</ele>
				<time>2025-02-23T09:11:14Z</time>
			</trkpt>
			<trkpt lat="48.063735" lon="16.151923">
				<ele>435.86</ele>
				<time>2025-02-23T09:11:17Z</time>
			</trkpt>
			<trkpt lat="48.063696" lon="16.15186">
				<ele>436.32</ele>
				<time>2025-02-23T09:11:20Z</time>
			</trkpt>
			<trkpt lat="48.063658" lon="16.151789">
				<ele>436.75</ele>
				<time>2025-02-23T09:11:23Z</time>
			</trkpt>
			<trkpt lat="48.063602" lon="16.151746">
				<ele>437.16</ele>
				<time>2025-02-23T09:11:26Z</time>
			</trkpt>
			<trkpt lat="48.063557" lon="16.15168">
				<ele>437.54</ele>
				<time>2025-02-23T09:11:29Z</time>
			</trkpt>
			<trkpt lat="48.063506" lon="16.151626">
				<ele>437.88</ele>
				<time>2025-02-23T09:11:32Z</time>
			</trkpt>
			<trkpt lat="48.063555" lon="16.151471">
				<ele>438.21</ele>
				<time>2025-02-23T09:11:38Z</time>
			</trkpt>
			<trkpt lat="48.063601" lon="16.15141">
				<ele>438.48</ele>
				<time>2025-02-23T09:11:41Z</time>
			</trkpt>
			<trkpt lat="48.063654" lon="16.151338">
				<ele>438.72</ele>
				<time>2025-02-23T09:11:44Z</time>
			</trkpt>
			<trkpt lat="48.063694" lon="16.151255">
				<ele>438.92</ele>
				<time>2025-02-23T09:11:47Z</time>
			</trkpt>
			<trkpt lat="48.06374" lon="16.151178">
				<ele>439.08</ele>
				<time>2025-02-23T09:11:50Z</time>
			</trkpt>
			<trkpt lat="48.06378" lon="16.151097">
				<ele>439.21</ele>
				<time>2025-02-23T09:11:53Z</time>
			</trkpt>
			<trkpt lat="48.063826" lon="16.151016">
				<ele>439.31</ele>
				<time>2025-02-23T09:11:56Z</time>
			</trkpt>
			<trkpt lat="48.063876" lon="16.150941">
				<ele>439.37</ele>
				<time>2025-02-23T09:11:59Z</time>
			</trkpt>
			<trkpt lat="48.063931" lon="16.150871">
				<ele>439.41</ele>
				<time>2025-02-23T09:12:02Z</time>
			</trkpt>
			<trkpt lat="48.063983" lon="16.150798">
				<ele>439.42</ele>
				<time>2025-02-23T09:12:05Z</time>
			</trkpt>
			<trkpt lat="48.064038" lon="16.150727">
				<ele>439.4</ele>
				<time>2025-02-23T09:12:08Z</time>
			</trkpt>
			<trkpt lat="48.064102" lon="16.150671">
				<ele>439.37</ele>
				<time>2025-02-23T09:12:11Z</time>
			</trkpt>
			<trkpt lat="48.064165" lon="16.150614">
				<ele>439.33</ele>
				<time>2025-02-23T09:12:14Z</time>
			</trkpt>
			<trkpt lat="48.06423" lon="16.150568">
				<ele>439.3</ele>
				<time>2025-02-23T09:12:17Z</time>
			</trkpt>
			<trkpt lat="48.064293" lon="16.150517">
				<ele>439.28</ele>
				<time>2025-02-23T09:12:20Z</time>
			</trkpt>
			<trkpt lat="48.064367" lon="16.150478">
				<ele>439.3</ele>
				<time>2025-02-23T09:12:23Z</time>
			</trkpt>
			<trkpt lat="48.064423" lon="16.150419">
				<ele>439.33</ele>
				<time>2025-02-23T09:12:26Z</time>
			</trkpt>
			<trkpt lat="48.064449" lon="16.150334">
				<ele>439.4</ele>
				<time>2025-02-23T09:12:29Z</time>
			</trkpt>
			<trkpt lat="48.064369" lon="16.150296">
				<ele>439.49</ele>
				<time>2025-02-23T09:12:33Z</time>
			</trkpt>
			<trkpt lat="48.064302" lon="16.150297">
				<ele>439.6</ele>
				<time>2025-02-23T09:12:36Z</time>
			</trkpt>
			<trkpt lat="48.064254" lon="16.150294">
				<ele>439.73</ele>
				<time>2025-02-23T09:12:38Z</time>
			</trkpt>
			<trkpt lat="48.064186" lon="16.150283">
				<ele>439.88</ele>
				<time>2025-02-23T09:12:41Z</time>
			</trkpt>
			<trkpt lat="48.064131" lon="16.150281">
				<ele>440.03</ele>
				<time>2025-02-23T09:12:43Z</time>
			</trkpt>
			<trkpt lat="48.064058" lon="16.150275">
				<ele>440.22</ele>
				<time>2025-02-23T09:12:46Z</time>
			</trkpt>
			<trkpt lat="48.063982" lon="16.150274">
				<ele>440.4</ele>
				<time>2025-02-23T09:12:49Z</time>
			</trkpt>
			<trkpt lat="48.063901" lon="16.150267">
				<ele>440.57</ele>
				<time>2025-02-23T09:12:52Z</time>
			</trkpt>
			<trkpt lat="48.063841" lon="16.150272">
				<ele>440.68</ele>
				<time>2025-02-23T09:12:54Z</time>
			</trkpt>
			<trkpt lat="48.063767" lon="16.150261">
				<ele>440.74</ele>
				<time>2025-02-23T09:12:57Z</time>
			</trkpt>
			<trkpt lat="48.063714" lon="16.15024">
				<ele>440.73</ele>
				<time>2025-02-23T09:12:59Z</time>
			</trkpt>
			<trkpt lat="48.063645" lon="16.15023">
				<ele>440.67</ele>
				<time>2025-02-23T09:13:02Z</time>
			</trkpt>
			<trkpt lat="48.06358" lon="16.150206">
				<ele>440.53</ele>
				<time>2025-02-23T09:13:05Z</time>
			</trkpt>
			<trkpt lat="48.063526" lon="16.150186">
				<ele>440.31</ele>
				<time>2025-02-23T09:13:08Z</time>
			</trkpt>
			<trkpt lat="48.063453" lon="16.150176">
				<ele>440.01</ele>
				<time>2025-02-23T09:13:11Z</time>
			</trkpt>
			<trkpt lat="48.063383" lon="16.150172">
				<ele>439.63</ele>
				<time>2025-02-23T09:13:14Z</time>
			</trkpt>
			<trkpt lat="48.063311" lon="16.150154">
				<ele>439.18</ele>
				<time>2025-02-23T09:13:17Z</time>
			</trkpt>
			<trkpt lat="48.063243" lon="16.150148">
				<ele>438.64</ele>
				<time>2025-02-23T09:13:20Z</time>
			</trkpt>
			<trkpt lat="48.063169" lon="16.150111">
				<ele>438.03</ele>
				<time>2025-02-23T09:13:23Z</time>
			</trkpt>
			<trkpt lat="48.063111" lon="16.150089">
				<ele>437.35</ele>
				<time>2025-02-23T09:13:26Z</time>
			</trkpt>
			<trkpt lat="48.063043" lon="16.150067">
				<ele>436.62</ele>
				<time>2025-02-23T09:13:29Z</time>
			</trkpt>
			<trkpt lat="48.062975" lon="16.150052">
				<ele>435.87</ele>
				<time>2025-02-23T09:13:32Z</time>
			</trkpt>
			<trkpt lat="48.0629" lon="16.15003">
				<ele>435.1</ele>
				<time>2025-02-23T09:13:35Z</time>
			</trkpt>
			<trkpt lat="48.062839" lon="16.150005">
				<ele>434.3</ele>
				<time>2025-02-23T09:13:38Z</time>
			</trkpt>
			<trkpt lat="48.062775" lon="16.149984">
				<ele>433.45</ele>
				<time>2025-02-23T09:13:41Z</time>
			</trkpt>
			<trkpt lat="48.0627" lon="16.14996">
				<ele>432.58</ele>
				<time>2025-02-23T09:13:44Z</time>
			</trkpt>
			<trkpt lat="48.062637" lon="16.149914">
				<ele>431.72</ele>
				<time>2025-02-23T09:13:47Z</time>
			</trkpt>
			<trkpt lat="48.062572" lon="16.149861">
				<ele>430.83</ele>
				<time>2025-02-23T09:13:50Z</time>
			</trkpt>
			<trkpt lat="48.062507" lon="16.149834">
				<ele>429.92</ele>
				<time>2025-02-23T09:13:53Z</time>
			</trkpt>
			<trkpt lat="48.062459" lon="16.149773">
				<ele>428.98</ele>
				<time>2025-02-23T09:13:56Z</time>
			</trkpt>
			<trkpt lat="48.062403" lon="16.149717">
				<ele>428.05</ele>
				<time>2025-02-23T09:13:59Z</time>
			</trkpt>
			<trkpt lat="48.062348" lon="16.149672">
				<ele>427.16</ele>
				<time>2025-02-23T09:14:02Z</time>
			</trkpt>
			<trkpt lat="48.062289" lon="16.149637">
				<ele>426.31</ele>
				<time>2025-02-23T09:14:05Z</time>
			</trkpt>
			<trkpt lat="48.062234" lon="16.149599">
				<ele>425.47</ele>
				<time>2025-02-23T09:14:08Z</time>
			</trkpt>
			<trkpt lat="48.062175" lon="16.149559">
				<ele>424.66</ele>
				<time>2025-02-23T09:14:11Z</time>
			</trkpt>
			<trkpt lat="48.06212" lon="16.149514">
				<ele>423.9</ele>
				<time>2025-02-23T09:14:14Z</time>
			</trkpt>
			<trkpt lat="48.062046" lon="16.149483">
				<ele>423.19</ele>
				<time>2025-02-23T09:14:17Z</time>
			</trkpt>
			<trkpt lat="48.061995" lon="16.149448">
				<ele>422.51</ele>
				<time>2025-02-23T09:14:19Z</time>
			</trkpt>
			<trkpt lat="48.061945" lon="16.14941">
				<ele>421.85</ele>
				<time>2025-02-23T09:14:21Z</time>
			</trkpt>
			<trkpt lat="48.061883" lon="16.149356">
				<ele>421.18</ele>
				<time>2025-02-23T09:14:24Z</time>
			</trkpt>
			<trkpt lat="48.061826" lon="16.149292">
				<ele>420.55</ele>
				<time>2025-02-23T09:14:27Z</time>
			</trkpt>
			<trkpt lat="48.061795" lon="16.149221">
				<ele>419.97</ele>
				<time>2025-02-23T09:14:30Z</time>
			</trkpt>
			<trkpt lat="48.061759" lon="16.149142">
				<ele>419.45</ele>
				<time>2025-02-23T09:14:33Z</time>
			</trkpt>
			<trkpt lat="48.06171" lon="16.149074">
				<ele>418.97</ele>
				<time>2025-02-23T09:14:36Z</time>
			</trkpt>
			<trkpt lat="48.06166" lon="16.14899">
				<ele>418.5</ele>
				<time>2025-02-23T09:14:39Z</time>
			</trkpt>
			<trkpt lat="48.06161" lon="16.148906">
				<ele>418.06</ele>
				<time>2025-02-23T09:14:42Z</time>
			</trkpt>
			<trkpt lat="48.061574" lon="16.148808">
				<ele>417.65</ele>
				<time>2025-02-23T09:14:45Z</time>
			</trkpt>
			<trkpt lat="48.06153" lon="16.148714">
				<ele>417.24</ele>
				<time>2025-02-23T09:14:48Z</time>
			</trkpt>
			<trkpt lat="48.061477" lon="16.148631">
				<ele>416.81</ele>
				<time>2025-02-23T09:14:51Z</time>
			</trkpt>
			<trkpt lat="48.061435" lon="16.148543">
				<ele>416.37</ele>
				<time>2025-02-23T09:14:54Z</time>
			</trkpt>
			<trkpt lat="48.061396" lon="16.148478">
				<ele>415.93</ele>
				<time>2025-02-23T09:14:56Z</time>
			</trkpt>
			<trkpt lat="48.061343" lon="16.148411">
				<ele>415.51</ele>
				<time>2025-02-23T09:14:59Z</time>
			</trkpt>
			<trkpt lat="48.061286" lon="16.148328">
				<ele>415.15</ele>
				<time>2025-02-23T09:15:02Z</time>
			</trkpt>
			<trkpt lat="48.061237" lon="16.148257">
				<ele>414.83</ele>
				<time>2025-02-23T09:15:05Z</time>
			</trkpt>
			<trkpt lat="48.061183" lon="16.148184">
				<ele>414.53</ele>
				<time>2025-02-23T09:15:08Z</time>
			</trkpt>
			<trkpt lat="48.061137" lon="16.148128">
				<ele>414.26</ele>
				<time>2025-02-23T09:15:10Z</time>
			</trkpt>
			<trkpt lat="48.06108" lon="16.148049">
				<ele>413.97</ele>
				<time>2025-02-23T09:15:13Z</time>
			</trkpt>
			<trkpt lat="48.061028" lon="16.147983">
				<ele>413.69</ele>
				<time>2025-02-23T09:15:16Z</time>
			</trkpt>
			<trkpt lat="48.060971" lon="16.147941">
				<ele>413.42</ele>
				<time>2025-02-23T09:15:19Z</time>
			</trkpt>
			<trkpt lat="48.060924" lon="16.147899">
				<ele>413.15</ele>
				<time>2025-02-23T09:15:21Z</time>
			</trkpt>
			<trkpt lat="48.060868" lon="16.14786">
				<ele>412.87</ele>
				<time>2025-02-23T09:15:24Z</time>
			</trkpt>
			<trkpt lat="48.060804" lon="16.147808">
				<ele>412.63</ele>
				<time>2025-02-23T09:15:27Z</time>
			</trkpt>
			<trkpt lat="48.06074" lon="16.147755">
				<ele>412.4</ele>
				<time>2025-02-23T09:15:30Z</time>
			</trkpt>
			<trkpt lat="48.060676" lon="16.147704">
				<ele>412.22</ele>
				<time>2025-02-23T09:15:33Z</time>
			</trkpt>
			<trkpt lat="48.060623" lon="16.147621">
				<ele>412.05</ele>
				<time>2025-02-23T09:15:36Z</time>
			</trkpt>
			<trkpt lat="48.060561" lon="16.147572">
				<ele>411.88</ele>
				<time>2025-02-23T09:15:39Z</time>
			</trkpt>
			<trkpt lat="48.060513" lon="16.1475">
				<ele>411.69</ele>
				<time>2025-02-23T09:15:42Z</time>
			</trkpt>
			<trkpt lat="48.06044" lon="16.147439">
				<ele>411.48</ele>
				<time>2025-02-23T09:15:45Z</time>
			</trkpt>
			<trkpt lat="48.060394" lon="16.14738">
				<ele>411.26</ele>
				<time>2025-02-23T09:15:47Z</time>
			</trkpt>
			<trkpt lat="48.060344" lon="16.147301">
				<ele>411.01</ele>
				<time>2025-02-23T09:15:50Z</time>
			</trkpt>
			<trkpt lat="48.060306" lon="16.147219">
				<ele>410.7</ele>
				<time>2025-02-23T09:15:53Z</time>
			</trkpt>
			<trkpt lat="48.060275" lon="16.147153">
				<ele>410.32</ele>
				<time>2025-02-23T09:15:55Z</time>
			</trkpt>
			<trkpt lat="48.060234" lon="16.147059">
				<ele>409.89</ele>
				<time>2025-02-23T09:15:58Z</time>
			</trkpt>
			<trkpt lat="48.060192" lon="16.146978">
				<ele>409.42</ele>
				<time>2025-02-23T09:16:01Z</time>
			</trkpt>
			<trkpt lat="48.06016" lon="16.146895">
				<ele>408.91</ele>
				<time>2025-02-23T09:16:04Z</time>
			</trkpt>
			<trkpt lat="48.06012" lon="16.146811">
				<ele>408.34</ele>
				<time>2025-02-23T09:16:07Z</time>
			</trkpt>
			<trkpt lat="48.060085" lon="16.146727">
				<ele>407.75</ele>
				<time>2025-02-23T09:16:10Z</time>
			</trkpt>
			<trkpt lat="48.060041" lon="16.146634">
				<ele>407.13</ele>
				<time>2025-02-23T09:16:13Z</time>
			</trkpt>
			<trkpt lat="48.06001" lon="16.146539">
				<ele>406.47</ele>
				<time>2025-02-23T09:16:16Z</time>
			</trkpt>
			<trkpt lat="48.059974" lon="16.146462">
				<ele>405.76</ele>
				<time>2025-02-23T09:16:19Z</time>
			</trkpt>
			<trkpt lat="48.059936" lon="16.146369">
				<ele>405.01</ele>
				<time>2025-02-23T09:16:22Z</time>
			</trkpt>
			<trkpt lat="48.059897" lon="16.146285">
				<ele>404.23</ele>
				<time>2025-02-23T09:16:25Z</time>
			</trkpt>
			<trkpt lat="48.059872" lon="16.146213">
				<ele>403.43</ele>
				<time>2025-02-23T09:16:27Z</time>
			</trkpt>
			<trkpt lat="48.059835" lon="16.146123">
				<ele>402.66</ele>
				<time>2025-02-23T09:16:30Z</time>
			</trkpt>
			<trkpt lat="48.059798" lon="16.146045">
				<ele>401.89</ele>
				<time>2025-02-23T09:16:33Z</time>
			</trkpt>
			<trkpt lat="48.059761" lon="16.14596">
				<ele>401.15</ele>
				<time>2025-02-23T09:16:36Z</time>
			</trkpt>
			<trkpt lat="48.059725" lon="16.145875">
				<ele>400.4</ele>
				<time>2025-02-23T09:16:39Z</time>
			</trkpt>
			<trkpt lat="48.059688" lon="16.145795">
				<ele>399.61</ele>
				<time>2025-02-23T09:16:42Z</time>
			</trkpt>
			<trkpt lat="48.059652" lon="16.145705">
				<ele>398.78</ele>
				<time>2025-02-23T09:16:45Z</time>
			</trkpt>
			<trkpt lat="48.059599" lon="16.14563">
				<ele>397.89</ele>
				<time>2025-02-23T09:16:48Z</time>
			</trkpt>
			<trkpt lat="48.059562" lon="16.14556">
				<ele>396.95</ele>
				<time>2025-02-23T09:16:51Z</time>
			</trkpt>
			<trkpt lat="48.059521" lon="16.145498">
				<ele>395.97</ele>
				<time>2025-02-23T09:16:54Z</time>
			</trkpt>
			<trkpt lat="48.05948" lon="16.145432">
				<ele>395.0</ele>
				<time>2025-02-23T09:16:57Z</time>
			</trkpt>
			<trkpt lat="48.059444" lon="16.145351">
				<ele>394.01</ele>
				<time>2025-02-23T09:17:01Z</time>
			</trkpt>
			<trkpt lat="48.059405" lon="16.145261">
				<ele>393.0</ele>
				<time>2025-02-23T09:17:05Z</time>
			</trkpt>
			<trkpt lat="48.059364" lon="16.145172">
				<ele>391.97</ele>
				<time>2025-02-23T09:17:09Z</time>
			</trkpt>
			<trkpt lat="48.059325" lon="16.145081">
				<ele>390.91</ele>
				<time>2025-02-23T09:17:13Z</time>
			</trkpt>
			<trkpt lat="48.059291" lon="16.145001">
				<ele>389.86</ele>
				<time>2025-02-23T09:17:16Z</time>
			</trkpt>
			<trkpt lat="48.05925" lon="16.144936">
				<ele>388.81</ele>
				<time>2025-02-23T09:17:19Z</time>
			</trkpt>
			<trkpt lat="48.059222" lon="16.14484">
				<ele>387.75</ele>
				<time>2025-02-23T09:17:22Z</time>
			</trkpt>
			<trkpt lat="48.059195" lon="16.144759">
				<ele>386.71</ele>
				<time>2025-02-23T09:17:25Z</time>
			</trkpt>
			<trkpt lat="48.059162" lon="16.144681">
				<ele>385.69</ele>
				<time>2025-02-23T09:17:28Z</time>
			</trkpt>
			<trkpt lat="48.059128" lon="16.144601">
				<ele>384.72</ele>
				<time>2025-02-23T09:17:31Z</time>
			</trkpt>
			<trkpt lat="48.059093" lon="16.144521">
				<ele>383.75</ele>
				<time>2025-02-23T09:17:34Z</time>
			</trkpt>
			<trkpt lat="48.059063" lon="16.14443">
				<ele>382.75</ele>
				<time>2025-02-23T09:17:37Z</time>
			</trkpt>
			<trkpt lat="48.059031" lon="16.144339">
				<ele>381.73</ele>
				<time>2025-02-23T09:17:40Z</time>
			</trkpt>
			<trkpt lat="48.059012" lon="16.144255">
				<ele>380.77</ele>
				<time>2025-02-23T09:17:43Z</time>
			</trkpt>
			<trkpt lat="48.058984" lon="16.144157">
				<ele>379.88</ele>
				<time>2025-02-23T09:17:46Z</time>
			</trkpt>
			<trkpt lat="48.058964" lon="16.144054">
				<ele>379.06</ele>
				<time>2025-02-23T09:17:49Z</time>
			</trkpt>
			<trkpt lat="48.058947" lon="16.14397">
				<ele>378.31</ele>
				<time>2025-02-23T09:17:52Z</time>
			</trkpt>
			<trkpt lat="48.05888" lon="16.143883">
				<ele>377.58</ele>
				<time>2025-02-23T09:17:56Z</time>
			</trkpt>
			<trkpt lat="48.058763" lon="16.143883">
				<ele>376.9</ele>
				<time>2025-02-23T09:18:01Z</time>
			</trkpt>
			<trkpt lat="48.058705" lon="16.143885">
				<ele>376.26</ele>
				<time>2025-02-23T09:18:03Z</time>
			</trkpt>
			<trkpt lat="48.058654" lon="16.143889">
				<ele>375.69</ele>
				<time>2025-02-23T09:18:05Z</time>
			</trkpt>
			<trkpt lat="48.058598" lon="16.143884">
				<ele>375.16</ele>
				<time>2025-02-23T09:18:07Z</time>
			</trkpt>
			<trkpt lat="48.058543" lon="16.143897">
				<ele>374.67</ele>
				<time>2025-02-23T09:18:09Z</time>
			</trkpt>
			<trkpt lat="48.058365" lon="16.143427">
				<ele>374.29</ele>
				<time>2025-02-23T09:18:17Z</time>
			</trkpt>
			<trkpt lat="48.058231" lon="16.143423">
				<ele>373.9</ele>
				<time>2025-02-23T09:18:19Z</time>
			</trkpt>
			<trkpt lat="48.058155" lon="16.143396">
				<ele>373.53</ele>
				<time>2025-02-23T09:18:22Z</time>
			</trkpt>
			<trkpt lat="48.058156" lon="16.14348">
				<ele>373.11</ele>
				<time>2025-02-23T09:18:26Z</time>
			</trkpt>
			<trkpt lat="48.058089" lon="16.143416">
				<ele>372.68</ele>
				<time>2025-02-23T09:18:31Z</time>
			</trkpt>
			<trkpt lat="48.05804" lon="16.143345">
				<ele>372.2</ele>
				<time>2025-02-23T09:18:34Z</time>
			</trkpt>
			<trkpt lat="48.058" lon="16.143253">
				<ele>371.68</ele>
				<time>2025-02-23T09:18:37Z</time>
			</trkpt>
			<trkpt lat="48.057965" lon="16.143175">
				<ele>371.1</ele>
				<time>2025-02-23T09:18:40Z</time>
			</trkpt>
			<trkpt lat="48.057924" lon="16.143093">
				<ele>370.48</ele>
				<time>2025-02-23T09:18:43Z</time>
			</trkpt>
			<trkpt lat="48.057892" lon="16.143026">
				<ele>369.93</ele>
				<time>2025-02-23T09:18:46Z</time>
			</trkpt>
			<trkpt lat="48.057847" lon="16.142956">
				<ele>369.43</ele>
				<time>2025-02-23T09:18:49Z</time>
			</trkpt>
			<trkpt lat="48.057808" lon="16.14289">
				<ele>368.97</ele>
				<time>2025-02-23T09:18:52Z</time>
			</trkpt>
			<trkpt lat="48.057759" lon="16.142819">
				<ele>368.6</ele>
				<time>2025-02-23T09:18:55Z</time>
			</trkpt>
			<trkpt lat="48.057707" lon="16.142733">
				<ele>368.32</ele>
				<time>2025-02-23T09:19:02Z</time>
			</trkpt>
			<trkpt lat="48.057747" lon="16.142802">
				<ele>368.17</ele>
				<time>2025-02-23T09:19:10Z</time>
			</trkpt>
			<trkpt lat="48.057769" lon="16.142895">
				<ele>368.16</ele>
				<time>2025-02-23T09:19:15Z</time>
			</trkpt>
			<trkpt lat="48.05772" lon="16.142913">
				<ele>368.24</ele>
				<time>2025-02-23T09:19:22Z</time>
			</trkpt>
			<trkpt lat="48.057741" lon="16.143016">
				<ele>368.4</ele>
				<time>2025-02-23T09:19:26Z</time>
			</trkpt>
			<trkpt lat="48.057778" lon="16.143105">
				<ele>368.64</ele>
				<time>2025-02-23T09:19:30Z</time>
			</trkpt>
			<trkpt lat="48.057809" lon="16.143173">
				<ele>368.95</ele>
				<time>2025-02-23T09:19:33Z</time>
			</trkpt>
			<trkpt lat="48.057844" lon="16.143242">
				<ele>369.37</ele>
				<time>2025-02-23T09:19:36Z</time>
			</trkpt>
			<trkpt lat="48.057841" lon="16.143324">
				<ele>369.87</ele>
				<time>2025-02-23T09:19:43Z</time>
			</trkpt>
			<trkpt lat="48.05779" lon="16.143397">
				<ele>370.29</ele>
				<time>2025-02-23T09:19:49Z</time>
			</trkpt>
			<trkpt lat="48.057742" lon="16.143447">
				<ele>370.68</ele>
				<time>2025-02-23T09:19:53Z</time>
			</trkpt>
			<trkpt lat="48.05767" lon="16.143542">
				<ele>371.04</ele>
				<time>2025-02-23T09:19:59Z</time>
			</trkpt>
			<trkpt lat="48.057606" lon="16.143602">
				<ele>371.29</ele>
				<time>2025-02-23T09:20:03Z</time>
			</trkpt>
			<trkpt lat="48.057564" lon="16.143634">
				<ele>371.51</ele>
				<time>2025-02-23T09:20:05Z</time>
			</trkpt>
			<trkpt lat="48.057509" lon="16.143598">
				<ele>371.61</ele>
				<time>2025-02-23T09:20:10Z</time>
			</trkpt>
			<trkpt lat="48.057476" lon="16.14351">
				<ele>371.59</ele>
				<time>2025-02-23T09:20:16Z</time>
			</trkpt>
			<trkpt lat="48.057439" lon="16.14345">
				<ele>371.49</ele>
				<time>2025-02-23T09:20:20Z</time>
			</trkpt>
			<trkpt lat="48.057406" lon="16.143375">
				<ele>371.32</ele>
				<time>2025-02-23T09:20:24Z</time>
			</trkpt>
			<trkpt lat="48.057384" lon="16.143297">
				<ele>371.11</ele>
				<time>2025-02-23T09:20:29Z</time>
			</trkpt>
			<trkpt lat="48.0574" lon="16.143208">
				<ele>370.85</ele>
				<time>2025-02-23T09:20:37Z</time>
			</trkpt>
			<trkpt lat="48.0574" lon="16.143291">
				<ele>370.55</ele>
				<time>2025-02-23T09:20:46Z</time>
			</trkpt>
			<trkpt lat="48.057438" lon="16.143225">
				<ele>370.26</ele>
				<time>2025-02-23T09:20:54Z</time>
			</trkpt>
			<trkpt lat="48.057495" lon="16.143153">
				<ele>370.03</ele>
				<time>2025-02-23T09:20:57Z</time>
			</trkpt>
			<trkpt lat="48.057546" lon="16.143082">
				<ele>369.86</ele>
				<time>2025-02-23T09:21:00Z</time>
			</trkpt>
			<trkpt lat="48.057595" lon="16.143027">
				<ele>369.75</ele>
				<time>2025-02-23T09:21:02Z</time>
			</trkpt>
			<trkpt lat="48.057641" lon="16.142984">
				<ele>369.65</ele>
				<time>2025-02-23T09:21:04Z</time>
			</trkpt>
			<trkpt lat="48.057702" lon="16.143014">
				<ele>369.48</ele>
				<time>2025-02-23T09:21:09Z</time>
			</trkpt>
			<trkpt lat="48.057751" lon="16.143096">
				<ele>369.25</ele>
				<time>2025-02-23T09:21:13Z</time>
			</trkpt>
			<trkpt lat="48.057787" lon="16.14316">
				<ele>369.03</ele>
				<time>2025-02-23T09:21:16Z</time>
			</trkpt>
			<trkpt lat="48.057833" lon="16.143234">
				<ele>368.83</ele>
				<time>2025-02-23T09:21:20Z</time>
			</trkpt>
			<trkpt lat="48.05779" lon="16.143148">
				<ele>368.59</ele>
				<time>2025-02-23T09:21:51Z</time>
			</trkpt>
			<trkpt lat="48.057756" lon="16.143064">
				<ele>368.31</ele>
				<time>2025-02-23T09:21:54Z</time>
			</trkpt>
			<trkpt lat="48.057718" lon="16.142979">
				<ele>368.01</ele>
				<time>2025-02-23T09:21:58Z</time>
			</trkpt>
			<trkpt lat="48.057732" lon="16.142854">
				<ele>367.69</ele>
				<time>2025-02-23T09:22:06Z</time>
			</trkpt>
			<trkpt lat="48.057717" lon="16.142756">
				<ele>367.27</ele>
				<time>2025-02-23T09:22:09Z</time>
			</trkpt>
			<trkpt lat="48.057698" lon="16.142664">
				<ele>366.75</ele>
				<time>2025-02-23T09:22:12Z</time>
			</trkpt>
			<trkpt lat="48.057669" lon="16.142576">
				<ele>366.15</ele>
				<time>2025-02-23T09:22:15Z</time>
			</trkpt>
			<trkpt lat="48.057635" lon="16.142495">
				<ele>365.45</ele>
				<time>2025-02-23T09:22:18Z</time>
			</trkpt>
			<trkpt lat="48.057601" lon="16.142395">
				<ele>364.75</ele>
				<time>2025-02-23T09:22:21Z</time>
			</trkpt>
			<trkpt lat="48.057576" lon="16.142298">
				<ele>364.1</ele>
				<time>2025-02-23T09:22:24Z</time>
			</trkpt>
			<trkpt lat="48.057545" lon="16.142202">
				<ele>363.49</ele>
				<time>2025-02-23T09:22:27Z</time>
			</trkpt>
			<trkpt lat="48.05752" lon="16.14211">
				<ele>362.87</ele>
				<time>2025-02-23T09:22:30Z</time>
			</trkpt>
			<trkpt lat="48.0575" lon="16.142018">
				<ele>362.25</ele>
				<time>2025-02-23T09:22:33Z</time>
			</trkpt>
			<trkpt lat="48.057467" lon="16.141928">
				<ele>361.68</ele>
				<time>2025-02-23T09:22:36Z</time>
			</trkpt>
			<trkpt lat="48.057438" lon="16.141833">
				<ele>361.12</ele>
				<time>2025-02-23T09:22:39Z</time>
			</trkpt>
			<trkpt lat="48.057407" lon="16.141735">
				<ele>360.6</ele>
				<time>2025-02-23T09:22:42Z</time>
			</trkpt>
			<trkpt lat="48.057387" lon="16.141648">
				<ele>360.07</ele>
				<time>2025-02-23T09:22:45Z</time>
			</trkpt>
			<trkpt lat="48.05736" lon="16.141558">
				<ele>359.58</ele>
				<time>2025-02-23T09:22:48Z</time>
			</trkpt>
			<trkpt lat="48.057334" lon="16.14145">
				<ele>359.13</ele>
				<time>2025-02-23T09:22:51Z</time>
			</trkpt>
			<trkpt lat="48.05731" lon="16.141337">
				<ele>358.68</ele>
				<time>2025-02-23T09:22:54Z</time>
			</trkpt>
			<trkpt lat="48.057286" lon="16.141261">
				<ele>358.22</ele>
				<time>2025-02-23T09:22:56Z</time>
			</trkpt>
			<trkpt lat="48.057265" lon="16.141185">
				<ele>357.76</ele>
				<time>2025-02-23T09:22:57Z</time>
			</trkpt>
			<trkpt lat="48.057239" lon="16.14109">
				<ele>357.26</ele>
				<time>2025-02-23T09:22:59Z</time>
			</trkpt>
			<trkpt lat="48.057186" lon="16.140968">
				<ele>356.8</ele>
				<time>2025-02-23T09:23:02Z</time>
			</trkpt>
			<trkpt lat="48.057164" lon="16.140885">
				<ele>356.34</ele>
				<time>2025-02-23T09:23:04Z</time>
			</trkpt>
			<trkpt lat="48.057155" lon="16.140792">
				<ele>355.87</ele>
				<time>2025-02-23T09:23:06Z</time>
			</trkpt>
			<trkpt lat="48.057137" lon="16.140704">
				<ele>355.41</ele>
				<time>2025-02-23T09:23:08Z</time>
			</trkpt>
			<trkpt lat="48.057092" lon="16.140593">
				<ele>354.95</ele>
				<time>2025-02-23T09:23:11Z</time>
			</trkpt>
			<trkpt lat="48.057054" lon="16.140491">
				<ele>354.44</ele>
				<time>2025-02-23T09:23:14Z</time>
			</trkpt>
			<trkpt lat="48.057023" lon="16.140386">
				<ele>353.93</ele>
				<time>2025-02-23T09:23:17Z</time>
			</trkpt>
			<trkpt lat="48.056991" lon="16.140289">
				<ele>353.4</ele>
				<time>2025-02-23T09:23:20Z</time>
			</trkpt>
			<trkpt lat="48.056967" lon="16.140213">
				<ele>352.82</ele>
				<time>2025-02-23T09:23:22Z</time>
			</trkpt>
			<trkpt lat="48.056948" lon="16.140135">
				<ele>352.23</ele>
				<time>2025-02-23T09:23:24Z</time>
			</trkpt>
			<trkpt lat="48.056933" lon="16.140048">
				<ele>351.6</ele>
				<time>2025-02-23T09:23:26Z</time>
			</trkpt>
			<trkpt lat="48.056884" lon="16.139935">
				<ele>350.98</ele>
				<time>2025-02-23T09:23:29Z</time>
			</trkpt>
			<trkpt lat="48.056853" lon="16.139833">
				<ele>350.35</ele>
				<time>2025-02-23T09:23:32Z</time>
			</trkpt>
			<trkpt lat="48.056828" lon="16.139733">
				<ele>349.67</ele>
				<time>2025-02-23T09:23:35Z</time>
			</trkpt>
			<trkpt lat="48.056801" lon="16.139663">
				<ele>348.95</ele>
				<time>2025-02-23T09:23:37Z</time>
			</trkpt>
			<trkpt lat="48.056772" lon="16.139592">
				<ele>348.18</ele>
				<time>2025-02-23T09:23:39Z</time>
			</trkpt>
			<trkpt lat="48.056768" lon="16.139503">
				<ele>347.38</ele>
				<time>2025-02-23T09:23:42Z</time>
			</trkpt>
			<trkpt lat="48.056754" lon="16.139418">
				<ele>346.56</ele>
				<time>2025-02-23T09:23:44Z</time>
			</trkpt>
			<trkpt lat="48.05672" lon="16.139346">
				<ele>345.76</ele>
				<time>2025-02-23T09:23:47Z</time>
			</trkpt>
			<trkpt lat="48.056708" lon="16.139237">
				<ele>344.96</ele>
				<time>2025-02-23T09:23:50Z</time>
			</trkpt>
			<trkpt lat="48.056678" lon="16.139138">
				<ele>344.15</ele>
				<time>2025-02-23T09:23:53Z</time>
			</trkpt>
			<trkpt lat="48.056666" lon="16.139029">
				<ele>343.32</ele>
				<time>2025-02-23T09:23:56Z</time>
			</trkpt>
			<trkpt lat="48.056664" lon="16.138914">
				<ele>342.48</ele>
				<time>2025-02-23T09:23:59Z</time>
			</trkpt>
			<trkpt lat="48.056634" lon="16.138839">
				<ele>341.68</ele>
				<time>2025-02-23T09:24:01Z</time>
			</trkpt>
			<trkpt lat="48.056604" lon="16.138728">
				<ele>340.9</ele>
				<time>2025-02-23T09:24:04Z</time>
			</trkpt>
			<trkpt lat="48.056575" lon="16.138653">
				<ele>340.12</ele>
				<time>2025-02-23T09:24:06Z</time>
			</trkpt>
			<trkpt lat="48.056533" lon="16.138552">
				<ele>339.39</ele>
				<time>2025-02-23T09:24:09Z</time>
			</trkpt>
			<trkpt lat="48.056497" lon="16.138485">
				<ele>338.71</ele>
				<time>2025-02-23T09:24:11Z</time>
			</trkpt>
			<trkpt lat="48.056445" lon="16.138397">
				<ele>338.09</ele>
				<time>2025-02-23T09:24:14Z</time>
			</trkpt>
			<trkpt lat="48.056408" lon="16.138324">
				<ele>337.55</ele>
				<time>2025-02-23T09:24:16Z</time>
			</trkpt>
			<trkpt lat="48.056365" lon="16.138227">
				<ele>337.06</ele>
				<time>2025-02-23T09:24:19Z</time>
			</trkpt>
			<trkpt lat="48.056328" lon="16.138128">
				<ele>336.62</ele>
				<time>2025-02-23T09:24:22Z</time>
			</trkpt>
			<trkpt lat="48.056298" lon="16.138058">
				<ele>336.23</ele>
				<time>2025-02-23T09:24:24Z</time>
			</trkpt>
			<trkpt lat="48.05626" lon="16.137999">
				<ele>335.91</ele>
				<time>2025-02-23T09:24:26Z</time>
			</trkpt>
			<trkpt lat="48.056235" lon="16.137877">
				<ele>335.66</ele>
				<time>2025-02-23T09:24:29Z</time>
			</trkpt>
			<trkpt lat="48.056216" lon="16.137769">
				<ele>335.48</ele>
				<time>2025-02-23T09:24:32Z</time>
			</trkpt>
			<trkpt lat="48.056244" lon="16.137653">
				<ele>335.35</ele>
				<time>2025-02-23T09:24:35Z</time>
			</trkpt>
			<trkpt lat="48.056257" lon="16.137558">
				<ele>335.25</ele>
				<time>2025-02-23T09:24:37Z</time>
			</trkpt>
			<trkpt lat="48.056265" lon="16.137439">
				<ele>335.21</ele>
				<time>2025-02-23T09:24:40Z</time>
			</trkpt>
			<trkpt lat="48.056285" lon="16.137324">
				<ele>335.2</ele>
				<time>2025-02-23T09:24:43Z</time>
			</trkpt>
			<trkpt lat="48.056298" lon="16.1372">
				<ele>335.24</ele>
				<time>2025-02-23T09:24:46Z</time>
			</trkpt>
			<trkpt lat="48.056305" lon="16.137084">
				<ele>335.27</ele>
				<time>2025-02-23T09:24:49Z</time>
			</trkpt>
			<trkpt lat="48.056309" lon="16.137002">
				<ele>335.32</ele>
				<time>2025-02-23T09:24:51Z</time>
			</trkpt>
			<trkpt lat="48.056321" lon="16.136911">
				<ele>335.37</ele>
				<time>2025-02-23T09:24:53Z</time>
			</trkpt>
			<trkpt lat="48.05633" lon="16.136797">
				<ele>335.43</ele>
				<time>2025-02-23T09:24:56Z</time>
			</trkpt>
			<trkpt lat="48.056351" lon="16.136717">
				<ele>335.45</ele>
				<time>2025-02-23T09:24:58Z</time>
			</trkpt>
			<trkpt lat="48.056368" lon="16.136594">
				<ele>335.52</ele>
				<time>2025-02-23T09:25:01Z</time>
			</trkpt>
			<trkpt lat="48.056382" lon="16.136478">
				<ele>335.56</ele>
				<time>2025-02-23T09:25:04Z</time>
			</trkpt>
			<trkpt lat="48.056409" lon="16.136361">
				<ele>335.6</ele>
				<time>2025-02-23T09:25:07Z</time>
			</trkpt>
			<trkpt lat="48.056429" lon="16.136251">
				<ele>335.62</ele>
				<time>2025-02-23T09:25:10Z</time>
			</trkpt>
			<trkpt lat="48.056455" lon="16.136143">
				<ele>335.63</ele>
				<time>2025-02-23T09:25:13Z</time>
			</trkpt>
			<trkpt lat="48.056473" lon="16.136022">
				<ele>335.65</ele>
				<time>2025-02-23T09:25:16Z</time>
			</trkpt>
			<trkpt lat="48.056503" lon="16.135908">
				<ele>335.65</ele>
				<time>2025-02-23T09:25:19Z</time>
			</trkpt>
			<trkpt lat="48.056519" lon="16.135793">
				<ele>335.64</ele>
				<time>2025-02-23T09:25:22Z</time>
			</trkpt>
			<trkpt lat="48.056536" lon="16.135676">
				<ele>335.61</ele>
				<time>2025-02-23T09:25:25Z</time>
			</trkpt>
			<trkpt lat="48.056548" lon="16.135598">
				<ele>335.52</ele>
				<time>2025-02-23T09:25:27Z</time>
			</trkpt>
			<trkpt lat="48.056567" lon="16.13552">
				<ele>335.4</ele>
				<time>2025-02-23T09:25:29Z</time>
			</trkpt>
			<trkpt lat="48.056591" lon="16.135442">
				<ele>335.27</ele>
				<time>2025-02-23T09:25:31Z</time>
			</trkpt>
			<trkpt lat="48.056603" lon="16.135326">
				<ele>335.12</ele>
				<time>2025-02-23T09:25:34Z</time>
			</trkpt>
			<trkpt lat="48.056624" lon="16.13525">
				<ele>334.94</ele>
				<time>2025-02-23T09:25:36Z</time>
			</trkpt>
			<trkpt lat="48.056643" lon="16.135167">
				<ele>334.75</ele>
				<time>2025-02-23T09:25:38Z</time>
			</trkpt>
			<trkpt lat="48.056658" lon="16.13505">
				<ele>334.53</ele>
				<time>2025-02-23T09:25:41Z</time>
			</trkpt>
			<trkpt lat="48.056669" lon="16.134971">
				<ele>334.29</ele>
				<time>2025-02-23T09:25:43Z</time>
			</trkpt>
			<trkpt lat="48.056678" lon="16.134885">
				<ele>334.02</ele>
				<time>2025-02-23T09:25:45Z</time>
			</trkpt>
			<trkpt lat="48.0567" lon="16.134808">
				<ele>333.72</ele>
				<time>2025-02-23T09:25:47Z</time>
			</trkpt>
			<trkpt lat="48.056719" lon="16.134726">
				<ele>333.38</ele>
				<time>2025-02-23T09:25:49Z</time>
			</trkpt>
			<trkpt lat="48.056736" lon="16.134644">
				<ele>333.02</ele>
				<time>2025-02-23T09:25:51Z</time>
			</trkpt>
			<trkpt lat="48.05675" lon="16.134563">
				<ele>332.65</ele>
				<time>2025-02-23T09:25:53Z</time>
			</trkpt>
			<trkpt lat="48.05677" lon="16.134484">
				<ele>332.28</ele>
				<time>2025-02-23T09:25:55Z</time>
			</trkpt>
			<trkpt lat="48.056782" lon="16.134404">
				<ele>331.92</ele>
				<time>2025-02-23T09:25:57Z</time>
			</trkpt>
			<trkpt lat="48.056799" lon="16.13429">
				<ele>331.54</ele>
				<time>2025-02-23T09:26:00Z</time>
			</trkpt>
			<trkpt lat="48.056819" lon="16.134174">
				<ele>331.14</ele>
				<time>2025-02-23T09:26:03Z</time>
			</trkpt>
			<trkpt lat="48.056838" lon="16.134056">
				<ele>330.75</ele>
				<time>2025-02-23T09:26:06Z</time>
			</trkpt>
			<trkpt lat="48.056859" lon="16.133978">
				<ele>330.35</ele>
				<time>2025-02-23T09:26:08Z</time>
			</trkpt>
			<trkpt lat="48.056874" lon="16.133899">
				<ele>329.95</ele>
				<time>2025-02-23T09:26:10Z</time>
			</trkpt>
			<trkpt lat="48.056883" lon="16.133812">
				<ele>329.53</ele>
				<time>2025-02-23T09:26:12Z</time>
			</trkpt>
			<trkpt lat="48.056893" lon="16.133694">
				<ele>329.13</ele>
				<time>2025-02-23T09:26:15Z</time>
			</trkpt>
			<trkpt lat="48.056914" lon="16.133614">
				<ele>328.73</ele>
				<time>2025-02-23T09:26:17Z</time>
			</trkpt>
			<trkpt lat="48.056926" lon="16.133535">
				<ele>328.32</ele>
				<time>2025-02-23T09:26:19Z</time>
			</trkpt>
			<trkpt lat="48.056935" lon="16.133451">
				<ele>327.93</ele>
				<time>2025-02-23T09:26:21Z</time>
			</trkpt>
			<trkpt lat="48.056946" lon="16.133371">
				<ele>327.53</ele>
				<time>2025-02-23T09:26:23Z</time>
			</trkpt>
			<trkpt lat="48.05696" lon="16.13325">
				<ele>327.13</ele>
				<time>2025-02-23T09:26:26Z</time>
			</trkpt>
			<trkpt lat="48.056963" lon="16.133167">
				<ele>326.72</ele>
				<time>2025-02-23T09:26:28Z</time>
			</trkpt>
			<trkpt lat="48.056969" lon="16.133082">
				<ele>326.31</ele>
				<time>2025-02-23T09:26:30Z</time>
			</trkpt>
			<trkpt lat="48.056959" lon="16.132961">
				<ele>325.91</ele>
				<time>2025-02-23T09:26:33Z</time>
			</trkpt>
			<trkpt lat="48.056956" lon="16.132878">
				<ele>325.5</ele>
				<time>2025-02-23T09:26:35Z</time>
			</trkpt>
			<trkpt lat="48.056946" lon="16.132797">
				<ele>325.09</ele>
				<time>2025-02-23T09:26:37Z</time>
			</trkpt>
			<trkpt lat="48.056942" lon="16.132712">
				<ele>324.67</ele>
				<time>2025-02-23T09:26:39Z</time>
			</trkpt>
			<trkpt lat="48.056916" lon="16.132598">
				<ele>324.27</ele>
				<time>2025-02-23T09:26:42Z</time>
			</trkpt>
			<trkpt lat="48.056881" lon="16.132489">
				<ele>323.89</ele>
				<time>2025-02-23T09:26:45Z</time>
			</trkpt>
			<trkpt lat="48.056856" lon="16.132415">
				<ele>323.51</ele>
				<time>2025-02-23T09:26:47Z</time>
			</trkpt>
			<trkpt lat="48.056842" lon="16.132334">
				<ele>323.14</ele>
				<time>2025-02-23T09:26:49Z</time>
			</trkpt>
			<trkpt lat="48.056817" lon="16.132229">
				<ele>322.8</ele>
				<time>2025-02-23T09:26:52Z</time>
			</trkpt>
			<trkpt lat="48.056797" lon="16.132126">
				<ele>322.46</ele>
				<time>2025-02-23T09:26:55Z</time>
			</trkpt>
			<trkpt lat="48.056778" lon="16.132039">
				<ele>322.13</ele>
				<time>2025-02-23T09:26:58Z</time>
			</trkpt>
			<trkpt lat="48.056766" lon="16.131936">
				<ele>321.83</ele>
				<time>2025-02-23T09:27:04Z</time>
			</trkpt>
			<trkpt lat="48.056743" lon="16.131841">
				<ele>321.54</ele>
				<time>2025-02-23T09:27:06Z</time>
			</trkpt>
			<trkpt lat="48.05673" lon="16.131758">
				<ele>321.26</ele>
				<time>2025-02-23T09:27:08Z</time>
			</trkpt>
			<trkpt lat="48.056694" lon="16.131685">
				<ele>320.97</ele>
				<time>2025-02-23T09:27:10Z</time>
			</trkpt>
			<trkpt lat="48.056644" lon="16.131601">
				<ele>320.68</ele>
				<time>2025-02-23T09:27:13Z</time>
			</trkpt>
			<trkpt lat="48.056564" lon="16.131572">
				<ele>320.41</ele>
				<time>2025-02-23T09:27:16Z</time>
			</trkpt>
			<trkpt lat="48.056509" lon="16.131557">
				<ele>320.13</ele>
				<time>2025-02-23T09:27:18Z</time>
			</trkpt>
			<trkpt lat="48.056457" lon="16.131513">
				<ele>319.99</ele>
				<time>2025-02-23T09:27:20Z</time>
			</trkpt>
			<trkpt lat="48.056387" lon="16.131453">
				<ele>319.86</ele>
				<time>2025-02-23T09:27:23Z</time>
			</trkpt>
			<trkpt lat="48.056308" lon="16.1314">
				<ele>319.74</ele>
				<time>2025-02-23T09:27:26Z</time>
			</trkpt>
			<trkpt lat="48.056238" lon="16.131319">
				<ele>319.61</ele>
				<time>2025-02-23T09:27:29Z</time>
			</trkpt>
			<trkpt lat="48.056171" lon="16.131273">
				<ele>319.48</ele>
				<time>2025-02-23T09:27:32Z</time>
			</trkpt>
			<trkpt lat="48.056108" lon="16.131236">
				<ele>319.37</ele>
				<time>2025-02-23T09:27:37Z</time>
			</trkpt>
		</trkseg>
	</trk>
</gpx>
