<?xml version="1.0" encoding="UTF-8"?>
<gpx xmlns:xsi="http://www.w3.org/2001/XMLSchema-instance" xmlns="http://www.topografix.com/GPX/1/1" xmlns:gpxtrkx="http://www.garmin.com/xmlschemas/TrackStatsExtension/v1" xmlns:gpxtpx="http://www.garmin.com/xmlschemas/TrackPointExtension/v1" xsi:schemaLocation="http://www.topografix.com/GPX/1/1 http://www.topografix.com/GPX/1/1/gpx.xsd " version="1.1" creator="bergfex GmbH">
	<trk>
		<name>Via Sacra Etappe 2 (Renzenhof)</name>
		<extensions>
			<gpxtrkx:TrackStatsExtension>
				<gpxtrkx:TotalElapsedTime>9261.00</gpxtrkx:TotalElapsedTime>
				<gpxtrkx:MovingTime>8643.00</gpxtrkx:MovingTime>
				<gpxtrkx:Distance>19041.00</gpxtrkx:Distance>
				<gpxtrkx:Ascent>508.00</gpxtrkx:Ascent>
				<gpxtrkx:Descent>381.00</gpxtrkx:Descent>
				<gpxtrkx:MovingSpeed>2.20</gpxtrkx:MovingSpeed>
				<gpxtrkx:MaxSpeed>3.12</gpxtrkx:MaxSpeed>
				<gpxtrkx:MaxElevation>587.00</gpxtrkx:MaxElevation>
				<gpxtrkx:MinElevation>314.00</gpxtrkx:MinElevation>
				<gpxtrkx:Calories>1465.00</gpxtrkx:Calories>
			</gpxtrkx:TrackStatsExtension>
		</extensions>
		<trkseg>
			<trkpt lat="48.055922" lon="16.130651">
				<ele>313.96</ele>
				<time>2025-09-21T06:33:25Z</time>
			</trkpt>
			<trkpt lat="48.055877" lon="16.130591">
				<ele>313.95</ele>
				<time>2025-09-21T06:33:28Z</time>
			</trkpt>
			<trkpt lat="48.055827" lon="16.130532">
				<ele>313.94</ele>
				<time>2025-09-21T06:33:31Z</time>
			</trkpt>
			<trkpt lat="48.055771" lon="16.130453">
				<ele>313.95</ele>
				<time>2025-09-21T06:33:34Z</time>
			</trkpt>
			<trkpt lat="48.055716" lon="16.130399">
				<ele>313.95</ele>
				<time>2025-09-21T06:33:37Z</time>
			</trkpt>
			<trkpt lat="48.055661" lon="16.130356">
				<ele>313.94</ele>
				<time>2025-09-21T06:33:40Z</time>
			</trkpt>
			<trkpt lat="48.0556" lon="16.130306">
				<ele>313.96</ele>
				<time>2025-09-21T06:33:43Z</time>
			</trkpt>
			<trkpt lat="48.05554" lon="16.130248">
				<ele>313.95</ele>
				<time>2025-09-21T06:33:46Z</time>
			</trkpt>
			<trkpt lat="48.055486" lon="16.130184">
				<ele>313.93</ele>
				<time>2025-09-21T06:33:49Z</time>
			</trkpt>
			<trkpt lat="48.055444" lon="16.130111">
				<ele>313.88</ele>
				<time>2025-09-21T06:33:52Z</time>
			</trkpt>
			<trkpt lat="48.055401" lon="16.130032">
				<ele>313.85</ele>
				<time>2025-09-21T06:33:55Z</time>
			</trkpt>
			<trkpt lat="48.055364" lon="16.129963">
				<ele>313.81</ele>
				<time>2025-09-21T06:33:58Z</time>
			</trkpt>
			<trkpt lat="48.055368" lon="16.129849">
				<ele>313.78</ele>
				<time>2025-09-21T06:34:02Z</time>
			</trkpt>
			<trkpt lat="48.055332" lon="16.129752">
				<ele>313.76</ele>
				<time>2025-09-21T06:34:05Z</time>
			</trkpt>
			<trkpt lat="48.055272" lon="16.129728">
				<ele>313.74</ele>
				<time>2025-09-21T06:34:09Z</time>
			</trkpt>
			<trkpt lat="48.055204" lon="16.129728">
				<ele>313.73</ele>
				<time>2025-09-21T06:34:13Z</time>
			</trkpt>
			<trkpt lat="48.055147" lon="16.129687">
				<ele>313.72</ele>
				<time>2025-09-21T06:34:17Z</time>
			</trkpt>
			<trkpt lat="48.055144" lon="16.12958">
				<ele>313.72</ele>
				<time>2025-09-21T06:34:20Z</time>
			</trkpt>
			<trkpt lat="48.055181" lon="16.129512">
				<ele>313.73</ele>
				<time>2025-09-21T06:34:22Z</time>
			</trkpt>
			<trkpt lat="48.055208" lon="16.129403">
				<ele>313.75</ele>
				<time>2025-09-21T06:34:24Z</time>
			</trkpt>
			<trkpt lat="48.055235" lon="16.129309">
				<ele>313.77</ele>
				<time>2025-09-21T06:34:27Z</time>
			</trkpt>
			<trkpt lat="48.055261" lon="16.129223">
				<ele>313.84</ele>
				<time>2025-09-21T06:34:30Z</time>
			</trkpt>
			<trkpt lat="48.055288" lon="16.129144">
				<ele>313.96</ele>
				<time>2025-09-21T06:34:33Z</time>
			</trkpt>
			<trkpt lat="48.05532" lon="16.129052">
				<ele>314.14</ele>
				<time>2025-09-21T06:34:36Z</time>
			</trkpt>
			<trkpt lat="48.055354" lon="16.128955">
				<ele>314.38</ele>
				<time>2025-09-21T06:34:39Z</time>
			</trkpt>
			<trkpt lat="48.055331" lon="16.128865">
				<ele>314.79</ele>
				<time>2025-09-21T06:34:42Z</time>
			</trkpt>
			<trkpt lat="48.055282" lon="16.128825">
				<ele>315.33</ele>
				<time>2025-09-21T06:34:46Z</time>
			</trkpt>
			<trkpt lat="48.055226" lon="16.12876">
				<ele>316.11</ele>
				<time>2025-09-21T06:34:48Z</time>
			</trkpt>
			<trkpt lat="48.055175" lon="16.128697">
				<ele>317.04</ele>
				<time>2025-09-21T06:34:51Z</time>
			</trkpt>
			<trkpt lat="48.055131" lon="16.128645">
				<ele>318.14</ele>
				<time>2025-09-21T06:34:54Z</time>
			</trkpt>
			<trkpt lat="48.055088" lon="16.128591">
				<ele>319.36</ele>
				<time>2025-09-21T06:34:58Z</time>
			</trkpt>
			<trkpt lat="48.055034" lon="16.12854">
				<ele>320.68</ele>
				<time>2025-09-21T06:35:07Z</time>
			</trkpt>
			<trkpt lat="48.054984" lon="16.128493">
				<ele>322.06</ele>
				<time>2025-09-21T06:35:13Z</time>
			</trkpt>
			<trkpt lat="48.054938" lon="16.128427">
				<ele>323.46</ele>
				<time>2025-09-21T06:35:25Z</time>
			</trkpt>
			<trkpt lat="48.054886" lon="16.128373">
				<ele>325.03</ele>
				<time>2025-09-21T06:35:33Z</time>
			</trkpt>
			<trkpt lat="48.05483" lon="16.128314">
				<ele>326.63</ele>
				<time>2025-09-21T06:35:41Z</time>
			</trkpt>
			<trkpt lat="48.054781" lon="16.128266">
				<ele>328.25</ele>
				<time>2025-09-21T06:35:48Z</time>
			</trkpt>
			<trkpt lat="48.054729" lon="16.128225">
				<ele>329.88</ele>
				<time>2025-09-21T06:35:54Z</time>
			</trkpt>
			<trkpt lat="48.054656" lon="16.128201">
				<ele>331.42</ele>
				<time>2025-09-21T06:36:04Z</time>
			</trkpt>
			<trkpt lat="48.054609" lon="16.128154">
				<ele>332.88</ele>
				<time>2025-09-21T06:36:06Z</time>
			</trkpt>
			<trkpt lat="48.054562" lon="16.128103">
				<ele>334.16</ele>
				<time>2025-09-21T06:36:18Z</time>
			</trkpt>
			<trkpt lat="48.054532" lon="16.128021">
				<ele>335.33</ele>
				<time>2025-09-21T06:36:22Z</time>
			</trkpt>
			<trkpt lat="48.054509" lon="16.127932">
				<ele>336.38</ele>
				<time>2025-09-21T06:36:26Z</time>
			</trkpt>
			<trkpt lat="48.054498" lon="16.12785">
				<ele>337.34</ele>
				<time>2025-09-21T06:36:30Z</time>
			</trkpt>
			<trkpt lat="48.054482" lon="16.127758">
				<ele>338.24</ele>
				<time>2025-09-21T06:36:35Z</time>
			</trkpt>
			<trkpt lat="48.054471" lon="16.12766">
				<ele>339.13</ele>
				<time>2025-09-21T06:36:40Z</time>
			</trkpt>
			<trkpt lat="48.054467" lon="16.127574">
				<ele>340.05</ele>
				<time>2025-09-21T06:36:44Z</time>
			</trkpt>
			<trkpt lat="48.05447" lon="16.127482">
				<ele>340.86</ele>
				<time>2025-09-21T06:36:48Z</time>
			</trkpt>
			<trkpt lat="48.054464" lon="16.127401">
				<ele>341.65</ele>
				<time>2025-09-21T06:36:52Z</time>
			</trkpt>
			<trkpt lat="48.054466" lon="16.127315">
				<ele>342.44</ele>
				<time>2025-09-21T06:36:56Z</time>
			</trkpt>
			<trkpt lat="48.054471" lon="16.127229">
				<ele>343.22</ele>
				<time>2025-09-21T06:37:00Z</time>
			</trkpt>
			<trkpt lat="48.054472" lon="16.127141">
				<ele>343.98</ele>
				<time>2025-09-21T06:37:04Z</time>
			</trkpt>
			<trkpt lat="48.05447" lon="16.127059">
				<ele>344.75</ele>
				<time>2025-09-21T06:37:08Z</time>
			</trkpt>
			<trkpt lat="48.054443" lon="16.126969">
				<ele>345.51</ele>
				<time>2025-09-21T06:37:13Z</time>
			</trkpt>
			<trkpt lat="48.054397" lon="16.126902">
				<ele>346.27</ele>
				<time>2025-09-21T06:37:18Z</time>
			</trkpt>
			<trkpt lat="48.054347" lon="16.126846">
				<ele>347.03</ele>
				<time>2025-09-21T06:37:22Z</time>
			</trkpt>
			<trkpt lat="48.054294" lon="16.126795">
				<ele>347.78</ele>
				<time>2025-09-21T06:37:27Z</time>
			</trkpt>
			<trkpt lat="48.054243" lon="16.126744">
				<ele>348.52</ele>
				<time>2025-09-21T06:37:32Z</time>
			</trkpt>
			<trkpt lat="48.054203" lon="16.126689">
				<ele>349.21</ele>
				<time>2025-09-21T06:37:37Z</time>
			</trkpt>
			<trkpt lat="48.05417" lon="16.126593">
				<ele>349.88</ele>
				<time>2025-09-21T06:37:42Z</time>
			</trkpt>
			<trkpt lat="48.054165" lon="16.126495">
				<ele>350.51</ele>
				<time>2025-09-21T06:37:46Z</time>
			</trkpt>
			<trkpt lat="48.054162" lon="16.126399">
				<ele>351.12</ele>
				<time>2025-09-21T06:37:50Z</time>
			</trkpt>
			<trkpt lat="48.054155" lon="16.126298">
				<ele>351.7</ele>
				<time>2025-09-21T06:37:54Z</time>
			</trkpt>
			<trkpt lat="48.054159" lon="16.126215">
				<ele>352.25</ele>
				<time>2025-09-21T06:37:57Z</time>
			</trkpt>
			<trkpt lat="48.054166" lon="16.126135">
				<ele>352.8</ele>
				<time>2025-09-21T06:38:00Z</time>
			</trkpt>
			<trkpt lat="48.054181" lon="16.126037">
				<ele>353.32</ele>
				<time>2025-09-21T06:38:04Z</time>
			</trkpt>
			<trkpt lat="48.054189" lon="16.125955">
				<ele>353.81</ele>
				<time>2025-09-21T06:38:07Z</time>
			</trkpt>
			<trkpt lat="48.054197" lon="16.125865">
				<ele>354.27</ele>
				<time>2025-09-21T06:38:10Z</time>
			</trkpt>
			<trkpt lat="48.054217" lon="16.12577">
				<ele>354.7</ele>
				<time>2025-09-21T06:38:14Z</time>
			</trkpt>
			<trkpt lat="48.054232" lon="16.125667">
				<ele>355.13</ele>
				<time>2025-09-21T06:38:18Z</time>
			</trkpt>
			<trkpt lat="48.05425" lon="16.12557">
				<ele>355.55</ele>
				<time>2025-09-21T06:38:22Z</time>
			</trkpt>
			<trkpt lat="48.054272" lon="16.125467">
				<ele>355.98</ele>
				<time>2025-09-21T06:38:26Z</time>
			</trkpt>
			<trkpt lat="48.05429" lon="16.12539">
				<ele>356.39</ele>
				<time>2025-09-21T06:38:29Z</time>
			</trkpt>
			<trkpt lat="48.054307" lon="16.125311">
				<ele>356.8</ele>
				<time>2025-09-21T06:38:32Z</time>
			</trkpt>
			<trkpt lat="48.05432" lon="16.125211">
				<ele>357.21</ele>
				<time>2025-09-21T06:38:35Z</time>
			</trkpt>
			<trkpt lat="48.054331" lon="16.12513">
				<ele>357.59</ele>
				<time>2025-09-21T06:38:38Z</time>
			</trkpt>
			<trkpt lat="48.054351" lon="16.125032">
				<ele>357.96</ele>
				<time>2025-09-21T06:38:42Z</time>
			</trkpt>
			<trkpt lat="48.054374" lon="16.124951">
				<ele>358.29</ele>
				<time>2025-09-21T06:38:45Z</time>
			</trkpt>
			<trkpt lat="48.054396" lon="16.124861">
				<ele>358.65</ele>
				<time>2025-09-21T06:38:49Z</time>
			</trkpt>
			<trkpt lat="48.054413" lon="16.124778">
				<ele>358.99</ele>
				<time>2025-09-21T06:38:52Z</time>
			</trkpt>
			<trkpt lat="48.054424" lon="16.124685">
				<ele>359.33</ele>
				<time>2025-09-21T06:38:55Z</time>
			</trkpt>
			<trkpt lat="48.054447" lon="16.124604">
				<ele>359.69</ele>
				<time>2025-09-21T06:38:58Z</time>
			</trkpt>
			<trkpt lat="48.054474" lon="16.124533">
				<ele>360.04</ele>
				<time>2025-09-21T06:39:01Z</time>
			</trkpt>
			<trkpt lat="48.054507" lon="16.124455">
				<ele>360.38</ele>
				<time>2025-09-21T06:39:05Z</time>
			</trkpt>
			<trkpt lat="48.054523" lon="16.124371">
				<ele>360.72</ele>
				<time>2025-09-21T06:39:08Z</time>
			</trkpt>
			<trkpt lat="48.054531" lon="16.124283">
				<ele>361.07</ele>
				<time>2025-09-21T06:39:11Z</time>
			</trkpt>
			<trkpt lat="48.054536" lon="16.124196">
				<ele>361.41</ele>
				<time>2025-09-21T06:39:15Z</time>
			</trkpt>
			<trkpt lat="48.054542" lon="16.124099">
				<ele>361.76</ele>
				<time>2025-09-21T06:39:19Z</time>
			</trkpt>
			<trkpt lat="48.054549" lon="16.123994">
				<ele>362.12</ele>
				<time>2025-09-21T06:39:23Z</time>
			</trkpt>
			<trkpt lat="48.054562" lon="16.123896">
				<ele>362.48</ele>
				<time>2025-09-21T06:39:27Z</time>
			</trkpt>
			<trkpt lat="48.054579" lon="16.123812">
				<ele>362.83</ele>
				<time>2025-09-21T06:39:30Z</time>
			</trkpt>
			<trkpt lat="48.054605" lon="16.123711">
				<ele>363.19</ele>
				<time>2025-09-21T06:39:34Z</time>
			</trkpt>
			<trkpt lat="48.054626" lon="16.123627">
				<ele>363.54</ele>
				<time>2025-09-21T06:39:37Z</time>
			</trkpt>
			<trkpt lat="48.054647" lon="16.123537">
				<ele>363.93</ele>
				<time>2025-09-21T06:39:40Z</time>
			</trkpt>
			<trkpt lat="48.054665" lon="16.123434">
				<ele>364.3</ele>
				<time>2025-09-21T06:39:44Z</time>
			</trkpt>
			<trkpt lat="48.054672" lon="16.123352">
				<ele>364.65</ele>
				<time>2025-09-21T06:39:48Z</time>
			</trkpt>
			<trkpt lat="48.054677" lon="16.123249">
				<ele>365.03</ele>
				<time>2025-09-21T06:39:52Z</time>
			</trkpt>
			<trkpt lat="48.054676" lon="16.123152">
				<ele>365.4</ele>
				<time>2025-09-21T06:39:56Z</time>
			</trkpt>
			<trkpt lat="48.054673" lon="16.123071">
				<ele>365.75</ele>
				<time>2025-09-21T06:39:59Z</time>
			</trkpt>
			<trkpt lat="48.054675" lon="16.122968">
				<ele>366.07</ele>
				<time>2025-09-21T06:40:03Z</time>
			</trkpt>
			<trkpt lat="48.054667" lon="16.122887">
				<ele>366.36</ele>
				<time>2025-09-21T06:40:06Z</time>
			</trkpt>
			<trkpt lat="48.054658" lon="16.122795">
				<ele>366.64</ele>
				<time>2025-09-21T06:40:10Z</time>
			</trkpt>
			<trkpt lat="48.054642" lon="16.12269">
				<ele>366.9</ele>
				<time>2025-09-21T06:40:14Z</time>
			</trkpt>
			<trkpt lat="48.054628" lon="16.122592">
				<ele>367.16</ele>
				<time>2025-09-21T06:40:18Z</time>
			</trkpt>
			<trkpt lat="48.054615" lon="16.122502">
				<ele>367.39</ele>
				<time>2025-09-21T06:40:21Z</time>
			</trkpt>
			<trkpt lat="48.054604" lon="16.1224">
				<ele>367.63</ele>
				<time>2025-09-21T06:40:25Z</time>
			</trkpt>
			<trkpt lat="48.054586" lon="16.122311">
				<ele>367.86</ele>
				<time>2025-09-21T06:40:28Z</time>
			</trkpt>
			<trkpt lat="48.054586" lon="16.122208">
				<ele>368.13</ele>
				<time>2025-09-21T06:40:32Z</time>
			</trkpt>
			<trkpt lat="48.05458" lon="16.122104">
				<ele>368.43</ele>
				<time>2025-09-21T06:40:35Z</time>
			</trkpt>
			<trkpt lat="48.054584" lon="16.122002">
				<ele>368.75</ele>
				<time>2025-09-21T06:40:39Z</time>
			</trkpt>
			<trkpt lat="48.054587" lon="16.121912">
				<ele>369.08</ele>
				<time>2025-09-21T06:40:44Z</time>
			</trkpt>
			<trkpt lat="48.054593" lon="16.121823">
				<ele>369.46</ele>
				<time>2025-09-21T06:40:47Z</time>
			</trkpt>
			<trkpt lat="48.054589" lon="16.121735">
				<ele>369.87</ele>
				<time>2025-09-21T06:40:51Z</time>
			</trkpt>
			<trkpt lat="48.054593" lon="16.121642">
				<ele>370.34</ele>
				<time>2025-09-21T06:40:56Z</time>
			</trkpt>
			<trkpt lat="48.054597" lon="16.121556">
				<ele>370.85</ele>
				<time>2025-09-21T06:41:00Z</time>
			</trkpt>
			<trkpt lat="48.0546" lon="16.121459">
				<ele>371.4</ele>
				<time>2025-09-21T06:41:04Z</time>
			</trkpt>
			<trkpt lat="48.054603" lon="16.121374">
				<ele>371.96</ele>
				<time>2025-09-21T06:41:08Z</time>
			</trkpt>
			<trkpt lat="48.054612" lon="16.121286">
				<ele>372.52</ele>
				<time>2025-09-21T06:41:12Z</time>
			</trkpt>
			<trkpt lat="48.054612" lon="16.121197">
				<ele>373.07</ele>
				<time>2025-09-21T06:41:17Z</time>
			</trkpt>
			<trkpt lat="48.054612" lon="16.121096">
				<ele>373.64</ele>
				<time>2025-09-21T06:41:22Z</time>
			</trkpt>
			<trkpt lat="48.054619" lon="16.120999">
				<ele>374.15</ele>
				<time>2025-09-21T06:41:26Z</time>
			</trkpt>
			<trkpt lat="48.054624" lon="16.1209">
				<ele>374.64</ele>
				<time>2025-09-21T06:41:30Z</time>
			</trkpt>
			<trkpt lat="48.054622" lon="16.120808">
				<ele>375.1</ele>
				<time>2025-09-21T06:41:33Z</time>
			</trkpt>
			<trkpt lat="48.054615" lon="16.120704">
				<ele>375.53</ele>
				<time>2025-09-21T06:41:37Z</time>
			</trkpt>
			<trkpt lat="48.05461" lon="16.120622">
				<ele>375.94</ele>
				<time>2025-09-21T06:41:40Z</time>
			</trkpt>
			<trkpt lat="48.054603" lon="16.120526">
				<ele>376.34</ele>
				<time>2025-09-21T06:41:44Z</time>
			</trkpt>
			<trkpt lat="48.054595" lon="16.12042">
				<ele>376.69</ele>
				<time>2025-09-21T06:41:48Z</time>
			</trkpt>
			<trkpt lat="48.054594" lon="16.120334">
				<ele>377.03</ele>
				<time>2025-09-21T06:41:51Z</time>
			</trkpt>
			<trkpt lat="48.054591" lon="16.120236">
				<ele>377.33</ele>
				<time>2025-09-21T06:41:55Z</time>
			</trkpt>
			<trkpt lat="48.054586" lon="16.120146">
				<ele>377.66</ele>
				<time>2025-09-21T06:41:59Z</time>
			</trkpt>
			<trkpt lat="48.054584" lon="16.120057">
				<ele>378.0</ele>
				<time>2025-09-21T06:42:03Z</time>
			</trkpt>
			<trkpt lat="48.054581" lon="16.119955">
				<ele>378.34</ele>
				<time>2025-09-21T06:42:07Z</time>
			</trkpt>
			<trkpt lat="48.054581" lon="16.11987">
				<ele>378.69</ele>
				<time>2025-09-21T06:42:10Z</time>
			</trkpt>
			<trkpt lat="48.054589" lon="16.119785">
				<ele>379.02</ele>
				<time>2025-09-21T06:42:13Z</time>
			</trkpt>
			<trkpt lat="48.054601" lon="16.119689">
				<ele>379.32</ele>
				<time>2025-09-21T06:42:17Z</time>
			</trkpt>
			<trkpt lat="48.054622" lon="16.119582">
				<ele>379.6</ele>
				<time>2025-09-21T06:42:21Z</time>
			</trkpt>
			<trkpt lat="48.054623" lon="16.119497">
				<ele>379.86</ele>
				<time>2025-09-21T06:42:24Z</time>
			</trkpt>
			<trkpt lat="48.054629" lon="16.1194">
				<ele>380.08</ele>
				<time>2025-09-21T06:42:27Z</time>
			</trkpt>
			<trkpt lat="48.054633" lon="16.119302">
				<ele>380.29</ele>
				<time>2025-09-21T06:42:30Z</time>
			</trkpt>
			<trkpt lat="48.054642" lon="16.119215">
				<ele>380.49</ele>
				<time>2025-09-21T06:42:33Z</time>
			</trkpt>
			<trkpt lat="48.054639" lon="16.119126">
				<ele>380.7</ele>
				<time>2025-09-21T06:42:36Z</time>
			</trkpt>
			<trkpt lat="48.054637" lon="16.119031">
				<ele>380.91</ele>
				<time>2025-09-21T06:42:39Z</time>
			</trkpt>
			<trkpt lat="48.054635" lon="16.118932">
				<ele>381.13</ele>
				<time>2025-09-21T06:42:42Z</time>
			</trkpt>
			<trkpt lat="48.054629" lon="16.118851">
				<ele>381.35</ele>
				<time>2025-09-21T06:42:45Z</time>
			</trkpt>
			<trkpt lat="48.054626" lon="16.118766">
				<ele>381.59</ele>
				<time>2025-09-21T06:42:48Z</time>
			</trkpt>
			<trkpt lat="48.054628" lon="16.118663">
				<ele>381.85</ele>
				<time>2025-09-21T06:42:52Z</time>
			</trkpt>
			<trkpt lat="48.054618" lon="16.118562">
				<ele>382.16</ele>
				<time>2025-09-21T06:42:56Z</time>
			</trkpt>
			<trkpt lat="48.054613" lon="16.118467">
				<ele>382.53</ele>
				<time>2025-09-21T06:43:00Z</time>
			</trkpt>
			<trkpt lat="48.054605" lon="16.118363">
				<ele>382.94</ele>
				<time>2025-09-21T06:43:04Z</time>
			</trkpt>
			<trkpt lat="48.054592" lon="16.118283">
				<ele>383.38</ele>
				<time>2025-09-21T06:43:07Z</time>
			</trkpt>
			<trkpt lat="48.054583" lon="16.118181">
				<ele>383.84</ele>
				<time>2025-09-21T06:43:11Z</time>
			</trkpt>
			<trkpt lat="48.054575" lon="16.118066">
				<ele>384.34</ele>
				<time>2025-09-21T06:43:16Z</time>
			</trkpt>
			<trkpt lat="48.054579" lon="16.117965">
				<ele>384.82</ele>
				<time>2025-09-21T06:43:20Z</time>
			</trkpt>
			<trkpt lat="48.054588" lon="16.117865">
				<ele>385.3</ele>
				<time>2025-09-21T06:43:24Z</time>
			</trkpt>
			<trkpt lat="48.054593" lon="16.117777">
				<ele>385.77</ele>
				<time>2025-09-21T06:43:28Z</time>
			</trkpt>
			<trkpt lat="48.054592" lon="16.117673">
				<ele>386.22</ele>
				<time>2025-09-21T06:43:32Z</time>
			</trkpt>
			<trkpt lat="48.054591" lon="16.117592">
				<ele>386.62</ele>
				<time>2025-09-21T06:43:35Z</time>
			</trkpt>
			<trkpt lat="48.054592" lon="16.117488">
				<ele>387.0</ele>
				<time>2025-09-21T06:43:39Z</time>
			</trkpt>
			<trkpt lat="48.054594" lon="16.117398">
				<ele>387.35</ele>
				<time>2025-09-21T06:43:42Z</time>
			</trkpt>
			<trkpt lat="48.054588" lon="16.117315">
				<ele>387.66</ele>
				<time>2025-09-21T06:43:45Z</time>
			</trkpt>
			<trkpt lat="48.054582" lon="16.11723">
				<ele>387.95</ele>
				<time>2025-09-21T06:43:48Z</time>
			</trkpt>
			<trkpt lat="48.054575" lon="16.117127">
				<ele>388.26</ele>
				<time>2025-09-21T06:43:52Z</time>
			</trkpt>
			<trkpt lat="48.05457" lon="16.117032">
				<ele>388.6</ele>
				<time>2025-09-21T06:43:55Z</time>
			</trkpt>
			<trkpt lat="48.054567" lon="16.116949">
				<ele>388.96</ele>
				<time>2025-09-21T06:43:58Z</time>
			</trkpt>
			<trkpt lat="48.054555" lon="16.116846">
				<ele>389.34</ele>
				<time>2025-09-21T06:44:01Z</time>
			</trkpt>
			<trkpt lat="48.054558" lon="16.116754">
				<ele>389.76</ele>
				<time>2025-09-21T06:44:04Z</time>
			</trkpt>
			<trkpt lat="48.054568" lon="16.116666">
				<ele>390.22</ele>
				<time>2025-09-21T06:44:07Z</time>
			</trkpt>
			<trkpt lat="48.054596" lon="16.116588">
				<ele>390.72</ele>
				<time>2025-09-21T06:44:11Z</time>
			</trkpt>
			<trkpt lat="48.054617" lon="16.116508">
				<ele>391.27</ele>
				<time>2025-09-21T06:44:16Z</time>
			</trkpt>
			<trkpt lat="48.054637" lon="16.116426">
				<ele>391.86</ele>
				<time>2025-09-21T06:44:20Z</time>
			</trkpt>
			<trkpt lat="48.054659" lon="16.116338">
				<ele>392.51</ele>
				<time>2025-09-21T06:44:24Z</time>
			</trkpt>
			<trkpt lat="48.054674" lon="16.116229">
				<ele>393.19</ele>
				<time>2025-09-21T06:44:29Z</time>
			</trkpt>
			<trkpt lat="48.054681" lon="16.116132">
				<ele>393.9</ele>
				<time>2025-09-21T06:44:33Z</time>
			</trkpt>
			<trkpt lat="48.054685" lon="16.116036">
				<ele>394.66</ele>
				<time>2025-09-21T06:44:37Z</time>
			</trkpt>
			<trkpt lat="48.054688" lon="16.115935">
				<ele>395.44</ele>
				<time>2025-09-21T06:44:41Z</time>
			</trkpt>
			<trkpt lat="48.054691" lon="16.115842">
				<ele>396.2</ele>
				<time>2025-09-21T06:44:46Z</time>
			</trkpt>
			<trkpt lat="48.054701" lon="16.115747">
				<ele>396.96</ele>
				<time>2025-09-21T06:44:51Z</time>
			</trkpt>
			<trkpt lat="48.054707" lon="16.11564">
				<ele>397.7</ele>
				<time>2025-09-21T06:44:55Z</time>
			</trkpt>
			<trkpt lat="48.054714" lon="16.115541">
				<ele>398.47</ele>
				<time>2025-09-21T06:45:00Z</time>
			</trkpt>
			<trkpt lat="48.054716" lon="16.115459">
				<ele>399.17</ele>
				<time>2025-09-21T06:45:04Z</time>
			</trkpt>
			<trkpt lat="48.05473" lon="16.115368">
				<ele>399.86</ele>
				<time>2025-09-21T06:45:08Z</time>
			</trkpt>
			<trkpt lat="48.054738" lon="16.11528">
				<ele>400.49</ele>
				<time>2025-09-21T06:45:12Z</time>
			</trkpt>
			<trkpt lat="48.054738" lon="16.115199">
				<ele>401.06</ele>
				<time>2025-09-21T06:45:17Z</time>
			</trkpt>
			<trkpt lat="48.054746" lon="16.115116">
				<ele>401.55</ele>
				<time>2025-09-21T06:45:19Z</time>
			</trkpt>
			<trkpt lat="48.05476" lon="16.115022">
				<ele>401.85</ele>
				<time>2025-09-21T06:45:24Z</time>
			</trkpt>
			<trkpt lat="48.054775" lon="16.114931">
				<ele>402.02</ele>
				<time>2025-09-21T06:45:27Z</time>
			</trkpt>
			<trkpt lat="48.054778" lon="16.114848">
				<ele>402.08</ele>
				<time>2025-09-21T06:45:31Z</time>
			</trkpt>
			<trkpt lat="48.054792" lon="16.114766">
				<ele>402.09</ele>
				<time>2025-09-21T06:45:35Z</time>
			</trkpt>
			<trkpt lat="48.054783" lon="16.114664">
				<ele>402.08</ele>
				<time>2025-09-21T06:45:39Z</time>
			</trkpt>
			<trkpt lat="48.054733" lon="16.114613">
				<ele>402.02</ele>
				<time>2025-09-21T06:45:45Z</time>
			</trkpt>
			<trkpt lat="48.054677" lon="16.114576">
				<ele>401.94</ele>
				<time>2025-09-21T06:45:50Z</time>
			</trkpt>
			<trkpt lat="48.054614" lon="16.114544">
				<ele>401.83</ele>
				<time>2025-09-21T06:45:54Z</time>
			</trkpt>
			<trkpt lat="48.054541" lon="16.114481">
				<ele>401.71</ele>
				<time>2025-09-21T06:45:59Z</time>
			</trkpt>
			<trkpt lat="48.054496" lon="16.114425">
				<ele>401.59</ele>
				<time>2025-09-21T06:46:03Z</time>
			</trkpt>
			<trkpt lat="48.054506" lon="16.114309">
				<ele>401.49</ele>
				<time>2025-09-21T06:46:07Z</time>
			</trkpt>
			<trkpt lat="48.054511" lon="16.114221">
				<ele>401.39</ele>
				<time>2025-09-21T06:46:09Z</time>
			</trkpt>
			<trkpt lat="48.054524" lon="16.114141">
				<ele>401.32</ele>
				<time>2025-09-21T06:46:10Z</time>
			</trkpt>
			<trkpt lat="48.054514" lon="16.114045">
				<ele>401.4</ele>
				<time>2025-09-21T06:46:13Z</time>
			</trkpt>
			<trkpt lat="48.05451" lon="16.11393">
				<ele>401.61</ele>
				<time>2025-09-21T06:46:16Z</time>
			</trkpt>
			<trkpt lat="48.054499" lon="16.113814">
				<ele>401.94</ele>
				<time>2025-09-21T06:46:20Z</time>
			</trkpt>
			<trkpt lat="48.054481" lon="16.113711">
				<ele>402.31</ele>
				<time>2025-09-21T06:46:23Z</time>
			</trkpt>
			<trkpt lat="48.054471" lon="16.113627">
				<ele>402.68</ele>
				<time>2025-09-21T06:46:26Z</time>
			</trkpt>
			<trkpt lat="48.054462" lon="16.113531">
				<ele>403.02</ele>
				<time>2025-09-21T06:46:30Z</time>
			</trkpt>
			<trkpt lat="48.054456" lon="16.113445">
				<ele>403.34</ele>
				<time>2025-09-21T06:46:33Z</time>
			</trkpt>
			<trkpt lat="48.054443" lon="16.113356">
				<ele>403.64</ele>
				<time>2025-09-21T06:46:36Z</time>
			</trkpt>
			<trkpt lat="48.054431" lon="16.113271">
				<ele>403.93</ele>
				<time>2025-09-21T06:46:40Z</time>
			</trkpt>
			<trkpt lat="48.054414" lon="16.113194">
				<ele>404.21</ele>
				<time>2025-09-21T06:46:43Z</time>
			</trkpt>
			<trkpt lat="48.054389" lon="16.113111">
				<ele>404.48</ele>
				<time>2025-09-21T06:46:46Z</time>
			</trkpt>
			<trkpt lat="48.05436" lon="16.113018">
				<ele>404.8</ele>
				<time>2025-09-21T06:46:49Z</time>
			</trkpt>
			<trkpt lat="48.054343" lon="16.112934">
				<ele>405.17</ele>
				<time>2025-09-21T06:46:52Z</time>
			</trkpt>
			<trkpt lat="48.05431" lon="16.112834">
				<ele>405.64</ele>
				<time>2025-09-21T06:46:55Z</time>
			</trkpt>
			<trkpt lat="48.054287" lon="16.112756">
				<ele>406.14</ele>
				<time>2025-09-21T06:46:58Z</time>
			</trkpt>
			<trkpt lat="48.054263" lon="16.11267">
				<ele>406.64</ele>
				<time>2025-09-21T06:47:01Z</time>
			</trkpt>
			<trkpt lat="48.054255" lon="16.11259">
				<ele>407.12</ele>
				<time>2025-09-21T06:47:04Z</time>
			</trkpt>
			<trkpt lat="48.054252" lon="16.112509">
				<ele>407.63</ele>
				<time>2025-09-21T06:47:08Z</time>
			</trkpt>
			<trkpt lat="48.054266" lon="16.112428">
				<ele>408.2</ele>
				<time>2025-09-21T06:47:11Z</time>
			</trkpt>
			<trkpt lat="48.054276" lon="16.112335">
				<ele>408.81</ele>
				<time>2025-09-21T06:47:16Z</time>
			</trkpt>
			<trkpt lat="48.054288" lon="16.112245">
				<ele>409.46</ele>
				<time>2025-09-21T06:47:20Z</time>
			</trkpt>
			<trkpt lat="48.054269" lon="16.112139">
				<ele>410.14</ele>
				<time>2025-09-21T06:47:24Z</time>
			</trkpt>
			<trkpt lat="48.054246" lon="16.112056">
				<ele>410.84</ele>
				<time>2025-09-21T06:47:27Z</time>
			</trkpt>
			<trkpt lat="48.054214" lon="16.111976">
				<ele>411.55</ele>
				<time>2025-09-21T06:47:30Z</time>
			</trkpt>
			<trkpt lat="48.054175" lon="16.111896">
				<ele>412.25</ele>
				<time>2025-09-21T06:47:33Z</time>
			</trkpt>
			<trkpt lat="48.054129" lon="16.111836">
				<ele>412.95</ele>
				<time>2025-09-21T06:47:36Z</time>
			</trkpt>
			<trkpt lat="48.054077" lon="16.111778">
				<ele>413.57</ele>
				<time>2025-09-21T06:47:39Z</time>
			</trkpt>
			<trkpt lat="48.054027" lon="16.111698">
				<ele>414.16</ele>
				<time>2025-09-21T06:47:43Z</time>
			</trkpt>
			<trkpt lat="48.053983" lon="16.111621">
				<ele>414.69</ele>
				<time>2025-09-21T06:47:47Z</time>
			</trkpt>
			<trkpt lat="48.053951" lon="16.111542">
				<ele>415.21</ele>
				<time>2025-09-21T06:47:50Z</time>
			</trkpt>
			<trkpt lat="48.053926" lon="16.111469">
				<ele>415.71</ele>
				<time>2025-09-21T06:47:53Z</time>
			</trkpt>
			<trkpt lat="48.053891" lon="16.111385">
				<ele>416.16</ele>
				<time>2025-09-21T06:47:57Z</time>
			</trkpt>
			<trkpt lat="48.053863" lon="16.111301">
				<ele>416.6</ele>
				<time>2025-09-21T06:48:00Z</time>
			</trkpt>
			<trkpt lat="48.053848" lon="16.111219">
				<ele>417.01</ele>
				<time>2025-09-21T06:48:03Z</time>
			</trkpt>
			<trkpt lat="48.053837" lon="16.111122">
				<ele>417.4</ele>
				<time>2025-09-21T06:48:06Z</time>
			</trkpt>
			<trkpt lat="48.05383" lon="16.111027">
				<ele>417.74</ele>
				<time>2025-09-21T06:48:09Z</time>
			</trkpt>
			<trkpt lat="48.053827" lon="16.110924">
				<ele>418.04</ele>
				<time>2025-09-21T06:48:12Z</time>
			</trkpt>
			<trkpt lat="48.053829" lon="16.110824">
				<ele>418.27</ele>
				<time>2025-09-21T06:48:15Z</time>
			</trkpt>
			<trkpt lat="48.053838" lon="16.110724">
				<ele>418.44</ele>
				<time>2025-09-21T06:48:18Z</time>
			</trkpt>
			<trkpt lat="48.053846" lon="16.110632">
				<ele>418.55</ele>
				<time>2025-09-21T06:48:21Z</time>
			</trkpt>
			<trkpt lat="48.053852" lon="16.110544">
				<ele>418.61</ele>
				<time>2025-09-21T06:48:24Z</time>
			</trkpt>
			<trkpt lat="48.053851" lon="16.110438">
				<ele>418.6</ele>
				<time>2025-09-21T06:48:27Z</time>
			</trkpt>
			<trkpt lat="48.05384" lon="16.110322">
				<ele>418.55</ele>
				<time>2025-09-21T06:48:30Z</time>
			</trkpt>
			<trkpt lat="48.053824" lon="16.110211">
				<ele>418.47</ele>
				<time>2025-09-21T06:48:33Z</time>
			</trkpt>
			<trkpt lat="48.053807" lon="16.110122">
				<ele>418.37</ele>
				<time>2025-09-21T06:48:36Z</time>
			</trkpt>
			<trkpt lat="48.053778" lon="16.110022">
				<ele>418.25</ele>
				<time>2025-09-21T06:48:39Z</time>
			</trkpt>
			<trkpt lat="48.053745" lon="16.109941">
				<ele>418.12</ele>
				<time>2025-09-21T06:48:42Z</time>
			</trkpt>
			<trkpt lat="48.053715" lon="16.109852">
				<ele>417.97</ele>
				<time>2025-09-21T06:48:46Z</time>
			</trkpt>
			<trkpt lat="48.053674" lon="16.109799">
				<ele>417.81</ele>
				<time>2025-09-21T06:48:50Z</time>
			</trkpt>
			<trkpt lat="48.053606" lon="16.109776">
				<ele>417.65</ele>
				<time>2025-09-21T06:48:54Z</time>
			</trkpt>
			<trkpt lat="48.05355" lon="16.109757">
				<ele>417.51</ele>
				<time>2025-09-21T06:48:57Z</time>
			</trkpt>
			<trkpt lat="48.053494" lon="16.109735">
				<ele>417.38</ele>
				<time>2025-09-21T06:49:00Z</time>
			</trkpt>
			<trkpt lat="48.053435" lon="16.109701">
				<ele>417.21</ele>
				<time>2025-09-21T06:49:03Z</time>
			</trkpt>
			<trkpt lat="48.053375" lon="16.109651">
				<ele>417.03</ele>
				<time>2025-09-21T06:49:06Z</time>
			</trkpt>
			<trkpt lat="48.053317" lon="16.109594">
				<ele>416.83</ele>
				<time>2025-09-21T06:49:09Z</time>
			</trkpt>
			<trkpt lat="48.053267" lon="16.109533">
				<ele>416.63</ele>
				<time>2025-09-21T06:49:12Z</time>
			</trkpt>
			<trkpt lat="48.053258" lon="16.109436">
				<ele>416.4</ele>
				<time>2025-09-21T06:49:15Z</time>
			</trkpt>
			<trkpt lat="48.053246" lon="16.109337">
				<ele>416.15</ele>
				<time>2025-09-21T06:49:18Z</time>
			</trkpt>
			<trkpt lat="48.053231" lon="16.109212">
				<ele>415.88</ele>
				<time>2025-09-21T06:49:21Z</time>
			</trkpt>
			<trkpt lat="48.053219" lon="16.109116">
				<ele>415.61</ele>
				<time>2025-09-21T06:49:23Z</time>
			</trkpt>
			<trkpt lat="48.053199" lon="16.109013">
				<ele>415.34</ele>
				<time>2025-09-21T06:49:26Z</time>
			</trkpt>
			<trkpt lat="48.053172" lon="16.108902">
				<ele>415.09</ele>
				<time>2025-09-21T06:49:29Z</time>
			</trkpt>
			<trkpt lat="48.053146" lon="16.108808">
				<ele>414.85</ele>
				<time>2025-09-21T06:49:32Z</time>
			</trkpt>
			<trkpt lat="48.053114" lon="16.108711">
				<ele>414.58</ele>
				<time>2025-09-21T06:49:35Z</time>
			</trkpt>
			<trkpt lat="48.053084" lon="16.108625">
				<ele>414.3</ele>
				<time>2025-09-21T06:49:38Z</time>
			</trkpt>
			<trkpt lat="48.053054" lon="16.108547">
				<ele>414.02</ele>
				<time>2025-09-21T06:49:40Z</time>
			</trkpt>
			<trkpt lat="48.053017" lon="16.108465">
				<ele>413.73</ele>
				<time>2025-09-21T06:49:43Z</time>
			</trkpt>
			<trkpt lat="48.052988" lon="16.108385">
				<ele>413.45</ele>
				<time>2025-09-21T06:49:46Z</time>
			</trkpt>
			<trkpt lat="48.052957" lon="16.108302">
				<ele>413.16</ele>
				<time>2025-09-21T06:49:49Z</time>
			</trkpt>
			<trkpt lat="48.052931" lon="16.10823">
				<ele>412.88</ele>
				<time>2025-09-21T06:49:51Z</time>
			</trkpt>
			<trkpt lat="48.052897" lon="16.108139">
				<ele>412.6</ele>
				<time>2025-09-21T06:49:54Z</time>
			</trkpt>
			<trkpt lat="48.052862" lon="16.108047">
				<ele>412.3</ele>
				<time>2025-09-21T06:49:57Z</time>
			</trkpt>
			<trkpt lat="48.052828" lon="16.10796">
				<ele>411.97</ele>
				<time>2025-09-21T06:50:00Z</time>
			</trkpt>
			<trkpt lat="48.052793" lon="16.107869">
				<ele>411.59</ele>
				<time>2025-09-21T06:50:03Z</time>
			</trkpt>
			<trkpt lat="48.052763" lon="16.107767">
				<ele>411.17</ele>
				<time>2025-09-21T06:50:06Z</time>
			</trkpt>
			<trkpt lat="48.052724" lon="16.107687">
				<ele>410.7</ele>
				<time>2025-09-21T06:50:09Z</time>
			</trkpt>
			<trkpt lat="48.052687" lon="16.107589">
				<ele>410.21</ele>
				<time>2025-09-21T06:50:12Z</time>
			</trkpt>
			<trkpt lat="48.052658" lon="16.107502">
				<ele>409.72</ele>
				<time>2025-09-21T06:50:15Z</time>
			</trkpt>
			<trkpt lat="48.052631" lon="16.107408">
				<ele>409.21</ele>
				<time>2025-09-21T06:50:18Z</time>
			</trkpt>
			<trkpt lat="48.052597" lon="16.107311">
				<ele>408.7</ele>
				<time>2025-09-21T06:50:21Z</time>
			</trkpt>
			<trkpt lat="48.052565" lon="16.107219">
				<ele>408.16</ele>
				<time>2025-09-21T06:50:24Z</time>
			</trkpt>
			<trkpt lat="48.05253" lon="16.107115">
				<ele>407.6</ele>
				<time>2025-09-21T06:50:27Z</time>
			</trkpt>
			<trkpt lat="48.052499" lon="16.107019">
				<ele>407.04</ele>
				<time>2025-09-21T06:50:30Z</time>
			</trkpt>
			<trkpt lat="48.052472" lon="16.106947">
				<ele>406.49</ele>
				<time>2025-09-21T06:50:33Z</time>
			</trkpt>
			<trkpt lat="48.052443" lon="16.106842">
				<ele>405.96</ele>
				<time>2025-09-21T06:50:36Z</time>
			</trkpt>
			<trkpt lat="48.05241" lon="16.106737">
				<ele>405.45</ele>
				<time>2025-09-21T06:50:40Z</time>
			</trkpt>
			<trkpt lat="48.052379" lon="16.106627">
				<ele>404.97</ele>
				<time>2025-09-21T06:50:43Z</time>
			</trkpt>
			<trkpt lat="48.052354" lon="16.106533">
				<ele>404.52</ele>
				<time>2025-09-21T06:50:46Z</time>
			</trkpt>
			<trkpt lat="48.052333" lon="16.106447">
				<ele>404.1</ele>
				<time>2025-09-21T06:50:49Z</time>
			</trkpt>
			<trkpt lat="48.052306" lon="16.106332">
				<ele>403.7</ele>
				<time>2025-09-21T06:50:52Z</time>
			</trkpt>
			<trkpt lat="48.052281" lon="16.106215">
				<ele>403.33</ele>
				<time>2025-09-21T06:50:55Z</time>
			</trkpt>
			<trkpt lat="48.05226" lon="16.106102">
				<ele>402.98</ele>
				<time>2025-09-21T06:50:58Z</time>
			</trkpt>
			<trkpt lat="48.052245" lon="16.106006">
				<ele>402.67</ele>
				<time>2025-09-21T06:51:01Z</time>
			</trkpt>
			<trkpt lat="48.052229" lon="16.105909">
				<ele>402.41</ele>
				<time>2025-09-21T06:51:04Z</time>
			</trkpt>
			<trkpt lat="48.052204" lon="16.105801">
				<ele>402.18</ele>
				<time>2025-09-21T06:51:07Z</time>
			</trkpt>
			<trkpt lat="48.052189" lon="16.105697">
				<ele>401.96</ele>
				<time>2025-09-21T06:51:10Z</time>
			</trkpt>
			<trkpt lat="48.052177" lon="16.10561">
				<ele>401.71</ele>
				<time>2025-09-21T06:51:13Z</time>
			</trkpt>
			<trkpt lat="48.052172" lon="16.105517">
				<ele>401.43</ele>
				<time>2025-09-21T06:51:16Z</time>
			</trkpt>
			<trkpt lat="48.052147" lon="16.105416">
				<ele>401.12</ele>
				<time>2025-09-21T06:51:19Z</time>
			</trkpt>
			<trkpt lat="48.052132" lon="16.105318">
				<ele>400.8</ele>
				<time>2025-09-21T06:51:22Z</time>
			</trkpt>
			<trkpt lat="48.052116" lon="16.105229">
				<ele>400.46</ele>
				<time>2025-09-21T06:51:25Z</time>
			</trkpt>
			<trkpt lat="48.0521" lon="16.105144">
				<ele>400.11</ele>
				<time>2025-09-21T06:51:28Z</time>
			</trkpt>
			<trkpt lat="48.052083" lon="16.105052">
				<ele>399.74</ele>
				<time>2025-09-21T06:51:31Z</time>
			</trkpt>
			<trkpt lat="48.052071" lon="16.10497">
				<ele>399.38</ele>
				<time>2025-09-21T06:51:34Z</time>
			</trkpt>
			<trkpt lat="48.052046" lon="16.104874">
				<ele>399.01</ele>
				<time>2025-09-21T06:51:37Z</time>
			</trkpt>
			<trkpt lat="48.052023" lon="16.104764">
				<ele>398.61</ele>
				<time>2025-09-21T06:51:40Z</time>
			</trkpt>
			<trkpt lat="48.052006" lon="16.104677">
				<ele>398.16</ele>
				<time>2025-09-21T06:51:43Z</time>
			</trkpt>
			<trkpt lat="48.051993" lon="16.104581">
				<ele>397.66</ele>
				<time>2025-09-21T06:51:46Z</time>
			</trkpt>
			<trkpt lat="48.051969" lon="16.104486">
				<ele>397.14</ele>
				<time>2025-09-21T06:51:49Z</time>
			</trkpt>
			<trkpt lat="48.051954" lon="16.104408">
				<ele>396.62</ele>
				<time>2025-09-21T06:51:52Z</time>
			</trkpt>
			<trkpt lat="48.051929" lon="16.104303">
				<ele>396.09</ele>
				<time>2025-09-21T06:51:55Z</time>
			</trkpt>
			<trkpt lat="48.051906" lon="16.104217">
				<ele>395.52</ele>
				<time>2025-09-21T06:51:58Z</time>
			</trkpt>
			<trkpt lat="48.051879" lon="16.104117">
				<ele>394.92</ele>
				<time>2025-09-21T06:52:01Z</time>
			</trkpt>
			<trkpt lat="48.051855" lon="16.104037">
				<ele>394.3</ele>
				<time>2025-09-21T06:52:04Z</time>
			</trkpt>
			<trkpt lat="48.051829" lon="16.103955">
				<ele>393.68</ele>
				<time>2025-09-21T06:52:07Z</time>
			</trkpt>
			<trkpt lat="48.051799" lon="16.103873">
				<ele>393.04</ele>
				<time>2025-09-21T06:52:10Z</time>
			</trkpt>
			<trkpt lat="48.051759" lon="16.103809">
				<ele>392.39</ele>
				<time>2025-09-21T06:52:13Z</time>
			</trkpt>
			<trkpt lat="48.051718" lon="16.103722">
				<ele>391.71</ele>
				<time>2025-09-21T06:52:16Z</time>
			</trkpt>
			<trkpt lat="48.051666" lon="16.103649">
				<ele>391.07</ele>
				<time>2025-09-21T06:52:19Z</time>
			</trkpt>
			<trkpt lat="48.051622" lon="16.103596">
				<ele>390.47</ele>
				<time>2025-09-21T06:52:21Z</time>
			</trkpt>
			<trkpt lat="48.05157" lon="16.103541">
				<ele>389.92</ele>
				<time>2025-09-21T06:52:24Z</time>
			</trkpt>
			<trkpt lat="48.051508" lon="16.103482">
				<ele>389.39</ele>
				<time>2025-09-21T06:52:27Z</time>
			</trkpt>
			<trkpt lat="48.051449" lon="16.103432">
				<ele>388.86</ele>
				<time>2025-09-21T06:52:30Z</time>
			</trkpt>
			<trkpt lat="48.051383" lon="16.103377">
				<ele>388.32</ele>
				<time>2025-09-21T06:52:33Z</time>
			</trkpt>
			<trkpt lat="48.051327" lon="16.10333">
				<ele>387.78</ele>
				<time>2025-09-21T06:52:36Z</time>
			</trkpt>
			<trkpt lat="48.051268" lon="16.103279">
				<ele>387.22</ele>
				<time>2025-09-21T06:52:39Z</time>
			</trkpt>
			<trkpt lat="48.051202" lon="16.103222">
				<ele>386.62</ele>
				<time>2025-09-21T06:52:42Z</time>
			</trkpt>
			<trkpt lat="48.051145" lon="16.103169">
				<ele>385.99</ele>
				<time>2025-09-21T06:52:45Z</time>
			</trkpt>
			<trkpt lat="48.051093" lon="16.103122">
				<ele>385.34</ele>
				<time>2025-09-21T06:52:48Z</time>
			</trkpt>
			<trkpt lat="48.051042" lon="16.103082">
				<ele>384.67</ele>
				<time>2025-09-21T06:52:52Z</time>
			</trkpt>
			<trkpt lat="48.050991" lon="16.103045">
				<ele>384.01</ele>
				<time>2025-09-21T06:52:55Z</time>
			</trkpt>
			<trkpt lat="48.050931" lon="16.10299">
				<ele>383.33</ele>
				<time>2025-09-21T06:52:58Z</time>
			</trkpt>
			<trkpt lat="48.050884" lon="16.102932">
				<ele>382.68</ele>
				<time>2025-09-21T06:53:01Z</time>
			</trkpt>
			<trkpt lat="48.050818" lon="16.10287">
				<ele>382.0</ele>
				<time>2025-09-21T06:53:04Z</time>
			</trkpt>
			<trkpt lat="48.05077" lon="16.102825">
				<ele>381.33</ele>
				<time>2025-09-21T06:53:06Z</time>
			</trkpt>
			<trkpt lat="48.050699" lon="16.102755">
				<ele>380.68</ele>
				<time>2025-09-21T06:53:09Z</time>
			</trkpt>
			<trkpt lat="48.050637" lon="16.102693">
				<ele>380.08</ele>
				<time>2025-09-21T06:53:12Z</time>
			</trkpt>
			<trkpt lat="48.050576" lon="16.10263">
				<ele>379.52</ele>
				<time>2025-09-21T06:53:15Z</time>
			</trkpt>
			<trkpt lat="48.050518" lon="16.102567">
				<ele>379.0</ele>
				<time>2025-09-21T06:53:18Z</time>
			</trkpt>
			<trkpt lat="48.050473" lon="16.102518">
				<ele>378.52</ele>
				<time>2025-09-21T06:53:20Z</time>
			</trkpt>
			<trkpt lat="48.050408" lon="16.102446">
				<ele>378.07</ele>
				<time>2025-09-21T06:53:23Z</time>
			</trkpt>
			<trkpt lat="48.050355" lon="16.102388">
				<ele>377.62</ele>
				<time>2025-09-21T06:53:26Z</time>
			</trkpt>
			<trkpt lat="48.050293" lon="16.102321">
				<ele>377.13</ele>
				<time>2025-09-21T06:53:29Z</time>
			</trkpt>
			<trkpt lat="48.050246" lon="16.102272">
				<ele>376.58</ele>
				<time>2025-09-21T06:53:31Z</time>
			</trkpt>
			<trkpt lat="48.050198" lon="16.102237">
				<ele>375.98</ele>
				<time>2025-09-21T06:53:34Z</time>
			</trkpt>
			<trkpt lat="48.050145" lon="16.102187">
				<ele>375.36</ele>
				<time>2025-09-21T06:53:37Z</time>
			</trkpt>
			<trkpt lat="48.050092" lon="16.102127">
				<ele>374.66</ele>
				<time>2025-09-21T06:53:40Z</time>
			</trkpt>
			<trkpt lat="48.050043" lon="16.102079">
				<ele>373.9</ele>
				<time>2025-09-21T06:53:43Z</time>
			</trkpt>
			<trkpt lat="48.049987" lon="16.102037">
				<ele>373.11</ele>
				<time>2025-09-21T06:53:46Z</time>
			</trkpt>
			<trkpt lat="48.049932" lon="16.101998">
				<ele>372.29</ele>
				<time>2025-09-21T06:53:49Z</time>
			</trkpt>
			<trkpt lat="48.049877" lon="16.10197">
				<ele>371.42</ele>
				<time>2025-09-21T06:53:52Z</time>
			</trkpt>
			<trkpt lat="48.049814" lon="16.101941">
				<ele>370.48</ele>
				<time>2025-09-21T06:53:55Z</time>
			</trkpt>
			<trkpt lat="48.049743" lon="16.101919">
				<ele>369.49</ele>
				<time>2025-09-21T06:53:59Z</time>
			</trkpt>
			<trkpt lat="48.049689" lon="16.101909">
				<ele>368.47</ele>
				<time>2025-09-21T06:54:02Z</time>
			</trkpt>
			<trkpt lat="48.049633" lon="16.101901">
				<ele>367.39</ele>
				<time>2025-09-21T06:54:05Z</time>
			</trkpt>
			<trkpt lat="48.049567" lon="16.101891">
				<ele>366.26</ele>
				<time>2025-09-21T06:54:09Z</time>
			</trkpt>
			<trkpt lat="48.049507" lon="16.101881">
				<ele>365.14</ele>
				<time>2025-09-21T06:54:13Z</time>
			</trkpt>
			<trkpt lat="48.049449" lon="16.101866">
				<ele>363.98</ele>
				<time>2025-09-21T06:54:17Z</time>
			</trkpt>
			<trkpt lat="48.049391" lon="16.101846">
				<ele>362.77</ele>
				<time>2025-09-21T06:54:21Z</time>
			</trkpt>
			<trkpt lat="48.049305" lon="16.101804">
				<ele>361.6</ele>
				<time>2025-09-21T06:54:27Z</time>
			</trkpt>
			<trkpt lat="48.049243" lon="16.10177">
				<ele>360.43</ele>
				<time>2025-09-21T06:54:31Z</time>
			</trkpt>
			<trkpt lat="48.049178" lon="16.101741">
				<ele>359.23</ele>
				<time>2025-09-21T06:54:36Z</time>
			</trkpt>
			<trkpt lat="48.049126" lon="16.101711">
				<ele>358.02</ele>
				<time>2025-09-21T06:54:39Z</time>
			</trkpt>
			<trkpt lat="48.049069" lon="16.101673">
				<ele>356.84</ele>
				<time>2025-09-21T06:54:43Z</time>
			</trkpt>
			<trkpt lat="48.049003" lon="16.101632">
				<ele>355.72</ele>
				<time>2025-09-21T06:54:47Z</time>
			</trkpt>
			<trkpt lat="48.048949" lon="16.101603">
				<ele>354.66</ele>
				<time>2025-09-21T06:54:50Z</time>
			</trkpt>
			<trkpt lat="48.048883" lon="16.101577">
				<ele>353.64</ele>
				<time>2025-09-21T06:54:54Z</time>
			</trkpt>
			<trkpt lat="48.04883" lon="16.101548">
				<ele>352.7</ele>
				<time>2025-09-21T06:54:57Z</time>
			</trkpt>
			<trkpt lat="48.04876" lon="16.101501">
				<ele>351.89</ele>
				<time>2025-09-21T06:55:00Z</time>
			</trkpt>
			<trkpt lat="48.048692" lon="16.101465">
				<ele>351.1</ele>
				<time>2025-09-21T06:55:03Z</time>
			</trkpt>
			<trkpt lat="48.048621" lon="16.101441">
				<ele>350.42</ele>
				<time>2025-09-21T06:55:06Z</time>
			</trkpt>
			<trkpt lat="48.048557" lon="16.101406">
				<ele>349.8</ele>
				<time>2025-09-21T06:55:09Z</time>
			</trkpt>
			<trkpt lat="48.048488" lon="16.101424">
				<ele>349.22</ele>
				<time>2025-09-21T06:55:12Z</time>
			</trkpt>
			<trkpt lat="48.048422" lon="16.101395">
				<ele>348.69</ele>
				<time>2025-09-21T06:55:15Z</time>
			</trkpt>
			<trkpt lat="48.04835" lon="16.101418">
				<ele>348.23</ele>
				<time>2025-09-21T06:55:18Z</time>
			</trkpt>
			<trkpt lat="48.048281" lon="16.10141">
				<ele>347.81</ele>
				<time>2025-09-21T06:55:21Z</time>
			</trkpt>
			<trkpt lat="48.048217" lon="16.101404">
				<ele>347.41</ele>
				<time>2025-09-21T06:55:24Z</time>
			</trkpt>
			<trkpt lat="48.048145" lon="16.101403">
				<ele>347.03</ele>
				<time>2025-09-21T06:55:27Z</time>
			</trkpt>
			<trkpt lat="48.048062" lon="16.101393">
				<ele>346.65</ele>
				<time>2025-09-21T06:55:31Z</time>
			</trkpt>
			<trkpt lat="48.047998" lon="16.101385">
				<ele>346.28</ele>
				<time>2025-09-21T06:55:34Z</time>
			</trkpt>
			<trkpt lat="48.047944" lon="16.101377">
				<ele>345.9</ele>
				<time>2025-09-21T06:55:36Z</time>
			</trkpt>
			<trkpt lat="48.04788" lon="16.101349">
				<ele>345.53</ele>
				<time>2025-09-21T06:55:39Z</time>
			</trkpt>
			<trkpt lat="48.047827" lon="16.101316">
				<ele>345.15</ele>
				<time>2025-09-21T06:55:42Z</time>
			</trkpt>
			<trkpt lat="48.047769" lon="16.101261">
				<ele>344.76</ele>
				<time>2025-09-21T06:55:45Z</time>
			</trkpt>
			<trkpt lat="48.047714" lon="16.101198">
				<ele>344.37</ele>
				<time>2025-09-21T06:55:48Z</time>
			</trkpt>
			<trkpt lat="48.047674" lon="16.101124">
				<ele>343.98</ele>
				<time>2025-09-21T06:55:51Z</time>
			</trkpt>
			<trkpt lat="48.04763" lon="16.101056">
				<ele>343.58</ele>
				<time>2025-09-21T06:55:54Z</time>
			</trkpt>
			<trkpt lat="48.047585" lon="16.10098">
				<ele>343.18</ele>
				<time>2025-09-21T06:55:57Z</time>
			</trkpt>
			<trkpt lat="48.047541" lon="16.100903">
				<ele>342.74</ele>
				<time>2025-09-21T06:56:00Z</time>
			</trkpt>
			<trkpt lat="48.0475" lon="16.100828">
				<ele>342.27</ele>
				<time>2025-09-21T06:56:03Z</time>
			</trkpt>
			<trkpt lat="48.047458" lon="16.10074">
				<ele>341.84</ele>
				<time>2025-09-21T06:56:06Z</time>
			</trkpt>
			<trkpt lat="48.047419" lon="16.100667">
				<ele>341.39</ele>
				<time>2025-09-21T06:56:09Z</time>
			</trkpt>
			<trkpt lat="48.047381" lon="16.100599">
				<ele>340.93</ele>
				<time>2025-09-21T06:56:12Z</time>
			</trkpt>
			<trkpt lat="48.047355" lon="16.100521">
				<ele>340.44</ele>
				<time>2025-09-21T06:56:15Z</time>
			</trkpt>
			<trkpt lat="48.047314" lon="16.100433">
				<ele>339.95</ele>
				<time>2025-09-21T06:56:18Z</time>
			</trkpt>
			<trkpt lat="48.047267" lon="16.100349">
				<ele>339.45</ele>
				<time>2025-09-21T06:56:21Z</time>
			</trkpt>
			<trkpt lat="48.047228" lon="16.100257">
				<ele>338.94</ele>
				<time>2025-09-21T06:56:24Z</time>
			</trkpt>
			<trkpt lat="48.047189" lon="16.100169">
				<ele>338.43</ele>
				<time>2025-09-21T06:56:27Z</time>
			</trkpt>
			<trkpt lat="48.047141" lon="16.100082">
				<ele>337.91</ele>
				<time>2025-09-21T06:56:30Z</time>
			</trkpt>
			<trkpt lat="48.047097" lon="16.099994">
				<ele>337.38</ele>
				<time>2025-09-21T06:56:33Z</time>
			</trkpt>
			<trkpt lat="48.047048" lon="16.099918">
				<ele>336.86</ele>
				<time>2025-09-21T06:56:36Z</time>
			</trkpt>
			<trkpt lat="48.047003" lon="16.099844">
				<ele>336.34</ele>
				<time>2025-09-21T06:56:39Z</time>
			</trkpt>
			<trkpt lat="48.046958" lon="16.099779">
				<ele>335.82</ele>
				<time>2025-09-21T06:56:42Z</time>
			</trkpt>
			<trkpt lat="48.046911" lon="16.099707">
				<ele>335.28</ele>
				<time>2025-09-21T06:56:45Z</time>
			</trkpt>
			<trkpt lat="48.046863" lon="16.099628">
				<ele>334.74</ele>
				<time>2025-09-21T06:56:47Z</time>
			</trkpt>
			<trkpt lat="48.046825" lon="16.099571">
				<ele>334.19</ele>
				<time>2025-09-21T06:56:49Z</time>
			</trkpt>
			<trkpt lat="48.046754" lon="16.099494">
				<ele>333.65</ele>
				<time>2025-09-21T06:56:52Z</time>
			</trkpt>
			<trkpt lat="48.046682" lon="16.09944">
				<ele>333.12</ele>
				<time>2025-09-21T06:56:55Z</time>
			</trkpt>
			<trkpt lat="48.046616" lon="16.099377">
				<ele>332.56</ele>
				<time>2025-09-21T06:56:58Z</time>
			</trkpt>
			<trkpt lat="48.04657" lon="16.099334">
				<ele>332.0</ele>
				<time>2025-09-21T06:57:00Z</time>
			</trkpt>
			<trkpt lat="48.046517" lon="16.099269">
				<ele>331.43</ele>
				<time>2025-09-21T06:57:03Z</time>
			</trkpt>
			<trkpt lat="48.046453" lon="16.099212">
				<ele>330.85</ele>
				<time>2025-09-21T06:57:06Z</time>
			</trkpt>
			<trkpt lat="48.046393" lon="16.099162">
				<ele>330.26</ele>
				<time>2025-09-21T06:57:09Z</time>
			</trkpt>
			<trkpt lat="48.046313" lon="16.099126">
				<ele>329.65</ele>
				<time>2025-09-21T06:57:12Z</time>
			</trkpt>
			<trkpt lat="48.046248" lon="16.099077">
				<ele>329.02</ele>
				<time>2025-09-21T06:57:15Z</time>
			</trkpt>
			<trkpt lat="48.046194" lon="16.099028">
				<ele>328.36</ele>
				<time>2025-09-21T06:57:18Z</time>
			</trkpt>
			<trkpt lat="48.046133" lon="16.098983">
				<ele>327.71</ele>
				<time>2025-09-21T06:57:21Z</time>
			</trkpt>
			<trkpt lat="48.04606" lon="16.098936">
				<ele>327.09</ele>
				<time>2025-09-21T06:57:24Z</time>
			</trkpt>
			<trkpt lat="48.045992" lon="16.098898">
				<ele>326.47</ele>
				<time>2025-09-21T06:57:27Z</time>
			</trkpt>
			<trkpt lat="48.045923" lon="16.098857">
				<ele>325.81</ele>
				<time>2025-09-21T06:57:30Z</time>
			</trkpt>
			<trkpt lat="48.045855" lon="16.098824">
				<ele>325.17</ele>
				<time>2025-09-21T06:57:33Z</time>
			</trkpt>
			<trkpt lat="48.04579" lon="16.098763">
				<ele>324.54</ele>
				<time>2025-09-21T06:57:37Z</time>
			</trkpt>
			<trkpt lat="48.045756" lon="16.098697">
				<ele>323.89</ele>
				<time>2025-09-21T06:57:39Z</time>
			</trkpt>
			<trkpt lat="48.045713" lon="16.098635">
				<ele>323.3</ele>
				<time>2025-09-21T06:57:41Z</time>
			</trkpt>
			<trkpt lat="48.045681" lon="16.098533">
				<ele>322.7</ele>
				<time>2025-09-21T06:57:44Z</time>
			</trkpt>
			<trkpt lat="48.045661" lon="16.098454">
				<ele>322.13</ele>
				<time>2025-09-21T06:57:47Z</time>
			</trkpt>
			<trkpt lat="48.045642" lon="16.098373">
				<ele>321.58</ele>
				<time>2025-09-21T06:57:50Z</time>
			</trkpt>
			<trkpt lat="48.045606" lon="16.098273">
				<ele>321.05</ele>
				<time>2025-09-21T06:57:53Z</time>
			</trkpt>
			<trkpt lat="48.045566" lon="16.098191">
				<ele>320.58</ele>
				<time>2025-09-21T06:58:01Z</time>
			</trkpt>
			<trkpt lat="48.045506" lon="16.098187">
				<ele>320.11</ele>
				<time>2025-09-21T06:58:04Z</time>
			</trkpt>
			<trkpt lat="48.045436" lon="16.098171">
				<ele>319.67</ele>
				<time>2025-09-21T06:58:07Z</time>
			</trkpt>
			<trkpt lat="48.04538" lon="16.098174">
				<ele>319.26</ele>
				<time>2025-09-21T06:58:09Z</time>
			</trkpt>
			<trkpt lat="48.045323" lon="16.098178">
				<ele>318.91</ele>
				<time>2025-09-21T06:58:13Z</time>
			</trkpt>
			<trkpt lat="48.045275" lon="16.098122">
				<ele>318.59</ele>
				<time>2025-09-21T06:58:17Z</time>
			</trkpt>
			<trkpt lat="48.045249" lon="16.098043">
				<ele>318.28</ele>
				<time>2025-09-21T06:58:19Z</time>
			</trkpt>
			<trkpt lat="48.045219" lon="16.097947">
				<ele>318.04</ele>
				<time>2025-09-21T06:58:21Z</time>
			</trkpt>
			<trkpt lat="48.045213" lon="16.097778">
				<ele>317.81</ele>
				<time>2025-09-21T06:58:23Z</time>
			</trkpt>
			<trkpt lat="48.045209" lon="16.097665">
				<ele>317.6</ele>
				<time>2025-09-21T06:58:26Z</time>
			</trkpt>
			<trkpt lat="48.045197" lon="16.097556">
				<ele>317.4</ele>
				<time>2025-09-21T06:58:29Z</time>
			</trkpt>
			<trkpt lat="48.045194" lon="16.097457">
				<ele>317.23</ele>
				<time>2025-09-21T06:58:32Z</time>
			</trkpt>
			<trkpt lat="48.045192" lon="16.097343">
				<ele>317.1</ele>
				<time>2025-09-21T06:58:35Z</time>
			</trkpt>
			<trkpt lat="48.045185" lon="16.097241">
				<ele>316.97</ele>
				<time>2025-09-21T06:58:38Z</time>
			</trkpt>
			<trkpt lat="48.045169" lon="16.097132">
				<ele>316.83</ele>
				<time>2025-09-21T06:58:41Z</time>
			</trkpt>
			<trkpt lat="48.045153" lon="16.09703">
				<ele>316.7</ele>
				<time>2025-09-21T06:58:44Z</time>
			</trkpt>
			<trkpt lat="48.045139" lon="16.096945">
				<ele>316.57</ele>
				<time>2025-09-21T06:58:46Z</time>
			</trkpt>
			<trkpt lat="48.045114" lon="16.096851">
				<ele>316.45</ele>
				<time>2025-09-21T06:58:49Z</time>
			</trkpt>
			<trkpt lat="48.045077" lon="16.096764">
				<ele>316.33</ele>
				<time>2025-09-21T06:58:52Z</time>
			</trkpt>
			<trkpt lat="48.045042" lon="16.096682">
				<ele>316.23</ele>
				<time>2025-09-21T06:58:55Z</time>
			</trkpt>
			<trkpt lat="48.045013" lon="16.096581">
				<ele>316.14</ele>
				<time>2025-09-21T06:58:59Z</time>
			</trkpt>
			<trkpt lat="48.044947" lon="16.096536">
				<ele>316.06</ele>
				<time>2025-09-21T06:59:02Z</time>
			</trkpt>
			<trkpt lat="48.044777" lon="16.09649">
				<ele>316.0</ele>
				<time>2025-09-21T06:59:06Z</time>
			</trkpt>
			<trkpt lat="48.044707" lon="16.096442">
				<ele>315.95</ele>
				<time>2025-09-21T06:59:09Z</time>
			</trkpt>
			<trkpt lat="48.044647" lon="16.096395">
				<ele>315.91</ele>
				<time>2025-09-21T06:59:12Z</time>
			</trkpt>
			<trkpt lat="48.044572" lon="16.09635">
				<ele>315.89</ele>
				<time>2025-09-21T06:59:15Z</time>
			</trkpt>
			<trkpt lat="48.044507" lon="16.096309">
				<ele>315.88</ele>
				<time>2025-09-21T06:59:18Z</time>
			</trkpt>
			<trkpt lat="48.04446" lon="16.096267">
				<ele>315.91</ele>
				<time>2025-09-21T06:59:20Z</time>
			</trkpt>
			<trkpt lat="48.044392" lon="16.096231">
				<ele>315.95</ele>
				<time>2025-09-21T06:59:23Z</time>
			</trkpt>
			<trkpt lat="48.044333" lon="16.096177">
				<ele>316.01</ele>
				<time>2025-09-21T06:59:26Z</time>
			</trkpt>
			<trkpt lat="48.044263" lon="16.09615">
				<ele>316.09</ele>
				<time>2025-09-21T06:59:29Z</time>
			</trkpt>
			<trkpt lat="48.044205" lon="16.096105">
				<ele>316.2</ele>
				<time>2025-09-21T06:59:32Z</time>
			</trkpt>
			<trkpt lat="48.044144" lon="16.096059">
				<ele>316.33</ele>
				<time>2025-09-21T06:59:35Z</time>
			</trkpt>
			<trkpt lat="48.044092" lon="16.096021">
				<ele>316.47</ele>
				<time>2025-09-21T06:59:37Z</time>
			</trkpt>
			<trkpt lat="48.044025" lon="16.095989">
				<ele>316.59</ele>
				<time>2025-09-21T06:59:40Z</time>
			</trkpt>
			<trkpt lat="48.043963" lon="16.095948">
				<ele>316.7</ele>
				<time>2025-09-21T06:59:43Z</time>
			</trkpt>
			<trkpt lat="48.043905" lon="16.095915">
				<ele>316.77</ele>
				<time>2025-09-21T06:59:46Z</time>
			</trkpt>
			<trkpt lat="48.043842" lon="16.095869">
				<ele>316.83</ele>
				<time>2025-09-21T06:59:49Z</time>
			</trkpt>
			<trkpt lat="48.043776" lon="16.09581">
				<ele>316.85</ele>
				<time>2025-09-21T06:59:52Z</time>
			</trkpt>
			<trkpt lat="48.04371" lon="16.095767">
				<ele>316.85</ele>
				<time>2025-09-21T06:59:55Z</time>
			</trkpt>
			<trkpt lat="48.043646" lon="16.095726">
				<ele>316.83</ele>
				<time>2025-09-21T06:59:58Z</time>
			</trkpt>
			<trkpt lat="48.043584" lon="16.095686">
				<ele>316.8</ele>
				<time>2025-09-21T07:00:02Z</time>
			</trkpt>
			<trkpt lat="48.043522" lon="16.095644">
				<ele>316.77</ele>
				<time>2025-09-21T07:00:05Z</time>
			</trkpt>
			<trkpt lat="48.043458" lon="16.095626">
				<ele>316.71</ele>
				<time>2025-09-21T07:00:08Z</time>
			</trkpt>
			<trkpt lat="48.043396" lon="16.095587">
				<ele>316.62</ele>
				<time>2025-09-21T07:00:11Z</time>
			</trkpt>
			<trkpt lat="48.043333" lon="16.095539">
				<ele>316.54</ele>
				<time>2025-09-21T07:00:14Z</time>
			</trkpt>
			<trkpt lat="48.043278" lon="16.095487">
				<ele>316.44</ele>
				<time>2025-09-21T07:00:17Z</time>
			</trkpt>
			<trkpt lat="48.043227" lon="16.095438">
				<ele>316.36</ele>
				<time>2025-09-21T07:00:20Z</time>
			</trkpt>
			<trkpt lat="48.043176" lon="16.095388">
				<ele>316.29</ele>
				<time>2025-09-21T07:00:23Z</time>
			</trkpt>
			<trkpt lat="48.043116" lon="16.095335">
				<ele>316.26</ele>
				<time>2025-09-21T07:00:26Z</time>
			</trkpt>
			<trkpt lat="48.043075" lon="16.095282">
				<ele>316.27</ele>
				<time>2025-09-21T07:00:28Z</time>
			</trkpt>
			<trkpt lat="48.04303" lon="16.095209">
				<ele>316.32</ele>
				<time>2025-09-21T07:00:31Z</time>
			</trkpt>
			<trkpt lat="48.042997" lon="16.095115">
				<ele>316.41</ele>
				<time>2025-09-21T07:00:34Z</time>
			</trkpt>
			<trkpt lat="48.042969" lon="16.095015">
				<ele>316.52</ele>
				<time>2025-09-21T07:00:37Z</time>
			</trkpt>
			<trkpt lat="48.042942" lon="16.094944">
				<ele>316.65</ele>
				<time>2025-09-21T07:00:39Z</time>
			</trkpt>
			<trkpt lat="48.042887" lon="16.094865">
				<ele>316.81</ele>
				<time>2025-09-21T07:00:42Z</time>
			</trkpt>
			<trkpt lat="48.042847" lon="16.094801">
				<ele>316.99</ele>
				<time>2025-09-21T07:00:45Z</time>
			</trkpt>
			<trkpt lat="48.042801" lon="16.09473">
				<ele>317.19</ele>
				<time>2025-09-21T07:00:48Z</time>
			</trkpt>
			<trkpt lat="48.042766" lon="16.094655">
				<ele>317.4</ele>
				<time>2025-09-21T07:00:51Z</time>
			</trkpt>
			<trkpt lat="48.042724" lon="16.094578">
				<ele>317.64</ele>
				<time>2025-09-21T07:00:54Z</time>
			</trkpt>
			<trkpt lat="48.042674" lon="16.094513">
				<ele>317.9</ele>
				<time>2025-09-21T07:00:57Z</time>
			</trkpt>
			<trkpt lat="48.042626" lon="16.09444">
				<ele>318.18</ele>
				<time>2025-09-21T07:01:00Z</time>
			</trkpt>
			<trkpt lat="48.042577" lon="16.094379">
				<ele>318.46</ele>
				<time>2025-09-21T07:01:03Z</time>
			</trkpt>
			<trkpt lat="48.042517" lon="16.094298">
				<ele>318.73</ele>
				<time>2025-09-21T07:01:07Z</time>
			</trkpt>
			<trkpt lat="48.042464" lon="16.094233">
				<ele>319.04</ele>
				<time>2025-09-21T07:01:10Z</time>
			</trkpt>
			<trkpt lat="48.042415" lon="16.09418">
				<ele>319.32</ele>
				<time>2025-09-21T07:01:13Z</time>
			</trkpt>
			<trkpt lat="48.042371" lon="16.094111">
				<ele>319.61</ele>
				<time>2025-09-21T07:01:16Z</time>
			</trkpt>
			<trkpt lat="48.042317" lon="16.094058">
				<ele>319.89</ele>
				<time>2025-09-21T07:01:19Z</time>
			</trkpt>
			<trkpt lat="48.042271" lon="16.093985">
				<ele>320.17</ele>
				<time>2025-09-21T07:01:22Z</time>
			</trkpt>
			<trkpt lat="48.042214" lon="16.093919">
				<ele>320.43</ele>
				<time>2025-09-21T07:01:25Z</time>
			</trkpt>
			<trkpt lat="48.04218" lon="16.093851">
				<ele>320.69</ele>
				<time>2025-09-21T07:01:28Z</time>
			</trkpt>
			<trkpt lat="48.042143" lon="16.093776">
				<ele>320.94</ele>
				<time>2025-09-21T07:01:31Z</time>
			</trkpt>
			<trkpt lat="48.042094" lon="16.093703">
				<ele>321.18</ele>
				<time>2025-09-21T07:01:34Z</time>
			</trkpt>
			<trkpt lat="48.042046" lon="16.093636">
				<ele>321.43</ele>
				<time>2025-09-21T07:01:37Z</time>
			</trkpt>
			<trkpt lat="48.042001" lon="16.093563">
				<ele>321.66</ele>
				<time>2025-09-21T07:01:40Z</time>
			</trkpt>
			<trkpt lat="48.04196" lon="16.093496">
				<ele>321.91</ele>
				<time>2025-09-21T07:01:43Z</time>
			</trkpt>
			<trkpt lat="48.041922" lon="16.09342">
				<ele>322.16</ele>
				<time>2025-09-21T07:01:46Z</time>
			</trkpt>
			<trkpt lat="48.041877" lon="16.09336">
				<ele>322.41</ele>
				<time>2025-09-21T07:01:49Z</time>
			</trkpt>
			<trkpt lat="48.041828" lon="16.093293">
				<ele>322.66</ele>
				<time>2025-09-21T07:01:52Z</time>
			</trkpt>
			<trkpt lat="48.04177" lon="16.093223">
				<ele>322.89</ele>
				<time>2025-09-21T07:01:56Z</time>
			</trkpt>
			<trkpt lat="48.041725" lon="16.093168">
				<ele>323.14</ele>
				<time>2025-09-21T07:01:59Z</time>
			</trkpt>
			<trkpt lat="48.041683" lon="16.093112">
				<ele>323.4</ele>
				<time>2025-09-21T07:02:02Z</time>
			</trkpt>
			<trkpt lat="48.041642" lon="16.093049">
				<ele>323.65</ele>
				<time>2025-09-21T07:02:05Z</time>
			</trkpt>
			<trkpt lat="48.041598" lon="16.092968">
				<ele>323.91</ele>
				<time>2025-09-21T07:02:09Z</time>
			</trkpt>
			<trkpt lat="48.041554" lon="16.092891">
				<ele>324.17</ele>
				<time>2025-09-21T07:02:13Z</time>
			</trkpt>
			<trkpt lat="48.04151" lon="16.092823">
				<ele>324.45</ele>
				<time>2025-09-21T07:02:16Z</time>
			</trkpt>
			<trkpt lat="48.041468" lon="16.092756">
				<ele>324.72</ele>
				<time>2025-09-21T07:02:19Z</time>
			</trkpt>
			<trkpt lat="48.041421" lon="16.092693">
				<ele>324.98</ele>
				<time>2025-09-21T07:02:22Z</time>
			</trkpt>
			<trkpt lat="48.041377" lon="16.092623">
				<ele>325.25</ele>
				<time>2025-09-21T07:02:25Z</time>
			</trkpt>
			<trkpt lat="48.041318" lon="16.092536">
				<ele>325.51</ele>
				<time>2025-09-21T07:02:28Z</time>
			</trkpt>
			<trkpt lat="48.041264" lon="16.092462">
				<ele>325.76</ele>
				<time>2025-09-21T07:02:31Z</time>
			</trkpt>
			<trkpt lat="48.041214" lon="16.092384">
				<ele>326.01</ele>
				<time>2025-09-21T07:02:34Z</time>
			</trkpt>
			<trkpt lat="48.041164" lon="16.092316">
				<ele>326.27</ele>
				<time>2025-09-21T07:02:37Z</time>
			</trkpt>
			<trkpt lat="48.04111" lon="16.092238">
				<ele>326.55</ele>
				<time>2025-09-21T07:02:40Z</time>
			</trkpt>
			<trkpt lat="48.041061" lon="16.092157">
				<ele>326.78</ele>
				<time>2025-09-21T07:02:43Z</time>
			</trkpt>
			<trkpt lat="48.041013" lon="16.092084">
				<ele>327.02</ele>
				<time>2025-09-21T07:02:46Z</time>
			</trkpt>
			<trkpt lat="48.040956" lon="16.092025">
				<ele>327.25</ele>
				<time>2025-09-21T07:02:49Z</time>
			</trkpt>
			<trkpt lat="48.040907" lon="16.09196">
				<ele>327.47</ele>
				<time>2025-09-21T07:02:52Z</time>
			</trkpt>
			<trkpt lat="48.04086" lon="16.091883">
				<ele>327.66</ele>
				<time>2025-09-21T07:02:55Z</time>
			</trkpt>
			<trkpt lat="48.040802" lon="16.091815">
				<ele>327.84</ele>
				<time>2025-09-21T07:02:58Z</time>
			</trkpt>
			<trkpt lat="48.040755" lon="16.09174">
				<ele>327.99</ele>
				<time>2025-09-21T07:03:01Z</time>
			</trkpt>
			<trkpt lat="48.040698" lon="16.091657">
				<ele>328.12</ele>
				<time>2025-09-21T07:03:04Z</time>
			</trkpt>
			<trkpt lat="48.04065" lon="16.091568">
				<ele>328.22</ele>
				<time>2025-09-21T07:03:07Z</time>
			</trkpt>
			<trkpt lat="48.040612" lon="16.091471">
				<ele>328.31</ele>
				<time>2025-09-21T07:03:10Z</time>
			</trkpt>
			<trkpt lat="48.04057" lon="16.091396">
				<ele>328.37</ele>
				<time>2025-09-21T07:03:13Z</time>
			</trkpt>
			<trkpt lat="48.040533" lon="16.091304">
				<ele>328.41</ele>
				<time>2025-09-21T07:03:16Z</time>
			</trkpt>
			<trkpt lat="48.040508" lon="16.091227">
				<ele>328.41</ele>
				<time>2025-09-21T07:03:18Z</time>
			</trkpt>
			<trkpt lat="48.040472" lon="16.091134">
				<ele>328.35</ele>
				<time>2025-09-21T07:03:21Z</time>
			</trkpt>
			<trkpt lat="48.040431" lon="16.091038">
				<ele>328.22</ele>
				<time>2025-09-21T07:03:24Z</time>
			</trkpt>
			<trkpt lat="48.040399" lon="16.090953">
				<ele>328.06</ele>
				<time>2025-09-21T07:03:27Z</time>
			</trkpt>
			<trkpt lat="48.040365" lon="16.090889">
				<ele>327.85</ele>
				<time>2025-09-21T07:03:29Z</time>
			</trkpt>
			<trkpt lat="48.040335" lon="16.090807">
				<ele>327.6</ele>
				<time>2025-09-21T07:03:32Z</time>
			</trkpt>
			<trkpt lat="48.040359" lon="16.090693">
				<ele>327.34</ele>
				<time>2025-09-21T07:03:35Z</time>
			</trkpt>
			<trkpt lat="48.040435" lon="16.090566">
				<ele>327.06</ele>
				<time>2025-09-21T07:03:40Z</time>
			</trkpt>
			<trkpt lat="48.04049" lon="16.090543">
				<ele>326.77</ele>
				<time>2025-09-21T07:03:42Z</time>
			</trkpt>
			<trkpt lat="48.040544" lon="16.090526">
				<ele>326.48</ele>
				<time>2025-09-21T07:03:44Z</time>
			</trkpt>
			<trkpt lat="48.040615" lon="16.090504">
				<ele>326.18</ele>
				<time>2025-09-21T07:03:47Z</time>
			</trkpt>
			<trkpt lat="48.040685" lon="16.090472">
				<ele>325.88</ele>
				<time>2025-09-21T07:03:50Z</time>
			</trkpt>
			<trkpt lat="48.040737" lon="16.090446">
				<ele>325.6</ele>
				<time>2025-09-21T07:03:52Z</time>
			</trkpt>
			<trkpt lat="48.040809" lon="16.090419">
				<ele>325.37</ele>
				<time>2025-09-21T07:03:55Z</time>
			</trkpt>
			<trkpt lat="48.040884" lon="16.090392">
				<ele>325.24</ele>
				<time>2025-09-21T07:03:58Z</time>
			</trkpt>
			<trkpt lat="48.040946" lon="16.09037">
				<ele>325.2</ele>
				<time>2025-09-21T07:04:00Z</time>
			</trkpt>
			<trkpt lat="48.04102" lon="16.090332">
				<ele>325.24</ele>
				<time>2025-09-21T07:04:03Z</time>
			</trkpt>
			<trkpt lat="48.041086" lon="16.090319">
				<ele>325.39</ele>
				<time>2025-09-21T07:04:06Z</time>
			</trkpt>
			<trkpt lat="48.041123" lon="16.09024">
				<ele>325.61</ele>
				<time>2025-09-21T07:04:10Z</time>
			</trkpt>
			<trkpt lat="48.0411" lon="16.090165">
				<ele>325.87</ele>
				<time>2025-09-21T07:04:14Z</time>
			</trkpt>
			<trkpt lat="48.041089" lon="16.090072">
				<ele>326.18</ele>
				<time>2025-09-21T07:04:16Z</time>
			</trkpt>
			<trkpt lat="48.041059" lon="16.089989">
				<ele>326.53</ele>
				<time>2025-09-21T07:04:19Z</time>
			</trkpt>
			<trkpt lat="48.041051" lon="16.089902">
				<ele>326.91</ele>
				<time>2025-09-21T07:04:22Z</time>
			</trkpt>
			<trkpt lat="48.041013" lon="16.089803">
				<ele>327.35</ele>
				<time>2025-09-21T07:04:26Z</time>
			</trkpt>
			<trkpt lat="48.040967" lon="16.089748">
				<ele>327.82</ele>
				<time>2025-09-21T07:04:29Z</time>
			</trkpt>
			<trkpt lat="48.040928" lon="16.089684">
				<ele>328.31</ele>
				<time>2025-09-21T07:04:32Z</time>
			</trkpt>
			<trkpt lat="48.040885" lon="16.089615">
				<ele>328.78</ele>
				<time>2025-09-21T07:04:35Z</time>
			</trkpt>
			<trkpt lat="48.040848" lon="16.089543">
				<ele>329.24</ele>
				<time>2025-09-21T07:04:38Z</time>
			</trkpt>
			<trkpt lat="48.04082" lon="16.089462">
				<ele>329.69</ele>
				<time>2025-09-21T07:04:41Z</time>
			</trkpt>
			<trkpt lat="48.040787" lon="16.089386">
				<ele>330.13</ele>
				<time>2025-09-21T07:04:44Z</time>
			</trkpt>
			<trkpt lat="48.040753" lon="16.08931">
				<ele>330.53</ele>
				<time>2025-09-21T07:04:47Z</time>
			</trkpt>
			<trkpt lat="48.040714" lon="16.089242">
				<ele>330.93</ele>
				<time>2025-09-21T07:04:50Z</time>
			</trkpt>
			<trkpt lat="48.040674" lon="16.089162">
				<ele>331.33</ele>
				<time>2025-09-21T07:04:53Z</time>
			</trkpt>
			<trkpt lat="48.040627" lon="16.089099">
				<ele>331.74</ele>
				<time>2025-09-21T07:04:56Z</time>
			</trkpt>
			<trkpt lat="48.040594" lon="16.089032">
				<ele>332.17</ele>
				<time>2025-09-21T07:04:59Z</time>
			</trkpt>
			<trkpt lat="48.040559" lon="16.088962">
				<ele>332.58</ele>
				<time>2025-09-21T07:05:02Z</time>
			</trkpt>
			<trkpt lat="48.04051" lon="16.088889">
				<ele>332.97</ele>
				<time>2025-09-21T07:05:05Z</time>
			</trkpt>
			<trkpt lat="48.040472" lon="16.088796">
				<ele>333.32</ele>
				<time>2025-09-21T07:05:09Z</time>
			</trkpt>
			<trkpt lat="48.040446" lon="16.088707">
				<ele>333.65</ele>
				<time>2025-09-21T07:05:12Z</time>
			</trkpt>
			<trkpt lat="48.040415" lon="16.088631">
				<ele>333.95</ele>
				<time>2025-09-21T07:05:15Z</time>
			</trkpt>
			<trkpt lat="48.040386" lon="16.088558">
				<ele>334.22</ele>
				<time>2025-09-21T07:05:18Z</time>
			</trkpt>
			<trkpt lat="48.040364" lon="16.088457">
				<ele>334.44</ele>
				<time>2025-09-21T07:05:21Z</time>
			</trkpt>
			<trkpt lat="48.04033" lon="16.088373">
				<ele>334.6</ele>
				<time>2025-09-21T07:05:24Z</time>
			</trkpt>
			<trkpt lat="48.040297" lon="16.088277">
				<ele>334.72</ele>
				<time>2025-09-21T07:05:27Z</time>
			</trkpt>
			<trkpt lat="48.040279" lon="16.08818">
				<ele>334.77</ele>
				<time>2025-09-21T07:05:30Z</time>
			</trkpt>
			<trkpt lat="48.040249" lon="16.088094">
				<ele>334.78</ele>
				<time>2025-09-21T07:05:33Z</time>
			</trkpt>
			<trkpt lat="48.040223" lon="16.088005">
				<ele>334.73</ele>
				<time>2025-09-21T07:05:36Z</time>
			</trkpt>
			<trkpt lat="48.040177" lon="16.087905">
				<ele>334.65</ele>
				<time>2025-09-21T07:05:39Z</time>
			</trkpt>
			<trkpt lat="48.040146" lon="16.087822">
				<ele>334.56</ele>
				<time>2025-09-21T07:05:42Z</time>
			</trkpt>
			<trkpt lat="48.040109" lon="16.087726">
				<ele>334.47</ele>
				<time>2025-09-21T07:05:45Z</time>
			</trkpt>
			<trkpt lat="48.040068" lon="16.08763">
				<ele>334.38</ele>
				<time>2025-09-21T07:05:48Z</time>
			</trkpt>
			<trkpt lat="48.04003" lon="16.087543">
				<ele>334.31</ele>
				<time>2025-09-21T07:05:51Z</time>
			</trkpt>
			<trkpt lat="48.040014" lon="16.087459">
				<ele>334.26</ele>
				<time>2025-09-21T07:05:53Z</time>
			</trkpt>
			<trkpt lat="48.039996" lon="16.08736">
				<ele>334.23</ele>
				<time>2025-09-21T07:05:56Z</time>
			</trkpt>
			<trkpt lat="48.039982" lon="16.087251">
				<ele>334.22</ele>
				<time>2025-09-21T07:05:59Z</time>
			</trkpt>
			<trkpt lat="48.039984" lon="16.087165">
				<ele>334.26</ele>
				<time>2025-09-21T07:06:02Z</time>
			</trkpt>
			<trkpt lat="48.039975" lon="16.087061">
				<ele>334.37</ele>
				<time>2025-09-21T07:06:05Z</time>
			</trkpt>
			<trkpt lat="48.039975" lon="16.086955">
				<ele>334.54</ele>
				<time>2025-09-21T07:06:08Z</time>
			</trkpt>
			<trkpt lat="48.039982" lon="16.086866">
				<ele>334.74</ele>
				<time>2025-09-21T07:06:11Z</time>
			</trkpt>
			<trkpt lat="48.039973" lon="16.08676">
				<ele>334.98</ele>
				<time>2025-09-21T07:06:14Z</time>
			</trkpt>
			<trkpt lat="48.039987" lon="16.08666">
				<ele>335.24</ele>
				<time>2025-09-21T07:06:17Z</time>
			</trkpt>
			<trkpt lat="48.039985" lon="16.086562">
				<ele>335.53</ele>
				<time>2025-09-21T07:06:20Z</time>
			</trkpt>
			<trkpt lat="48.039988" lon="16.086461">
				<ele>335.82</ele>
				<time>2025-09-21T07:06:24Z</time>
			</trkpt>
			<trkpt lat="48.039986" lon="16.086365">
				<ele>336.12</ele>
				<time>2025-09-21T07:06:27Z</time>
			</trkpt>
			<trkpt lat="48.039994" lon="16.08627">
				<ele>336.4</ele>
				<time>2025-09-21T07:06:30Z</time>
			</trkpt>
			<trkpt lat="48.040002" lon="16.086182">
				<ele>336.67</ele>
				<time>2025-09-21T07:06:33Z</time>
			</trkpt>
			<trkpt lat="48.040019" lon="16.086098">
				<ele>336.95</ele>
				<time>2025-09-21T07:06:36Z</time>
			</trkpt>
			<trkpt lat="48.040029" lon="16.085998">
				<ele>337.21</ele>
				<time>2025-09-21T07:06:39Z</time>
			</trkpt>
			<trkpt lat="48.040031" lon="16.085884">
				<ele>337.46</ele>
				<time>2025-09-21T07:06:42Z</time>
			</trkpt>
			<trkpt lat="48.04003" lon="16.085788">
				<ele>337.65</ele>
				<time>2025-09-21T07:06:45Z</time>
			</trkpt>
			<trkpt lat="48.040037" lon="16.085704">
				<ele>337.79</ele>
				<time>2025-09-21T07:06:47Z</time>
			</trkpt>
			<trkpt lat="48.040054" lon="16.085603">
				<ele>337.92</ele>
				<time>2025-09-21T07:06:50Z</time>
			</trkpt>
			<trkpt lat="48.040051" lon="16.085505">
				<ele>338.02</ele>
				<time>2025-09-21T07:06:53Z</time>
			</trkpt>
			<trkpt lat="48.04005" lon="16.085396">
				<ele>338.1</ele>
				<time>2025-09-21T07:06:56Z</time>
			</trkpt>
			<trkpt lat="48.040048" lon="16.085297">
				<ele>338.15</ele>
				<time>2025-09-21T07:06:59Z</time>
			</trkpt>
			<trkpt lat="48.040043" lon="16.08519">
				<ele>338.18</ele>
				<time>2025-09-21T07:07:02Z</time>
			</trkpt>
			<trkpt lat="48.040042" lon="16.085085">
				<ele>338.19</ele>
				<time>2025-09-21T07:07:05Z</time>
			</trkpt>
			<trkpt lat="48.040028" lon="16.084988">
				<ele>338.22</ele>
				<time>2025-09-21T07:07:08Z</time>
			</trkpt>
			<trkpt lat="48.04002" lon="16.084882">
				<ele>338.23</ele>
				<time>2025-09-21T07:07:11Z</time>
			</trkpt>
			<trkpt lat="48.04002" lon="16.084786">
				<ele>338.24</ele>
				<time>2025-09-21T07:07:14Z</time>
			</trkpt>
			<trkpt lat="48.040005" lon="16.084704">
				<ele>338.22</ele>
				<time>2025-09-21T07:07:16Z</time>
			</trkpt>
			<trkpt lat="48.039994" lon="16.084619">
				<ele>338.21</ele>
				<time>2025-09-21T07:07:19Z</time>
			</trkpt>
			<trkpt lat="48.039977" lon="16.084522">
				<ele>338.2</ele>
				<time>2025-09-21T07:07:22Z</time>
			</trkpt>
			<trkpt lat="48.039974" lon="16.084416">
				<ele>338.15</ele>
				<time>2025-09-21T07:07:25Z</time>
			</trkpt>
			<trkpt lat="48.039961" lon="16.084312">
				<ele>338.11</ele>
				<time>2025-09-21T07:07:28Z</time>
			</trkpt>
			<trkpt lat="48.039942" lon="16.084202">
				<ele>338.06</ele>
				<time>2025-09-21T07:07:31Z</time>
			</trkpt>
			<trkpt lat="48.039935" lon="16.084086">
				<ele>338.03</ele>
				<time>2025-09-21T07:07:34Z</time>
			</trkpt>
			<trkpt lat="48.039923" lon="16.083991">
				<ele>338.01</ele>
				<time>2025-09-21T07:07:37Z</time>
			</trkpt>
			<trkpt lat="48.039915" lon="16.083899">
				<ele>337.97</ele>
				<time>2025-09-21T07:07:40Z</time>
			</trkpt>
			<trkpt lat="48.039906" lon="16.08379">
				<ele>337.97</ele>
				<time>2025-09-21T07:07:43Z</time>
			</trkpt>
			<trkpt lat="48.03989" lon="16.083684">
				<ele>337.96</ele>
				<time>2025-09-21T07:07:46Z</time>
			</trkpt>
			<trkpt lat="48.039858" lon="16.083584">
				<ele>337.96</ele>
				<time>2025-09-21T07:07:49Z</time>
			</trkpt>
			<trkpt lat="48.039831" lon="16.083488">
				<ele>337.99</ele>
				<time>2025-09-21T07:07:52Z</time>
			</trkpt>
			<trkpt lat="48.039815" lon="16.083392">
				<ele>338.05</ele>
				<time>2025-09-21T07:07:55Z</time>
			</trkpt>
			<trkpt lat="48.039799" lon="16.083278">
				<ele>338.14</ele>
				<time>2025-09-21T07:07:58Z</time>
			</trkpt>
			<trkpt lat="48.039766" lon="16.083186">
				<ele>338.26</ele>
				<time>2025-09-21T07:08:01Z</time>
			</trkpt>
			<trkpt lat="48.039747" lon="16.083099">
				<ele>338.42</ele>
				<time>2025-09-21T07:08:04Z</time>
			</trkpt>
			<trkpt lat="48.039736" lon="16.082998">
				<ele>338.61</ele>
				<time>2025-09-21T07:08:07Z</time>
			</trkpt>
			<trkpt lat="48.039724" lon="16.082918">
				<ele>338.8</ele>
				<time>2025-09-21T07:08:09Z</time>
			</trkpt>
			<trkpt lat="48.0397" lon="16.082798">
				<ele>338.99</ele>
				<time>2025-09-21T07:08:13Z</time>
			</trkpt>
			<trkpt lat="48.039693" lon="16.082708">
				<ele>339.18</ele>
				<time>2025-09-21T07:08:16Z</time>
			</trkpt>
			<trkpt lat="48.039696" lon="16.082622">
				<ele>339.38</ele>
				<time>2025-09-21T07:08:19Z</time>
			</trkpt>
			<trkpt lat="48.03971" lon="16.082526">
				<ele>339.57</ele>
				<time>2025-09-21T07:08:22Z</time>
			</trkpt>
			<trkpt lat="48.039728" lon="16.082416">
				<ele>339.75</ele>
				<time>2025-09-21T07:08:25Z</time>
			</trkpt>
			<trkpt lat="48.039749" lon="16.082314">
				<ele>339.92</ele>
				<time>2025-09-21T07:08:28Z</time>
			</trkpt>
			<trkpt lat="48.039752" lon="16.082202">
				<ele>340.09</ele>
				<time>2025-09-21T07:08:31Z</time>
			</trkpt>
			<trkpt lat="48.039777" lon="16.082105">
				<ele>340.24</ele>
				<time>2025-09-21T07:08:34Z</time>
			</trkpt>
			<trkpt lat="48.039798" lon="16.082021">
				<ele>340.38</ele>
				<time>2025-09-21T07:08:37Z</time>
			</trkpt>
			<trkpt lat="48.039822" lon="16.081905">
				<ele>340.5</ele>
				<time>2025-09-21T07:08:40Z</time>
			</trkpt>
			<trkpt lat="48.039835" lon="16.08182">
				<ele>340.57</ele>
				<time>2025-09-21T07:08:43Z</time>
			</trkpt>
			<trkpt lat="48.039848" lon="16.081708">
				<ele>340.68</ele>
				<time>2025-09-21T07:08:46Z</time>
			</trkpt>
			<trkpt lat="48.039868" lon="16.081618">
				<ele>340.75</ele>
				<time>2025-09-21T07:08:49Z</time>
			</trkpt>
			<trkpt lat="48.039889" lon="16.081511">
				<ele>340.87</ele>
				<time>2025-09-21T07:08:52Z</time>
			</trkpt>
			<trkpt lat="48.039912" lon="16.081412">
				<ele>340.94</ele>
				<time>2025-09-21T07:08:55Z</time>
			</trkpt>
			<trkpt lat="48.039935" lon="16.081321">
				<ele>341.04</ele>
				<time>2025-09-21T07:08:58Z</time>
			</trkpt>
			<trkpt lat="48.039955" lon="16.081208">
				<ele>341.15</ele>
				<time>2025-09-21T07:09:01Z</time>
			</trkpt>
			<trkpt lat="48.039987" lon="16.081123">
				<ele>341.24</ele>
				<time>2025-09-21T07:09:04Z</time>
			</trkpt>
			<trkpt lat="48.040022" lon="16.081042">
				<ele>341.33</ele>
				<time>2025-09-21T07:09:07Z</time>
			</trkpt>
			<trkpt lat="48.040063" lon="16.080943">
				<ele>341.41</ele>
				<time>2025-09-21T07:09:10Z</time>
			</trkpt>
			<trkpt lat="48.040086" lon="16.080843">
				<ele>341.49</ele>
				<time>2025-09-21T07:09:13Z</time>
			</trkpt>
			<trkpt lat="48.040128" lon="16.080763">
				<ele>341.58</ele>
				<time>2025-09-21T07:09:16Z</time>
			</trkpt>
			<trkpt lat="48.040159" lon="16.08068">
				<ele>341.66</ele>
				<time>2025-09-21T07:09:32Z</time>
			</trkpt>
			<trkpt lat="48.040187" lon="16.08061">
				<ele>341.73</ele>
				<time>2025-09-21T07:09:34Z</time>
			</trkpt>
			<trkpt lat="48.04024" lon="16.080555">
				<ele>341.82</ele>
				<time>2025-09-21T07:09:36Z</time>
			</trkpt>
			<trkpt lat="48.040287" lon="16.08046">
				<ele>341.87</ele>
				<time>2025-09-21T07:09:40Z</time>
			</trkpt>
			<trkpt lat="48.04034" lon="16.080421">
				<ele>341.96</ele>
				<time>2025-09-21T07:09:42Z</time>
			</trkpt>
			<trkpt lat="48.0404" lon="16.080362">
				<ele>342.03</ele>
				<time>2025-09-21T07:09:45Z</time>
			</trkpt>
			<trkpt lat="48.040451" lon="16.080306">
				<ele>342.13</ele>
				<time>2025-09-21T07:09:47Z</time>
			</trkpt>
			<trkpt lat="48.040501" lon="16.080226">
				<ele>342.2</ele>
				<time>2025-09-21T07:09:50Z</time>
			</trkpt>
			<trkpt lat="48.04054" lon="16.080168">
				<ele>342.3</ele>
				<time>2025-09-21T07:09:52Z</time>
			</trkpt>
			<trkpt lat="48.04059" lon="16.080097">
				<ele>342.42</ele>
				<time>2025-09-21T07:09:55Z</time>
			</trkpt>
			<trkpt lat="48.040655" lon="16.080019">
				<ele>342.57</ele>
				<time>2025-09-21T07:09:58Z</time>
			</trkpt>
			<trkpt lat="48.040694" lon="16.079935">
				<ele>342.72</ele>
				<time>2025-09-21T07:10:01Z</time>
			</trkpt>
			<trkpt lat="48.040752" lon="16.079859">
				<ele>342.85</ele>
				<time>2025-09-21T07:10:04Z</time>
			</trkpt>
			<trkpt lat="48.040796" lon="16.079779">
				<ele>342.95</ele>
				<time>2025-09-21T07:10:07Z</time>
			</trkpt>
			<trkpt lat="48.040844" lon="16.079729">
				<ele>343.03</ele>
				<time>2025-09-21T07:10:10Z</time>
			</trkpt>
			<trkpt lat="48.040897" lon="16.079671">
				<ele>343.09</ele>
				<time>2025-09-21T07:10:13Z</time>
			</trkpt>
			<trkpt lat="48.040878" lon="16.079575">
				<ele>343.14</ele>
				<time>2025-09-21T07:10:16Z</time>
			</trkpt>
			<trkpt lat="48.040817" lon="16.079559">
				<ele>343.17</ele>
				<time>2025-09-21T07:10:19Z</time>
			</trkpt>
			<trkpt lat="48.040742" lon="16.079506">
				<ele>343.17</ele>
				<time>2025-09-21T07:10:22Z</time>
			</trkpt>
			<trkpt lat="48.040676" lon="16.079453">
				<ele>343.16</ele>
				<time>2025-09-21T07:10:25Z</time>
			</trkpt>
			<trkpt lat="48.040597" lon="16.079416">
				<ele>343.12</ele>
				<time>2025-09-21T07:10:28Z</time>
			</trkpt>
			<trkpt lat="48.040527" lon="16.079388">
				<ele>343.06</ele>
				<time>2025-09-21T07:10:31Z</time>
			</trkpt>
			<trkpt lat="48.040459" lon="16.079364">
				<ele>342.97</ele>
				<time>2025-09-21T07:10:34Z</time>
			</trkpt>
			<trkpt lat="48.04039" lon="16.079327">
				<ele>342.85</ele>
				<time>2025-09-21T07:10:37Z</time>
			</trkpt>
			<trkpt lat="48.040318" lon="16.079296">
				<ele>342.74</ele>
				<time>2025-09-21T07:10:40Z</time>
			</trkpt>
			<trkpt lat="48.040247" lon="16.079279">
				<ele>342.63</ele>
				<time>2025-09-21T07:10:43Z</time>
			</trkpt>
			<trkpt lat="48.040175" lon="16.079256">
				<ele>342.56</ele>
				<time>2025-09-21T07:10:46Z</time>
			</trkpt>
			<trkpt lat="48.040097" lon="16.079242">
				<ele>342.5</ele>
				<time>2025-09-21T07:10:49Z</time>
			</trkpt>
			<trkpt lat="48.040026" lon="16.079244">
				<ele>342.45</ele>
				<time>2025-09-21T07:10:52Z</time>
			</trkpt>
			<trkpt lat="48.039966" lon="16.079253">
				<ele>342.41</ele>
				<time>2025-09-21T07:10:55Z</time>
			</trkpt>
			<trkpt lat="48.039904" lon="16.079306">
				<ele>342.39</ele>
				<time>2025-09-21T07:10:58Z</time>
			</trkpt>
			<trkpt lat="48.039868" lon="16.079368">
				<ele>342.38</ele>
				<time>2025-09-21T07:11:00Z</time>
			</trkpt>
			<trkpt lat="48.039825" lon="16.079426">
				<ele>342.42</ele>
				<time>2025-09-21T07:11:02Z</time>
			</trkpt>
			<trkpt lat="48.039767" lon="16.079501">
				<ele>342.47</ele>
				<time>2025-09-21T07:11:05Z</time>
			</trkpt>
			<trkpt lat="48.039694" lon="16.079532">
				<ele>342.57</ele>
				<time>2025-09-21T07:11:08Z</time>
			</trkpt>
			<trkpt lat="48.039625" lon="16.079521">
				<ele>342.7</ele>
				<time>2025-09-21T07:11:11Z</time>
			</trkpt>
			<trkpt lat="48.039564" lon="16.079499">
				<ele>342.86</ele>
				<time>2025-09-21T07:11:14Z</time>
			</trkpt>
			<trkpt lat="48.039501" lon="16.079467">
				<ele>343.04</ele>
				<time>2025-09-21T07:11:17Z</time>
			</trkpt>
			<trkpt lat="48.03944" lon="16.079452">
				<ele>343.24</ele>
				<time>2025-09-21T07:11:20Z</time>
			</trkpt>
			<trkpt lat="48.039375" lon="16.079411">
				<ele>343.5</ele>
				<time>2025-09-21T07:11:23Z</time>
			</trkpt>
			<trkpt lat="48.039311" lon="16.079407">
				<ele>343.82</ele>
				<time>2025-09-21T07:11:26Z</time>
			</trkpt>
			<trkpt lat="48.039251" lon="16.079433">
				<ele>344.19</ele>
				<time>2025-09-21T07:11:29Z</time>
			</trkpt>
			<trkpt lat="48.039186" lon="16.079446">
				<ele>344.64</ele>
				<time>2025-09-21T07:11:32Z</time>
			</trkpt>
			<trkpt lat="48.039125" lon="16.079441">
				<ele>345.15</ele>
				<time>2025-09-21T07:11:35Z</time>
			</trkpt>
			<trkpt lat="48.039067" lon="16.079459">
				<ele>345.74</ele>
				<time>2025-09-21T07:11:38Z</time>
			</trkpt>
			<trkpt lat="48.038997" lon="16.079407">
				<ele>346.37</ele>
				<time>2025-09-21T07:11:42Z</time>
			</trkpt>
			<trkpt lat="48.038946" lon="16.079373">
				<ele>347.05</ele>
				<time>2025-09-21T07:11:45Z</time>
			</trkpt>
			<trkpt lat="48.038891" lon="16.079319">
				<ele>347.79</ele>
				<time>2025-09-21T07:11:49Z</time>
			</trkpt>
			<trkpt lat="48.038839" lon="16.079267">
				<ele>348.55</ele>
				<time>2025-09-21T07:11:53Z</time>
			</trkpt>
			<trkpt lat="48.038781" lon="16.079221">
				<ele>349.33</ele>
				<time>2025-09-21T07:11:57Z</time>
			</trkpt>
			<trkpt lat="48.038723" lon="16.079205">
				<ele>350.12</ele>
				<time>2025-09-21T07:12:01Z</time>
			</trkpt>
			<trkpt lat="48.03866" lon="16.079197">
				<ele>350.93</ele>
				<time>2025-09-21T07:12:05Z</time>
			</trkpt>
			<trkpt lat="48.038603" lon="16.079176">
				<ele>351.69</ele>
				<time>2025-09-21T07:12:09Z</time>
			</trkpt>
			<trkpt lat="48.038544" lon="16.079147">
				<ele>352.41</ele>
				<time>2025-09-21T07:12:13Z</time>
			</trkpt>
			<trkpt lat="48.038488" lon="16.079146">
				<ele>353.1</ele>
				<time>2025-09-21T07:12:16Z</time>
			</trkpt>
			<trkpt lat="48.03843" lon="16.079132">
				<ele>353.73</ele>
				<time>2025-09-21T07:12:19Z</time>
			</trkpt>
			<trkpt lat="48.038371" lon="16.079123">
				<ele>354.28</ele>
				<time>2025-09-21T07:12:22Z</time>
			</trkpt>
			<trkpt lat="48.038314" lon="16.079109">
				<ele>354.77</ele>
				<time>2025-09-21T07:12:25Z</time>
			</trkpt>
			<trkpt lat="48.038254" lon="16.079093">
				<ele>355.21</ele>
				<time>2025-09-21T07:12:28Z</time>
			</trkpt>
			<trkpt lat="48.038196" lon="16.079073">
				<ele>355.57</ele>
				<time>2025-09-21T07:12:31Z</time>
			</trkpt>
			<trkpt lat="48.038138" lon="16.079074">
				<ele>355.86</ele>
				<time>2025-09-21T07:12:34Z</time>
			</trkpt>
			<trkpt lat="48.038083" lon="16.079062">
				<ele>356.12</ele>
				<time>2025-09-21T07:12:37Z</time>
			</trkpt>
			<trkpt lat="48.038016" lon="16.079047">
				<ele>356.35</ele>
				<time>2025-09-21T07:12:40Z</time>
			</trkpt>
			<trkpt lat="48.037952" lon="16.079048">
				<ele>356.55</ele>
				<time>2025-09-21T07:12:43Z</time>
			</trkpt>
			<trkpt lat="48.037891" lon="16.079038">
				<ele>356.72</ele>
				<time>2025-09-21T07:12:46Z</time>
			</trkpt>
			<trkpt lat="48.037832" lon="16.079034">
				<ele>356.87</ele>
				<time>2025-09-21T07:12:49Z</time>
			</trkpt>
			<trkpt lat="48.037768" lon="16.079016">
				<ele>357.01</ele>
				<time>2025-09-21T07:12:52Z</time>
			</trkpt>
			<trkpt lat="48.037708" lon="16.078991">
				<ele>357.14</ele>
				<time>2025-09-21T07:12:55Z</time>
			</trkpt>
			<trkpt lat="48.037643" lon="16.078985">
				<ele>357.26</ele>
				<time>2025-09-21T07:12:58Z</time>
			</trkpt>
			<trkpt lat="48.037582" lon="16.07895">
				<ele>357.37</ele>
				<time>2025-09-21T07:13:01Z</time>
			</trkpt>
			<trkpt lat="48.037522" lon="16.078929">
				<ele>357.49</ele>
				<time>2025-09-21T07:13:04Z</time>
			</trkpt>
			<trkpt lat="48.03746" lon="16.078899">
				<ele>357.6</ele>
				<time>2025-09-21T07:13:07Z</time>
			</trkpt>
			<trkpt lat="48.037389" lon="16.078882">
				<ele>357.72</ele>
				<time>2025-09-21T07:13:10Z</time>
			</trkpt>
			<trkpt lat="48.037319" lon="16.078861">
				<ele>357.84</ele>
				<time>2025-09-21T07:13:13Z</time>
			</trkpt>
			<trkpt lat="48.037252" lon="16.078834">
				<ele>357.96</ele>
				<time>2025-09-21T07:13:16Z</time>
			</trkpt>
			<trkpt lat="48.037188" lon="16.07881">
				<ele>358.1</ele>
				<time>2025-09-21T07:13:19Z</time>
			</trkpt>
			<trkpt lat="48.037121" lon="16.078788">
				<ele>358.25</ele>
				<time>2025-09-21T07:13:22Z</time>
			</trkpt>
			<trkpt lat="48.037063" lon="16.078757">
				<ele>358.41</ele>
				<time>2025-09-21T07:13:25Z</time>
			</trkpt>
			<trkpt lat="48.037004" lon="16.078722">
				<ele>358.59</ele>
				<time>2025-09-21T07:13:28Z</time>
			</trkpt>
			<trkpt lat="48.03694" lon="16.078702">
				<ele>358.76</ele>
				<time>2025-09-21T07:13:31Z</time>
			</trkpt>
			<trkpt lat="48.03688" lon="16.078666">
				<ele>358.96</ele>
				<time>2025-09-21T07:13:34Z</time>
			</trkpt>
			<trkpt lat="48.036821" lon="16.078632">
				<ele>359.18</ele>
				<time>2025-09-21T07:13:37Z</time>
			</trkpt>
			<trkpt lat="48.036765" lon="16.078591">
				<ele>359.41</ele>
				<time>2025-09-21T07:13:40Z</time>
			</trkpt>
			<trkpt lat="48.036707" lon="16.078536">
				<ele>359.65</ele>
				<time>2025-09-21T07:13:43Z</time>
			</trkpt>
			<trkpt lat="48.03665" lon="16.078495">
				<ele>359.89</ele>
				<time>2025-09-21T07:13:46Z</time>
			</trkpt>
			<trkpt lat="48.03659" lon="16.078458">
				<ele>360.13</ele>
				<time>2025-09-21T07:13:49Z</time>
			</trkpt>
			<trkpt lat="48.036533" lon="16.078433">
				<ele>360.36</ele>
				<time>2025-09-21T07:13:52Z</time>
			</trkpt>
			<trkpt lat="48.036459" lon="16.078383">
				<ele>360.57</ele>
				<time>2025-09-21T07:13:56Z</time>
			</trkpt>
			<trkpt lat="48.0364" lon="16.078358">
				<ele>360.76</ele>
				<time>2025-09-21T07:13:59Z</time>
			</trkpt>
			<trkpt lat="48.036342" lon="16.078345">
				<ele>360.94</ele>
				<time>2025-09-21T07:14:02Z</time>
			</trkpt>
			<trkpt lat="48.03629" lon="16.078304">
				<ele>361.11</ele>
				<time>2025-09-21T07:14:04Z</time>
			</trkpt>
			<trkpt lat="48.036226" lon="16.078268">
				<ele>361.27</ele>
				<time>2025-09-21T07:14:07Z</time>
			</trkpt>
			<trkpt lat="48.036165" lon="16.078235">
				<ele>361.44</ele>
				<time>2025-09-21T07:14:10Z</time>
			</trkpt>
			<trkpt lat="48.036101" lon="16.07821">
				<ele>361.6</ele>
				<time>2025-09-21T07:14:13Z</time>
			</trkpt>
			<trkpt lat="48.036048" lon="16.078187">
				<ele>361.74</ele>
				<time>2025-09-21T07:14:15Z</time>
			</trkpt>
			<trkpt lat="48.035988" lon="16.078157">
				<ele>361.89</ele>
				<time>2025-09-21T07:14:18Z</time>
			</trkpt>
			<trkpt lat="48.035929" lon="16.078123">
				<ele>362.04</ele>
				<time>2025-09-21T07:14:21Z</time>
			</trkpt>
			<trkpt lat="48.035863" lon="16.078095">
				<ele>362.19</ele>
				<time>2025-09-21T07:14:24Z</time>
			</trkpt>
			<trkpt lat="48.035802" lon="16.078071">
				<ele>362.33</ele>
				<time>2025-09-21T07:14:27Z</time>
			</trkpt>
			<trkpt lat="48.035733" lon="16.078032">
				<ele>362.47</ele>
				<time>2025-09-21T07:14:30Z</time>
			</trkpt>
			<trkpt lat="48.035671" lon="16.077998">
				<ele>362.64</ele>
				<time>2025-09-21T07:14:33Z</time>
			</trkpt>
			<trkpt lat="48.035613" lon="16.077958">
				<ele>362.83</ele>
				<time>2025-09-21T07:14:36Z</time>
			</trkpt>
			<trkpt lat="48.035554" lon="16.077939">
				<ele>363.05</ele>
				<time>2025-09-21T07:14:39Z</time>
			</trkpt>
			<trkpt lat="48.035492" lon="16.077902">
				<ele>363.28</ele>
				<time>2025-09-21T07:14:42Z</time>
			</trkpt>
			<trkpt lat="48.035446" lon="16.07786">
				<ele>363.53</ele>
				<time>2025-09-21T07:14:44Z</time>
			</trkpt>
			<trkpt lat="48.035382" lon="16.077814">
				<ele>363.81</ele>
				<time>2025-09-21T07:14:47Z</time>
			</trkpt>
			<trkpt lat="48.035322" lon="16.077794">
				<ele>364.11</ele>
				<time>2025-09-21T07:14:50Z</time>
			</trkpt>
			<trkpt lat="48.035263" lon="16.077767">
				<ele>364.41</ele>
				<time>2025-09-21T07:14:53Z</time>
			</trkpt>
			<trkpt lat="48.0352" lon="16.077751">
				<ele>364.7</ele>
				<time>2025-09-21T07:14:56Z</time>
			</trkpt>
			<trkpt lat="48.035143" lon="16.077717">
				<ele>364.99</ele>
				<time>2025-09-21T07:14:59Z</time>
			</trkpt>
			<trkpt lat="48.035079" lon="16.077688">
				<ele>365.26</ele>
				<time>2025-09-21T07:15:02Z</time>
			</trkpt>
			<trkpt lat="48.035008" lon="16.077657">
				<ele>365.53</ele>
				<time>2025-09-21T07:15:06Z</time>
			</trkpt>
			<trkpt lat="48.034945" lon="16.077625">
				<ele>365.79</ele>
				<time>2025-09-21T07:15:09Z</time>
			</trkpt>
			<trkpt lat="48.034879" lon="16.077597">
				<ele>366.03</ele>
				<time>2025-09-21T07:15:12Z</time>
			</trkpt>
			<trkpt lat="48.034812" lon="16.077575">
				<ele>366.23</ele>
				<time>2025-09-21T07:15:15Z</time>
			</trkpt>
			<trkpt lat="48.034745" lon="16.077528">
				<ele>366.4</ele>
				<time>2025-09-21T07:15:18Z</time>
			</trkpt>
			<trkpt lat="48.034679" lon="16.077511">
				<ele>366.55</ele>
				<time>2025-09-21T07:15:21Z</time>
			</trkpt>
			<trkpt lat="48.034613" lon="16.077474">
				<ele>366.68</ele>
				<time>2025-09-21T07:15:24Z</time>
			</trkpt>
			<trkpt lat="48.034552" lon="16.077444">
				<ele>366.79</ele>
				<time>2025-09-21T07:15:27Z</time>
			</trkpt>
			<trkpt lat="48.034486" lon="16.077405">
				<ele>366.89</ele>
				<time>2025-09-21T07:15:30Z</time>
			</trkpt>
			<trkpt lat="48.034426" lon="16.077346">
				<ele>366.98</ele>
				<time>2025-09-21T07:15:33Z</time>
			</trkpt>
			<trkpt lat="48.034362" lon="16.077316">
				<ele>367.07</ele>
				<time>2025-09-21T07:15:36Z</time>
			</trkpt>
			<trkpt lat="48.034307" lon="16.077265">
				<ele>367.17</ele>
				<time>2025-09-21T07:15:39Z</time>
			</trkpt>
			<trkpt lat="48.034248" lon="16.077217">
				<ele>367.26</ele>
				<time>2025-09-21T07:15:42Z</time>
			</trkpt>
			<trkpt lat="48.03419" lon="16.077184">
				<ele>367.35</ele>
				<time>2025-09-21T07:15:45Z</time>
			</trkpt>
			<trkpt lat="48.034132" lon="16.077131">
				<ele>367.45</ele>
				<time>2025-09-21T07:15:48Z</time>
			</trkpt>
			<trkpt lat="48.034071" lon="16.077071">
				<ele>367.56</ele>
				<time>2025-09-21T07:15:51Z</time>
			</trkpt>
			<trkpt lat="48.034003" lon="16.07703">
				<ele>367.69</ele>
				<time>2025-09-21T07:15:54Z</time>
			</trkpt>
			<trkpt lat="48.033954" lon="16.076952">
				<ele>367.82</ele>
				<time>2025-09-21T07:15:57Z</time>
			</trkpt>
			<trkpt lat="48.03389" lon="16.076907">
				<ele>367.96</ele>
				<time>2025-09-21T07:16:00Z</time>
			</trkpt>
			<trkpt lat="48.033835" lon="16.07685">
				<ele>368.1</ele>
				<time>2025-09-21T07:16:03Z</time>
			</trkpt>
			<trkpt lat="48.033772" lon="16.076804">
				<ele>368.25</ele>
				<time>2025-09-21T07:16:06Z</time>
			</trkpt>
			<trkpt lat="48.033716" lon="16.076745">
				<ele>368.41</ele>
				<time>2025-09-21T07:16:09Z</time>
			</trkpt>
			<trkpt lat="48.033655" lon="16.076678">
				<ele>368.59</ele>
				<time>2025-09-21T07:16:12Z</time>
			</trkpt>
			<trkpt lat="48.033609" lon="16.076633">
				<ele>368.79</ele>
				<time>2025-09-21T07:16:15Z</time>
			</trkpt>
			<trkpt lat="48.033551" lon="16.076569">
				<ele>369.03</ele>
				<time>2025-09-21T07:16:18Z</time>
			</trkpt>
			<trkpt lat="48.033495" lon="16.076517">
				<ele>369.32</ele>
				<time>2025-09-21T07:16:21Z</time>
			</trkpt>
			<trkpt lat="48.033444" lon="16.076467">
				<ele>369.66</ele>
				<time>2025-09-21T07:16:24Z</time>
			</trkpt>
			<trkpt lat="48.033393" lon="16.076426">
				<ele>370.06</ele>
				<time>2025-09-21T07:16:27Z</time>
			</trkpt>
			<trkpt lat="48.033346" lon="16.07638">
				<ele>370.52</ele>
				<time>2025-09-21T07:16:30Z</time>
			</trkpt>
			<trkpt lat="48.033289" lon="16.076343">
				<ele>371.03</ele>
				<time>2025-09-21T07:16:33Z</time>
			</trkpt>
			<trkpt lat="48.033242" lon="16.076289">
				<ele>371.59</ele>
				<time>2025-09-21T07:16:36Z</time>
			</trkpt>
			<trkpt lat="48.033189" lon="16.076246">
				<ele>372.15</ele>
				<time>2025-09-21T07:16:40Z</time>
			</trkpt>
			<trkpt lat="48.033137" lon="16.076176">
				<ele>372.66</ele>
				<time>2025-09-21T07:16:44Z</time>
			</trkpt>
			<trkpt lat="48.033086" lon="16.076103">
				<ele>373.1</ele>
				<time>2025-09-21T07:16:48Z</time>
			</trkpt>
			<trkpt lat="48.033027" lon="16.076044">
				<ele>373.47</ele>
				<time>2025-09-21T07:16:52Z</time>
			</trkpt>
			<trkpt lat="48.032958" lon="16.076017">
				<ele>373.8</ele>
				<time>2025-09-21T07:16:56Z</time>
			</trkpt>
			<trkpt lat="48.032896" lon="16.075969">
				<ele>374.06</ele>
				<time>2025-09-21T07:17:00Z</time>
			</trkpt>
			<trkpt lat="48.032843" lon="16.075932">
				<ele>374.26</ele>
				<time>2025-09-21T07:17:03Z</time>
			</trkpt>
			<trkpt lat="48.032774" lon="16.075863">
				<ele>374.4</ele>
				<time>2025-09-21T07:17:06Z</time>
			</trkpt>
			<trkpt lat="48.032706" lon="16.075812">
				<ele>374.47</ele>
				<time>2025-09-21T07:17:09Z</time>
			</trkpt>
			<trkpt lat="48.032662" lon="16.075751">
				<ele>374.47</ele>
				<time>2025-09-21T07:17:11Z</time>
			</trkpt>
			<trkpt lat="48.032612" lon="16.075674">
				<ele>374.42</ele>
				<time>2025-09-21T07:17:14Z</time>
			</trkpt>
			<trkpt lat="48.032551" lon="16.075599">
				<ele>374.3</ele>
				<time>2025-09-21T07:17:17Z</time>
			</trkpt>
			<trkpt lat="48.032502" lon="16.075508">
				<ele>374.14</ele>
				<time>2025-09-21T07:17:20Z</time>
			</trkpt>
			<trkpt lat="48.032456" lon="16.075433">
				<ele>373.97</ele>
				<time>2025-09-21T07:17:23Z</time>
			</trkpt>
			<trkpt lat="48.032425" lon="16.075334">
				<ele>373.85</ele>
				<time>2025-09-21T07:17:26Z</time>
			</trkpt>
			<trkpt lat="48.032381" lon="16.075245">
				<ele>373.78</ele>
				<time>2025-09-21T07:17:29Z</time>
			</trkpt>
			<trkpt lat="48.032357" lon="16.075156">
				<ele>373.73</ele>
				<time>2025-09-21T07:17:32Z</time>
			</trkpt>
			<trkpt lat="48.032326" lon="16.075087">
				<ele>373.69</ele>
				<time>2025-09-21T07:17:34Z</time>
			</trkpt>
			<trkpt lat="48.032297" lon="16.074996">
				<ele>373.68</ele>
				<time>2025-09-21T07:17:37Z</time>
			</trkpt>
			<trkpt lat="48.032258" lon="16.074915">
				<ele>373.69</ele>
				<time>2025-09-21T07:17:40Z</time>
			</trkpt>
			<trkpt lat="48.03223" lon="16.074831">
				<ele>373.69</ele>
				<time>2025-09-21T07:17:43Z</time>
			</trkpt>
			<trkpt lat="48.032199" lon="16.074761">
				<ele>373.68</ele>
				<time>2025-09-21T07:17:45Z</time>
			</trkpt>
			<trkpt lat="48.03217" lon="16.074674">
				<ele>373.65</ele>
				<time>2025-09-21T07:17:48Z</time>
			</trkpt>
			<trkpt lat="48.032134" lon="16.074576">
				<ele>373.57</ele>
				<time>2025-09-21T07:17:51Z</time>
			</trkpt>
			<trkpt lat="48.032113" lon="16.074485">
				<ele>373.44</ele>
				<time>2025-09-21T07:17:54Z</time>
			</trkpt>
			<trkpt lat="48.032081" lon="16.074415">
				<ele>373.27</ele>
				<time>2025-09-21T07:17:56Z</time>
			</trkpt>
			<trkpt lat="48.032046" lon="16.074321">
				<ele>373.02</ele>
				<time>2025-09-21T07:17:59Z</time>
			</trkpt>
			<trkpt lat="48.032016" lon="16.074219">
				<ele>372.71</ele>
				<time>2025-09-21T07:18:03Z</time>
			</trkpt>
			<trkpt lat="48.031951" lon="16.074204">
				<ele>372.35</ele>
				<time>2025-09-21T07:18:07Z</time>
			</trkpt>
			<trkpt lat="48.031889" lon="16.074221">
				<ele>371.97</ele>
				<time>2025-09-21T07:18:11Z</time>
			</trkpt>
			<trkpt lat="48.031806" lon="16.074285">
				<ele>371.59</ele>
				<time>2025-09-21T07:18:14Z</time>
			</trkpt>
			<trkpt lat="48.03175" lon="16.07429">
				<ele>371.2</ele>
				<time>2025-09-21T07:18:16Z</time>
			</trkpt>
			<trkpt lat="48.031685" lon="16.07429">
				<ele>370.82</ele>
				<time>2025-09-21T07:18:19Z</time>
			</trkpt>
			<trkpt lat="48.03161" lon="16.074301">
				<ele>370.46</ele>
				<time>2025-09-21T07:18:22Z</time>
			</trkpt>
			<trkpt lat="48.031531" lon="16.074304">
				<ele>370.14</ele>
				<time>2025-09-21T07:18:25Z</time>
			</trkpt>
			<trkpt lat="48.031461" lon="16.074301">
				<ele>369.87</ele>
				<time>2025-09-21T07:18:28Z</time>
			</trkpt>
			<trkpt lat="48.03141" lon="16.074277">
				<ele>369.68</ele>
				<time>2025-09-21T07:18:31Z</time>
			</trkpt>
			<trkpt lat="48.031365" lon="16.074186">
				<ele>369.56</ele>
				<time>2025-09-21T07:18:35Z</time>
			</trkpt>
			<trkpt lat="48.031325" lon="16.074094">
				<ele>369.5</ele>
				<time>2025-09-21T07:18:38Z</time>
			</trkpt>
			<trkpt lat="48.031319" lon="16.073991">
				<ele>369.55</ele>
				<time>2025-09-21T07:18:41Z</time>
			</trkpt>
			<trkpt lat="48.031257" lon="16.07395">
				<ele>369.68</ele>
				<time>2025-09-21T07:18:44Z</time>
			</trkpt>
			<trkpt lat="48.031284" lon="16.073876">
				<ele>369.88</ele>
				<time>2025-09-21T07:18:48Z</time>
			</trkpt>
			<trkpt lat="48.031267" lon="16.073778">
				<ele>370.14</ele>
				<time>2025-09-21T07:18:52Z</time>
			</trkpt>
			<trkpt lat="48.031288" lon="16.073701">
				<ele>370.46</ele>
				<time>2025-09-21T07:18:53Z</time>
			</trkpt>
			<trkpt lat="48.03129" lon="16.0736">
				<ele>370.83</ele>
				<time>2025-09-21T07:18:56Z</time>
			</trkpt>
			<trkpt lat="48.031294" lon="16.073515">
				<ele>371.24</ele>
				<time>2025-09-21T07:18:59Z</time>
			</trkpt>
			<trkpt lat="48.031302" lon="16.07343">
				<ele>371.7</ele>
				<time>2025-09-21T07:19:02Z</time>
			</trkpt>
			<trkpt lat="48.03128" lon="16.073356">
				<ele>372.17</ele>
				<time>2025-09-21T07:19:05Z</time>
			</trkpt>
			<trkpt lat="48.031266" lon="16.073263">
				<ele>372.65</ele>
				<time>2025-09-21T07:19:08Z</time>
			</trkpt>
			<trkpt lat="48.031278" lon="16.073181">
				<ele>373.13</ele>
				<time>2025-09-21T07:19:11Z</time>
			</trkpt>
			<trkpt lat="48.031299" lon="16.073079">
				<ele>373.64</ele>
				<time>2025-09-21T07:19:15Z</time>
			</trkpt>
			<trkpt lat="48.031306" lon="16.072998">
				<ele>374.16</ele>
				<time>2025-09-21T07:19:18Z</time>
			</trkpt>
			<trkpt lat="48.031316" lon="16.0729">
				<ele>374.69</ele>
				<time>2025-09-21T07:19:22Z</time>
			</trkpt>
			<trkpt lat="48.031326" lon="16.072811">
				<ele>375.21</ele>
				<time>2025-09-21T07:19:25Z</time>
			</trkpt>
			<trkpt lat="48.031351" lon="16.07273">
				<ele>375.72</ele>
				<time>2025-09-21T07:19:28Z</time>
			</trkpt>
			<trkpt lat="48.031356" lon="16.072649">
				<ele>376.23</ele>
				<time>2025-09-21T07:19:31Z</time>
			</trkpt>
			<trkpt lat="48.031368" lon="16.072565">
				<ele>376.76</ele>
				<time>2025-09-21T07:19:34Z</time>
			</trkpt>
			<trkpt lat="48.031369" lon="16.07248">
				<ele>377.26</ele>
				<time>2025-09-21T07:19:37Z</time>
			</trkpt>
			<trkpt lat="48.031371" lon="16.072386">
				<ele>377.78</ele>
				<time>2025-09-21T07:19:40Z</time>
			</trkpt>
			<trkpt lat="48.031378" lon="16.072272">
				<ele>378.28</ele>
				<time>2025-09-21T07:19:44Z</time>
			</trkpt>
			<trkpt lat="48.031392" lon="16.072191">
				<ele>378.78</ele>
				<time>2025-09-21T07:19:47Z</time>
			</trkpt>
			<trkpt lat="48.031416" lon="16.072088">
				<ele>379.3</ele>
				<time>2025-09-21T07:19:51Z</time>
			</trkpt>
			<trkpt lat="48.031431" lon="16.072011">
				<ele>379.83</ele>
				<time>2025-09-21T07:19:54Z</time>
			</trkpt>
			<trkpt lat="48.031462" lon="16.071915">
				<ele>380.37</ele>
				<time>2025-09-21T07:19:58Z</time>
			</trkpt>
			<trkpt lat="48.031502" lon="16.071829">
				<ele>380.89</ele>
				<time>2025-09-21T07:20:02Z</time>
			</trkpt>
			<trkpt lat="48.031548" lon="16.071755">
				<ele>381.42</ele>
				<time>2025-09-21T07:20:06Z</time>
			</trkpt>
			<trkpt lat="48.031583" lon="16.071679">
				<ele>381.98</ele>
				<time>2025-09-21T07:20:10Z</time>
			</trkpt>
			<trkpt lat="48.031635" lon="16.071624">
				<ele>382.56</ele>
				<time>2025-09-21T07:20:14Z</time>
			</trkpt>
			<trkpt lat="48.031686" lon="16.071544">
				<ele>383.16</ele>
				<time>2025-09-21T07:20:19Z</time>
			</trkpt>
			<trkpt lat="48.031728" lon="16.071474">
				<ele>383.76</ele>
				<time>2025-09-21T07:20:23Z</time>
			</trkpt>
			<trkpt lat="48.031765" lon="16.071414">
				<ele>384.36</ele>
				<time>2025-09-21T07:20:26Z</time>
			</trkpt>
			<trkpt lat="48.031799" lon="16.07135">
				<ele>384.97</ele>
				<time>2025-09-21T07:20:29Z</time>
			</trkpt>
			<trkpt lat="48.031831" lon="16.071266">
				<ele>385.58</ele>
				<time>2025-09-21T07:20:33Z</time>
			</trkpt>
			<trkpt lat="48.031865" lon="16.071183">
				<ele>386.19</ele>
				<time>2025-09-21T07:20:37Z</time>
			</trkpt>
			<trkpt lat="48.0319" lon="16.071099">
				<ele>386.79</ele>
				<time>2025-09-21T07:20:41Z</time>
			</trkpt>
			<trkpt lat="48.031934" lon="16.071029">
				<ele>387.36</ele>
				<time>2025-09-21T07:20:44Z</time>
			</trkpt>
			<trkpt lat="48.031955" lon="16.070949">
				<ele>387.9</ele>
				<time>2025-09-21T07:20:47Z</time>
			</trkpt>
			<trkpt lat="48.031989" lon="16.070878">
				<ele>388.44</ele>
				<time>2025-09-21T07:20:50Z</time>
			</trkpt>
			<trkpt lat="48.032023" lon="16.070815">
				<ele>388.96</ele>
				<time>2025-09-21T07:20:54Z</time>
			</trkpt>
			<trkpt lat="48.032052" lon="16.070733">
				<ele>389.47</ele>
				<time>2025-09-21T07:20:57Z</time>
			</trkpt>
			<trkpt lat="48.032064" lon="16.070653">
				<ele>389.95</ele>
				<time>2025-09-21T07:21:00Z</time>
			</trkpt>
			<trkpt lat="48.032073" lon="16.070554">
				<ele>390.42</ele>
				<time>2025-09-21T07:21:04Z</time>
			</trkpt>
			<trkpt lat="48.032094" lon="16.070468">
				<ele>390.89</ele>
				<time>2025-09-21T07:21:07Z</time>
			</trkpt>
			<trkpt lat="48.032122" lon="16.07039">
				<ele>391.37</ele>
				<time>2025-09-21T07:21:10Z</time>
			</trkpt>
			<trkpt lat="48.032163" lon="16.070298">
				<ele>391.89</ele>
				<time>2025-09-21T07:21:14Z</time>
			</trkpt>
			<trkpt lat="48.032187" lon="16.070192">
				<ele>392.5</ele>
				<time>2025-09-21T07:21:18Z</time>
			</trkpt>
			<trkpt lat="48.032221" lon="16.070112">
				<ele>393.18</ele>
				<time>2025-09-21T07:21:22Z</time>
			</trkpt>
			<trkpt lat="48.032212" lon="16.070027">
				<ele>393.93</ele>
				<time>2025-09-21T07:21:25Z</time>
			</trkpt>
			<trkpt lat="48.032254" lon="16.069951">
				<ele>394.76</ele>
				<time>2025-09-21T07:21:29Z</time>
			</trkpt>
			<trkpt lat="48.032269" lon="16.069862">
				<ele>395.68</ele>
				<time>2025-09-21T07:21:33Z</time>
			</trkpt>
			<trkpt lat="48.032265" lon="16.069771">
				<ele>396.69</ele>
				<time>2025-09-21T07:21:40Z</time>
			</trkpt>
			<trkpt lat="48.032288" lon="16.06969">
				<ele>397.74</ele>
				<time>2025-09-21T07:21:48Z</time>
			</trkpt>
			<trkpt lat="48.032289" lon="16.069604">
				<ele>398.83</ele>
				<time>2025-09-21T07:21:53Z</time>
			</trkpt>
			<trkpt lat="48.032308" lon="16.06951">
				<ele>400.01</ele>
				<time>2025-09-21T07:22:00Z</time>
			</trkpt>
			<trkpt lat="48.03233" lon="16.069418">
				<ele>401.26</ele>
				<time>2025-09-21T07:22:06Z</time>
			</trkpt>
			<trkpt lat="48.03234" lon="16.069327">
				<ele>402.57</ele>
				<time>2025-09-21T07:22:13Z</time>
			</trkpt>
			<trkpt lat="48.032343" lon="16.069242">
				<ele>403.94</ele>
				<time>2025-09-21T07:22:18Z</time>
			</trkpt>
			<trkpt lat="48.032268" lon="16.069174">
				<ele>405.31</ele>
				<time>2025-09-21T07:22:22Z</time>
			</trkpt>
			<trkpt lat="48.032252" lon="16.069085">
				<ele>406.62</ele>
				<time>2025-09-21T07:22:27Z</time>
			</trkpt>
			<trkpt lat="48.032226" lon="16.069004">
				<ele>407.92</ele>
				<time>2025-09-21T07:22:33Z</time>
			</trkpt>
			<trkpt lat="48.03219" lon="16.068923">
				<ele>409.22</ele>
				<time>2025-09-21T07:22:39Z</time>
			</trkpt>
			<trkpt lat="48.032155" lon="16.068858">
				<ele>410.51</ele>
				<time>2025-09-21T07:22:46Z</time>
			</trkpt>
			<trkpt lat="48.032119" lon="16.068789">
				<ele>411.76</ele>
				<time>2025-09-21T07:22:52Z</time>
			</trkpt>
			<trkpt lat="48.032087" lon="16.068719">
				<ele>413.0</ele>
				<time>2025-09-21T07:22:59Z</time>
			</trkpt>
			<trkpt lat="48.032065" lon="16.068637">
				<ele>414.26</ele>
				<time>2025-09-21T07:23:04Z</time>
			</trkpt>
			<trkpt lat="48.032051" lon="16.068553">
				<ele>415.56</ele>
				<time>2025-09-21T07:23:10Z</time>
			</trkpt>
			<trkpt lat="48.032044" lon="16.068466">
				<ele>416.86</ele>
				<time>2025-09-21T07:23:16Z</time>
			</trkpt>
			<trkpt lat="48.03204" lon="16.068381">
				<ele>418.14</ele>
				<time>2025-09-21T07:23:22Z</time>
			</trkpt>
			<trkpt lat="48.032036" lon="16.068291">
				<ele>419.46</ele>
				<time>2025-09-21T07:23:27Z</time>
			</trkpt>
			<trkpt lat="48.032037" lon="16.068208">
				<ele>420.77</ele>
				<time>2025-09-21T07:23:33Z</time>
			</trkpt>
			<trkpt lat="48.03204" lon="16.068125">
				<ele>422.08</ele>
				<time>2025-09-21T07:23:39Z</time>
			</trkpt>
			<trkpt lat="48.032041" lon="16.068039">
				<ele>423.4</ele>
				<time>2025-09-21T07:23:45Z</time>
			</trkpt>
			<trkpt lat="48.032038" lon="16.067953">
				<ele>424.72</ele>
				<time>2025-09-21T07:23:51Z</time>
			</trkpt>
			<trkpt lat="48.032026" lon="16.067872">
				<ele>426.07</ele>
				<time>2025-09-21T07:23:58Z</time>
			</trkpt>
			<trkpt lat="48.032004" lon="16.067791">
				<ele>427.37</ele>
				<time>2025-09-21T07:24:05Z</time>
			</trkpt>
			<trkpt lat="48.031973" lon="16.067711">
				<ele>428.67</ele>
				<time>2025-09-21T07:24:12Z</time>
			</trkpt>
			<trkpt lat="48.03194" lon="16.067636">
				<ele>429.95</ele>
				<time>2025-09-21T07:24:16Z</time>
			</trkpt>
			<trkpt lat="48.031908" lon="16.067569">
				<ele>431.2</ele>
				<time>2025-09-21T07:24:22Z</time>
			</trkpt>
			<trkpt lat="48.031876" lon="16.067503">
				<ele>432.43</ele>
				<time>2025-09-21T07:24:28Z</time>
			</trkpt>
			<trkpt lat="48.03184" lon="16.067426">
				<ele>433.65</ele>
				<time>2025-09-21T07:24:35Z</time>
			</trkpt>
			<trkpt lat="48.031809" lon="16.067356">
				<ele>434.83</ele>
				<time>2025-09-21T07:24:39Z</time>
			</trkpt>
			<trkpt lat="48.03178" lon="16.067286">
				<ele>435.97</ele>
				<time>2025-09-21T07:24:43Z</time>
			</trkpt>
			<trkpt lat="48.031753" lon="16.067212">
				<ele>437.06</ele>
				<time>2025-09-21T07:24:47Z</time>
			</trkpt>
			<trkpt lat="48.031717" lon="16.067134">
				<ele>438.13</ele>
				<time>2025-09-21T07:24:52Z</time>
			</trkpt>
			<trkpt lat="48.031687" lon="16.067046">
				<ele>439.11</ele>
				<time>2025-09-21T07:24:58Z</time>
			</trkpt>
			<trkpt lat="48.031658" lon="16.066958">
				<ele>440.02</ele>
				<time>2025-09-21T07:25:05Z</time>
			</trkpt>
			<trkpt lat="48.031634" lon="16.066885">
				<ele>440.82</ele>
				<time>2025-09-21T07:25:09Z</time>
			</trkpt>
			<trkpt lat="48.03161" lon="16.066812">
				<ele>441.58</ele>
				<time>2025-09-21T07:25:13Z</time>
			</trkpt>
			<trkpt lat="48.03157" lon="16.066696">
				<ele>442.31</ele>
				<time>2025-09-21T07:25:18Z</time>
			</trkpt>
			<trkpt lat="48.031543" lon="16.066624">
				<ele>443.0</ele>
				<time>2025-09-21T07:25:21Z</time>
			</trkpt>
			<trkpt lat="48.031512" lon="16.066549">
				<ele>443.68</ele>
				<time>2025-09-21T07:25:24Z</time>
			</trkpt>
			<trkpt lat="48.031477" lon="16.066477">
				<ele>444.33</ele>
				<time>2025-09-21T07:25:27Z</time>
			</trkpt>
			<trkpt lat="48.031441" lon="16.066407">
				<ele>444.92</ele>
				<time>2025-09-21T07:25:30Z</time>
			</trkpt>
			<trkpt lat="48.031402" lon="16.066338">
				<ele>445.53</ele>
				<time>2025-09-21T07:25:34Z</time>
			</trkpt>
			<trkpt lat="48.031358" lon="16.066263">
				<ele>446.11</ele>
				<time>2025-09-21T07:25:38Z</time>
			</trkpt>
			<trkpt lat="48.031307" lon="16.066181">
				<ele>446.71</ele>
				<time>2025-09-21T07:25:43Z</time>
			</trkpt>
			<trkpt lat="48.031269" lon="16.066098">
				<ele>447.36</ele>
				<time>2025-09-21T07:25:47Z</time>
			</trkpt>
			<trkpt lat="48.031228" lon="16.066025">
				<ele>448.08</ele>
				<time>2025-09-21T07:25:52Z</time>
			</trkpt>
			<trkpt lat="48.031188" lon="16.065952">
				<ele>448.82</ele>
				<time>2025-09-21T07:25:56Z</time>
			</trkpt>
			<trkpt lat="48.031136" lon="16.065883">
				<ele>449.61</ele>
				<time>2025-09-21T07:26:01Z</time>
			</trkpt>
			<trkpt lat="48.0311" lon="16.065821">
				<ele>450.46</ele>
				<time>2025-09-21T07:26:05Z</time>
			</trkpt>
			<trkpt lat="48.031068" lon="16.065754">
				<ele>451.32</ele>
				<time>2025-09-21T07:26:10Z</time>
			</trkpt>
			<trkpt lat="48.031024" lon="16.065693">
				<ele>452.17</ele>
				<time>2025-09-21T07:26:15Z</time>
			</trkpt>
			<trkpt lat="48.03098" lon="16.065628">
				<ele>453.01</ele>
				<time>2025-09-21T07:26:20Z</time>
			</trkpt>
			<trkpt lat="48.030932" lon="16.065559">
				<ele>453.84</ele>
				<time>2025-09-21T07:26:24Z</time>
			</trkpt>
			<trkpt lat="48.030891" lon="16.065504">
				<ele>454.64</ele>
				<time>2025-09-21T07:26:28Z</time>
			</trkpt>
			<trkpt lat="48.030844" lon="16.065439">
				<ele>455.37</ele>
				<time>2025-09-21T07:26:33Z</time>
			</trkpt>
			<trkpt lat="48.030799" lon="16.065376">
				<ele>456.04</ele>
				<time>2025-09-21T07:26:37Z</time>
			</trkpt>
			<trkpt lat="48.030752" lon="16.065306">
				<ele>456.67</ele>
				<time>2025-09-21T07:26:41Z</time>
			</trkpt>
			<trkpt lat="48.030714" lon="16.065242">
				<ele>457.27</ele>
				<time>2025-09-21T07:26:45Z</time>
			</trkpt>
			<trkpt lat="48.030674" lon="16.065143">
				<ele>457.85</ele>
				<time>2025-09-21T07:26:49Z</time>
			</trkpt>
			<trkpt lat="48.030643" lon="16.065057">
				<ele>458.41</ele>
				<time>2025-09-21T07:26:52Z</time>
			</trkpt>
			<trkpt lat="48.030602" lon="16.064974">
				<ele>458.95</ele>
				<time>2025-09-21T07:26:56Z</time>
			</trkpt>
			<trkpt lat="48.030555" lon="16.064905">
				<ele>459.44</ele>
				<time>2025-09-21T07:26:59Z</time>
			</trkpt>
			<trkpt lat="48.030508" lon="16.064856">
				<ele>459.9</ele>
				<time>2025-09-21T07:27:02Z</time>
			</trkpt>
			<trkpt lat="48.030453" lon="16.064805">
				<ele>460.35</ele>
				<time>2025-09-21T07:27:07Z</time>
			</trkpt>
			<trkpt lat="48.030407" lon="16.064762">
				<ele>460.83</ele>
				<time>2025-09-21T07:27:11Z</time>
			</trkpt>
			<trkpt lat="48.030352" lon="16.064692">
				<ele>461.31</ele>
				<time>2025-09-21T07:27:15Z</time>
			</trkpt>
			<trkpt lat="48.030302" lon="16.064629">
				<ele>461.81</ele>
				<time>2025-09-21T07:27:19Z</time>
			</trkpt>
			<trkpt lat="48.03026" lon="16.064577">
				<ele>462.32</ele>
				<time>2025-09-21T07:27:23Z</time>
			</trkpt>
			<trkpt lat="48.030211" lon="16.064539">
				<ele>462.85</ele>
				<time>2025-09-21T07:27:26Z</time>
			</trkpt>
			<trkpt lat="48.030159" lon="16.064502">
				<ele>463.37</ele>
				<time>2025-09-21T07:27:29Z</time>
			</trkpt>
			<trkpt lat="48.030101" lon="16.064461">
				<ele>463.88</ele>
				<time>2025-09-21T07:27:34Z</time>
			</trkpt>
			<trkpt lat="48.030047" lon="16.064422">
				<ele>464.36</ele>
				<time>2025-09-21T07:27:38Z</time>
			</trkpt>
			<trkpt lat="48.030024" lon="16.064342">
				<ele>464.83</ele>
				<time>2025-09-21T07:27:41Z</time>
			</trkpt>
			<trkpt lat="48.030006" lon="16.06425">
				<ele>465.3</ele>
				<time>2025-09-21T07:27:44Z</time>
			</trkpt>
			<trkpt lat="48.029972" lon="16.064156">
				<ele>465.8</ele>
				<time>2025-09-21T07:27:48Z</time>
			</trkpt>
			<trkpt lat="48.02993" lon="16.064097">
				<ele>466.3</ele>
				<time>2025-09-21T07:27:51Z</time>
			</trkpt>
			<trkpt lat="48.029893" lon="16.064036">
				<ele>466.83</ele>
				<time>2025-09-21T07:27:54Z</time>
			</trkpt>
			<trkpt lat="48.029861" lon="16.063965">
				<ele>467.33</ele>
				<time>2025-09-21T07:27:57Z</time>
			</trkpt>
			<trkpt lat="48.02983" lon="16.063876">
				<ele>467.87</ele>
				<time>2025-09-21T07:28:01Z</time>
			</trkpt>
			<trkpt lat="48.029805" lon="16.063801">
				<ele>468.44</ele>
				<time>2025-09-21T07:28:05Z</time>
			</trkpt>
			<trkpt lat="48.029761" lon="16.063755">
				<ele>469.07</ele>
				<time>2025-09-21T07:28:09Z</time>
			</trkpt>
			<trkpt lat="48.029707" lon="16.06373">
				<ele>469.74</ele>
				<time>2025-09-21T07:28:12Z</time>
			</trkpt>
			<trkpt lat="48.029656" lon="16.06369">
				<ele>470.46</ele>
				<time>2025-09-21T07:28:16Z</time>
			</trkpt>
			<trkpt lat="48.029611" lon="16.063624">
				<ele>471.24</ele>
				<time>2025-09-21T07:28:20Z</time>
			</trkpt>
			<trkpt lat="48.02957" lon="16.06355">
				<ele>472.04</ele>
				<time>2025-09-21T07:28:24Z</time>
			</trkpt>
			<trkpt lat="48.029533" lon="16.063478">
				<ele>472.88</ele>
				<time>2025-09-21T07:28:29Z</time>
			</trkpt>
			<trkpt lat="48.029493" lon="16.0634">
				<ele>473.75</ele>
				<time>2025-09-21T07:28:34Z</time>
			</trkpt>
			<trkpt lat="48.029457" lon="16.063324">
				<ele>474.61</ele>
				<time>2025-09-21T07:28:39Z</time>
			</trkpt>
			<trkpt lat="48.029412" lon="16.063252">
				<ele>475.5</ele>
				<time>2025-09-21T07:28:44Z</time>
			</trkpt>
			<trkpt lat="48.02938" lon="16.063166">
				<ele>476.36</ele>
				<time>2025-09-21T07:28:49Z</time>
			</trkpt>
			<trkpt lat="48.029349" lon="16.063079">
				<ele>477.23</ele>
				<time>2025-09-21T07:28:53Z</time>
			</trkpt>
			<trkpt lat="48.029315" lon="16.062998">
				<ele>478.11</ele>
				<time>2025-09-21T07:28:58Z</time>
			</trkpt>
			<trkpt lat="48.029284" lon="16.062923">
				<ele>478.99</ele>
				<time>2025-09-21T07:29:02Z</time>
			</trkpt>
			<trkpt lat="48.029254" lon="16.062839">
				<ele>479.87</ele>
				<time>2025-09-21T07:29:06Z</time>
			</trkpt>
			<trkpt lat="48.029225" lon="16.062736">
				<ele>480.74</ele>
				<time>2025-09-21T07:29:11Z</time>
			</trkpt>
			<trkpt lat="48.029213" lon="16.062649">
				<ele>481.58</ele>
				<time>2025-09-21T07:29:14Z</time>
			</trkpt>
			<trkpt lat="48.02921" lon="16.062561">
				<ele>482.4</ele>
				<time>2025-09-21T07:29:18Z</time>
			</trkpt>
			<trkpt lat="48.029211" lon="16.062464">
				<ele>483.21</ele>
				<time>2025-09-21T07:29:23Z</time>
			</trkpt>
			<trkpt lat="48.02921" lon="16.062358">
				<ele>483.99</ele>
				<time>2025-09-21T07:29:28Z</time>
			</trkpt>
			<trkpt lat="48.029203" lon="16.062268">
				<ele>484.79</ele>
				<time>2025-09-21T07:29:32Z</time>
			</trkpt>
			<trkpt lat="48.029182" lon="16.062176">
				<ele>485.6</ele>
				<time>2025-09-21T07:29:37Z</time>
			</trkpt>
			<trkpt lat="48.029145" lon="16.062089">
				<ele>486.39</ele>
				<time>2025-09-21T07:29:41Z</time>
			</trkpt>
			<trkpt lat="48.029099" lon="16.062008">
				<ele>487.19</ele>
				<time>2025-09-21T07:29:45Z</time>
			</trkpt>
			<trkpt lat="48.029067" lon="16.061928">
				<ele>487.98</ele>
				<time>2025-09-21T07:29:49Z</time>
			</trkpt>
			<trkpt lat="48.029039" lon="16.061854">
				<ele>488.75</ele>
				<time>2025-09-21T07:29:53Z</time>
			</trkpt>
			<trkpt lat="48.029006" lon="16.061761">
				<ele>489.45</ele>
				<time>2025-09-21T07:29:58Z</time>
			</trkpt>
			<trkpt lat="48.028971" lon="16.061679">
				<ele>490.12</ele>
				<time>2025-09-21T07:30:02Z</time>
			</trkpt>
			<trkpt lat="48.028935" lon="16.061617">
				<ele>490.76</ele>
				<time>2025-09-21T07:30:06Z</time>
			</trkpt>
			<trkpt lat="48.028895" lon="16.061556">
				<ele>491.37</ele>
				<time>2025-09-21T07:30:09Z</time>
			</trkpt>
			<trkpt lat="48.028849" lon="16.061485">
				<ele>491.96</ele>
				<time>2025-09-21T07:30:13Z</time>
			</trkpt>
			<trkpt lat="48.028802" lon="16.06142">
				<ele>492.54</ele>
				<time>2025-09-21T07:30:17Z</time>
			</trkpt>
			<trkpt lat="48.028757" lon="16.061364">
				<ele>493.09</ele>
				<time>2025-09-21T07:30:20Z</time>
			</trkpt>
			<trkpt lat="48.028708" lon="16.061287">
				<ele>493.6</ele>
				<time>2025-09-21T07:30:24Z</time>
			</trkpt>
			<trkpt lat="48.028661" lon="16.061224">
				<ele>494.06</ele>
				<time>2025-09-21T07:30:28Z</time>
			</trkpt>
			<trkpt lat="48.028614" lon="16.061162">
				<ele>494.49</ele>
				<time>2025-09-21T07:30:32Z</time>
			</trkpt>
			<trkpt lat="48.028561" lon="16.061088">
				<ele>494.87</ele>
				<time>2025-09-21T07:30:36Z</time>
			</trkpt>
			<trkpt lat="48.028518" lon="16.061025">
				<ele>495.2</ele>
				<time>2025-09-21T07:30:39Z</time>
			</trkpt>
			<trkpt lat="48.028479" lon="16.06096">
				<ele>495.46</ele>
				<time>2025-09-21T07:30:42Z</time>
			</trkpt>
			<trkpt lat="48.028441" lon="16.060888">
				<ele>495.68</ele>
				<time>2025-09-21T07:30:45Z</time>
			</trkpt>
			<trkpt lat="48.028408" lon="16.060818">
				<ele>495.84</ele>
				<time>2025-09-21T07:30:48Z</time>
			</trkpt>
			<trkpt lat="48.028374" lon="16.060734">
				<ele>495.93</ele>
				<time>2025-09-21T07:30:51Z</time>
			</trkpt>
			<trkpt lat="48.028345" lon="16.060657">
				<ele>495.96</ele>
				<time>2025-09-21T07:30:54Z</time>
			</trkpt>
			<trkpt lat="48.028319" lon="16.060581">
				<ele>495.92</ele>
				<time>2025-09-21T07:30:57Z</time>
			</trkpt>
			<trkpt lat="48.028282" lon="16.060495">
				<ele>495.83</ele>
				<time>2025-09-21T07:31:00Z</time>
			</trkpt>
			<trkpt lat="48.028266" lon="16.060417">
				<ele>495.67</ele>
				<time>2025-09-21T07:31:03Z</time>
			</trkpt>
			<trkpt lat="48.028235" lon="16.060325">
				<ele>495.45</ele>
				<time>2025-09-21T07:31:07Z</time>
			</trkpt>
			<trkpt lat="48.028209" lon="16.060239">
				<ele>495.17</ele>
				<time>2025-09-21T07:31:10Z</time>
			</trkpt>
			<trkpt lat="48.028174" lon="16.060165">
				<ele>494.84</ele>
				<time>2025-09-21T07:31:13Z</time>
			</trkpt>
			<trkpt lat="48.028142" lon="16.060079">
				<ele>494.48</ele>
				<time>2025-09-21T07:31:16Z</time>
			</trkpt>
			<trkpt lat="48.028107" lon="16.059995">
				<ele>494.08</ele>
				<time>2025-09-21T07:31:19Z</time>
			</trkpt>
			<trkpt lat="48.028068" lon="16.059916">
				<ele>493.65</ele>
				<time>2025-09-21T07:31:22Z</time>
			</trkpt>
			<trkpt lat="48.028033" lon="16.059839">
				<ele>493.2</ele>
				<time>2025-09-21T07:31:25Z</time>
			</trkpt>
			<trkpt lat="48.027991" lon="16.059769">
				<ele>492.72</ele>
				<time>2025-09-21T07:31:28Z</time>
			</trkpt>
			<trkpt lat="48.027942" lon="16.059679">
				<ele>492.21</ele>
				<time>2025-09-21T07:31:32Z</time>
			</trkpt>
			<trkpt lat="48.0279" lon="16.05962">
				<ele>491.65</ele>
				<time>2025-09-21T07:31:35Z</time>
			</trkpt>
			<trkpt lat="48.027859" lon="16.059566">
				<ele>491.04</ele>
				<time>2025-09-21T07:31:38Z</time>
			</trkpt>
			<trkpt lat="48.027816" lon="16.059512">
				<ele>490.42</ele>
				<time>2025-09-21T07:31:41Z</time>
			</trkpt>
			<trkpt lat="48.027773" lon="16.05946">
				<ele>489.78</ele>
				<time>2025-09-21T07:31:44Z</time>
			</trkpt>
			<trkpt lat="48.027722" lon="16.059401">
				<ele>489.13</ele>
				<time>2025-09-21T07:31:48Z</time>
			</trkpt>
			<trkpt lat="48.027668" lon="16.05934">
				<ele>488.5</ele>
				<time>2025-09-21T07:31:52Z</time>
			</trkpt>
			<trkpt lat="48.027611" lon="16.059279">
				<ele>487.95</ele>
				<time>2025-09-21T07:31:56Z</time>
			</trkpt>
			<trkpt lat="48.027553" lon="16.059221">
				<ele>487.44</ele>
				<time>2025-09-21T07:32:00Z</time>
			</trkpt>
			<trkpt lat="48.027503" lon="16.059169">
				<ele>487.02</ele>
				<time>2025-09-21T07:32:03Z</time>
			</trkpt>
			<trkpt lat="48.027445" lon="16.059115">
				<ele>486.67</ele>
				<time>2025-09-21T07:32:06Z</time>
			</trkpt>
			<trkpt lat="48.027384" lon="16.05906">
				<ele>486.41</ele>
				<time>2025-09-21T07:32:09Z</time>
			</trkpt>
			<trkpt lat="48.027326" lon="16.059019">
				<ele>486.23</ele>
				<time>2025-09-21T07:32:13Z</time>
			</trkpt>
			<trkpt lat="48.027275" lon="16.058985">
				<ele>486.17</ele>
				<time>2025-09-21T07:32:16Z</time>
			</trkpt>
			<trkpt lat="48.027229" lon="16.058937">
				<ele>486.22</ele>
				<time>2025-09-21T07:32:19Z</time>
			</trkpt>
			<trkpt lat="48.027165" lon="16.058909">
				<ele>486.39</ele>
				<time>2025-09-21T07:32:23Z</time>
			</trkpt>
			<trkpt lat="48.027096" lon="16.058868">
				<ele>486.63</ele>
				<time>2025-09-21T07:32:27Z</time>
			</trkpt>
			<trkpt lat="48.027035" lon="16.058837">
				<ele>486.99</ele>
				<time>2025-09-21T07:32:31Z</time>
			</trkpt>
			<trkpt lat="48.026972" lon="16.05881">
				<ele>487.43</ele>
				<time>2025-09-21T07:32:35Z</time>
			</trkpt>
			<trkpt lat="48.026905" lon="16.058783">
				<ele>487.94</ele>
				<time>2025-09-21T07:32:39Z</time>
			</trkpt>
			<trkpt lat="48.026847" lon="16.058762">
				<ele>488.47</ele>
				<time>2025-09-21T07:32:43Z</time>
			</trkpt>
			<trkpt lat="48.026789" lon="16.058744">
				<ele>489.05</ele>
				<time>2025-09-21T07:32:47Z</time>
			</trkpt>
			<trkpt lat="48.026738" lon="16.058714">
				<ele>489.63</ele>
				<time>2025-09-21T07:32:51Z</time>
			</trkpt>
			<trkpt lat="48.026682" lon="16.058695">
				<ele>490.21</ele>
				<time>2025-09-21T07:32:55Z</time>
			</trkpt>
			<trkpt lat="48.026625" lon="16.058676">
				<ele>490.84</ele>
				<time>2025-09-21T07:32:59Z</time>
			</trkpt>
			<trkpt lat="48.026564" lon="16.058654">
				<ele>491.48</ele>
				<time>2025-09-21T07:33:03Z</time>
			</trkpt>
			<trkpt lat="48.026495" lon="16.05863">
				<ele>492.22</ele>
				<time>2025-09-21T07:33:07Z</time>
			</trkpt>
			<trkpt lat="48.026434" lon="16.058608">
				<ele>493.04</ele>
				<time>2025-09-21T07:33:12Z</time>
			</trkpt>
			<trkpt lat="48.026379" lon="16.058591">
				<ele>494.0</ele>
				<time>2025-09-21T07:33:15Z</time>
			</trkpt>
			<trkpt lat="48.026322" lon="16.058573">
				<ele>495.04</ele>
				<time>2025-09-21T07:33:19Z</time>
			</trkpt>
			<trkpt lat="48.026274" lon="16.058491">
				<ele>496.16</ele>
				<time>2025-09-21T07:33:27Z</time>
			</trkpt>
			<trkpt lat="48.026221" lon="16.058544">
				<ele>497.32</ele>
				<time>2025-09-21T07:33:34Z</time>
			</trkpt>
			<trkpt lat="48.026163" lon="16.058566">
				<ele>498.56</ele>
				<time>2025-09-21T07:33:43Z</time>
			</trkpt>
			<trkpt lat="48.02611" lon="16.058576">
				<ele>499.87</ele>
				<time>2025-09-21T07:33:50Z</time>
			</trkpt>
			<trkpt lat="48.02605" lon="16.058598">
				<ele>501.29</ele>
				<time>2025-09-21T07:33:59Z</time>
			</trkpt>
			<trkpt lat="48.025999" lon="16.058625">
				<ele>502.82</ele>
				<time>2025-09-21T07:34:05Z</time>
			</trkpt>
			<trkpt lat="48.025945" lon="16.058655">
				<ele>504.4</ele>
				<time>2025-09-21T07:34:13Z</time>
			</trkpt>
			<trkpt lat="48.025887" lon="16.058688">
				<ele>506.03</ele>
				<time>2025-09-21T07:34:18Z</time>
			</trkpt>
			<trkpt lat="48.025831" lon="16.058714">
				<ele>507.71</ele>
				<time>2025-09-21T07:34:25Z</time>
			</trkpt>
			<trkpt lat="48.025771" lon="16.058727">
				<ele>509.32</ele>
				<time>2025-09-21T07:34:33Z</time>
			</trkpt>
			<trkpt lat="48.025711" lon="16.058694">
				<ele>510.88</ele>
				<time>2025-09-21T07:34:44Z</time>
			</trkpt>
			<trkpt lat="48.025674" lon="16.058621">
				<ele>512.32</ele>
				<time>2025-09-21T07:34:53Z</time>
			</trkpt>
			<trkpt lat="48.025659" lon="16.058517">
				<ele>513.74</ele>
				<time>2025-09-21T07:34:58Z</time>
			</trkpt>
			<trkpt lat="48.025639" lon="16.058393">
				<ele>515.09</ele>
				<time>2025-09-21T07:35:06Z</time>
			</trkpt>
			<trkpt lat="48.025622" lon="16.058308">
				<ele>516.43</ele>
				<time>2025-09-21T07:35:12Z</time>
			</trkpt>
			<trkpt lat="48.025602" lon="16.05823">
				<ele>517.7</ele>
				<time>2025-09-21T07:35:19Z</time>
			</trkpt>
			<trkpt lat="48.025577" lon="16.058144">
				<ele>518.94</ele>
				<time>2025-09-21T07:35:24Z</time>
			</trkpt>
			<trkpt lat="48.025549" lon="16.058052">
				<ele>520.08</ele>
				<time>2025-09-21T07:35:29Z</time>
			</trkpt>
			<trkpt lat="48.025525" lon="16.057973">
				<ele>521.12</ele>
				<time>2025-09-21T07:35:35Z</time>
			</trkpt>
			<trkpt lat="48.025499" lon="16.057898">
				<ele>522.11</ele>
				<time>2025-09-21T07:35:40Z</time>
			</trkpt>
			<trkpt lat="48.025476" lon="16.05782">
				<ele>523.01</ele>
				<time>2025-09-21T07:35:44Z</time>
			</trkpt>
			<trkpt lat="48.025443" lon="16.057739">
				<ele>523.86</ele>
				<time>2025-09-21T07:35:48Z</time>
			</trkpt>
			<trkpt lat="48.025414" lon="16.057646">
				<ele>524.66</ele>
				<time>2025-09-21T07:35:53Z</time>
			</trkpt>
			<trkpt lat="48.025377" lon="16.057575">
				<ele>525.44</ele>
				<time>2025-09-21T07:35:58Z</time>
			</trkpt>
			<trkpt lat="48.02535" lon="16.057505">
				<ele>526.22</ele>
				<time>2025-09-21T07:36:01Z</time>
			</trkpt>
			<trkpt lat="48.025323" lon="16.057434">
				<ele>527.0</ele>
				<time>2025-09-21T07:36:05Z</time>
			</trkpt>
			<trkpt lat="48.025295" lon="16.057363">
				<ele>527.76</ele>
				<time>2025-09-21T07:36:08Z</time>
			</trkpt>
			<trkpt lat="48.025265" lon="16.057291">
				<ele>528.61</ele>
				<time>2025-09-21T07:36:11Z</time>
			</trkpt>
			<trkpt lat="48.025235" lon="16.057221">
				<ele>529.48</ele>
				<time>2025-09-21T07:36:14Z</time>
			</trkpt>
			<trkpt lat="48.0252" lon="16.057142">
				<ele>530.32</ele>
				<time>2025-09-21T07:36:18Z</time>
			</trkpt>
			<trkpt lat="48.025166" lon="16.057067">
				<ele>531.15</ele>
				<time>2025-09-21T07:36:22Z</time>
			</trkpt>
			<trkpt lat="48.025133" lon="16.056999">
				<ele>532.03</ele>
				<time>2025-09-21T07:36:26Z</time>
			</trkpt>
			<trkpt lat="48.025092" lon="16.05692">
				<ele>532.95</ele>
				<time>2025-09-21T07:36:31Z</time>
			</trkpt>
			<trkpt lat="48.02505" lon="16.056817">
				<ele>533.94</ele>
				<time>2025-09-21T07:36:39Z</time>
			</trkpt>
			<trkpt lat="48.025009" lon="16.056744">
				<ele>535.0</ele>
				<time>2025-09-21T07:36:45Z</time>
			</trkpt>
			<trkpt lat="48.024975" lon="16.056682">
				<ele>536.13</ele>
				<time>2025-09-21T07:36:48Z</time>
			</trkpt>
			<trkpt lat="48.024937" lon="16.056612">
				<ele>537.29</ele>
				<time>2025-09-21T07:36:54Z</time>
			</trkpt>
			<trkpt lat="48.024891" lon="16.056529">
				<ele>538.52</ele>
				<time>2025-09-21T07:37:01Z</time>
			</trkpt>
			<trkpt lat="48.02486" lon="16.05645">
				<ele>539.76</ele>
				<time>2025-09-21T07:37:07Z</time>
			</trkpt>
			<trkpt lat="48.024813" lon="16.0564">
				<ele>541.0</ele>
				<time>2025-09-21T07:37:14Z</time>
			</trkpt>
			<trkpt lat="48.024759" lon="16.05634">
				<ele>542.23</ele>
				<time>2025-09-21T07:37:21Z</time>
			</trkpt>
			<trkpt lat="48.024708" lon="16.056283">
				<ele>543.45</ele>
				<time>2025-09-21T07:37:26Z</time>
			</trkpt>
			<trkpt lat="48.02468" lon="16.056213">
				<ele>544.76</ele>
				<time>2025-09-21T07:37:31Z</time>
			</trkpt>
			<trkpt lat="48.024625" lon="16.056189">
				<ele>546.12</ele>
				<time>2025-09-21T07:37:38Z</time>
			</trkpt>
			<trkpt lat="48.024577" lon="16.056132">
				<ele>547.5</ele>
				<time>2025-09-21T07:37:44Z</time>
			</trkpt>
			<trkpt lat="48.02453" lon="16.056077">
				<ele>548.85</ele>
				<time>2025-09-21T07:37:48Z</time>
			</trkpt>
			<trkpt lat="48.024482" lon="16.05602">
				<ele>550.2</ele>
				<time>2025-09-21T07:37:54Z</time>
			</trkpt>
			<trkpt lat="48.024427" lon="16.055954">
				<ele>551.52</ele>
				<time>2025-09-21T07:38:02Z</time>
			</trkpt>
			<trkpt lat="48.024376" lon="16.055894">
				<ele>552.79</ele>
				<time>2025-09-21T07:38:10Z</time>
			</trkpt>
			<trkpt lat="48.024327" lon="16.055836">
				<ele>554.05</ele>
				<time>2025-09-21T07:38:18Z</time>
			</trkpt>
			<trkpt lat="48.024283" lon="16.055784">
				<ele>555.25</ele>
				<time>2025-09-21T07:38:24Z</time>
			</trkpt>
			<trkpt lat="48.024234" lon="16.055723">
				<ele>556.41</ele>
				<time>2025-09-21T07:38:29Z</time>
			</trkpt>
			<trkpt lat="48.024185" lon="16.055661">
				<ele>557.6</ele>
				<time>2025-09-21T07:38:35Z</time>
			</trkpt>
			<trkpt lat="48.024144" lon="16.055609">
				<ele>558.68</ele>
				<time>2025-09-21T07:38:41Z</time>
			</trkpt>
			<trkpt lat="48.024102" lon="16.055552">
				<ele>559.65</ele>
				<time>2025-09-21T07:38:45Z</time>
			</trkpt>
			<trkpt lat="48.024061" lon="16.055495">
				<ele>560.48</ele>
				<time>2025-09-21T07:38:51Z</time>
			</trkpt>
			<trkpt lat="48.024019" lon="16.055429">
				<ele>561.16</ele>
				<time>2025-09-21T07:38:57Z</time>
			</trkpt>
			<trkpt lat="48.023983" lon="16.055368">
				<ele>561.71</ele>
				<time>2025-09-21T07:39:01Z</time>
			</trkpt>
			<trkpt lat="48.023942" lon="16.055302">
				<ele>562.16</ele>
				<time>2025-09-21T07:39:09Z</time>
			</trkpt>
			<trkpt lat="48.023905" lon="16.055206">
				<ele>562.49</ele>
				<time>2025-09-21T07:39:13Z</time>
			</trkpt>
			<trkpt lat="48.023883" lon="16.055122">
				<ele>562.72</ele>
				<time>2025-09-21T07:39:15Z</time>
			</trkpt>
			<trkpt lat="48.02387" lon="16.055024">
				<ele>562.88</ele>
				<time>2025-09-21T07:39:18Z</time>
			</trkpt>
			<trkpt lat="48.02387" lon="16.054916">
				<ele>562.96</ele>
				<time>2025-09-21T07:39:21Z</time>
			</trkpt>
			<trkpt lat="48.023879" lon="16.054811">
				<ele>562.96</ele>
				<time>2025-09-21T07:39:24Z</time>
			</trkpt>
			<trkpt lat="48.023891" lon="16.05472">
				<ele>562.91</ele>
				<time>2025-09-21T07:39:27Z</time>
			</trkpt>
			<trkpt lat="48.023904" lon="16.054628">
				<ele>562.75</ele>
				<time>2025-09-21T07:39:30Z</time>
			</trkpt>
			<trkpt lat="48.023907" lon="16.054531">
				<ele>562.61</ele>
				<time>2025-09-21T07:39:34Z</time>
			</trkpt>
			<trkpt lat="48.023909" lon="16.054426">
				<ele>562.51</ele>
				<time>2025-09-21T07:39:37Z</time>
			</trkpt>
			<trkpt lat="48.023905" lon="16.054338">
				<ele>562.47</ele>
				<time>2025-09-21T07:39:40Z</time>
			</trkpt>
			<trkpt lat="48.023898" lon="16.054232">
				<ele>562.53</ele>
				<time>2025-09-21T07:39:43Z</time>
			</trkpt>
			<trkpt lat="48.023895" lon="16.054146">
				<ele>562.68</ele>
				<time>2025-09-21T07:39:47Z</time>
			</trkpt>
			<trkpt lat="48.023881" lon="16.05404">
				<ele>562.91</ele>
				<time>2025-09-21T07:39:51Z</time>
			</trkpt>
			<trkpt lat="48.023877" lon="16.053953">
				<ele>563.23</ele>
				<time>2025-09-21T07:39:54Z</time>
			</trkpt>
			<trkpt lat="48.023832" lon="16.053875">
				<ele>563.64</ele>
				<time>2025-09-21T07:39:58Z</time>
			</trkpt>
			<trkpt lat="48.023784" lon="16.053794">
				<ele>564.12</ele>
				<time>2025-09-21T07:40:02Z</time>
			</trkpt>
			<trkpt lat="48.023743" lon="16.053727">
				<ele>564.68</ele>
				<time>2025-09-21T07:40:06Z</time>
			</trkpt>
			<trkpt lat="48.023692" lon="16.053655">
				<ele>565.31</ele>
				<time>2025-09-21T07:40:10Z</time>
			</trkpt>
			<trkpt lat="48.02364" lon="16.053602">
				<ele>566.0</ele>
				<time>2025-09-21T07:40:14Z</time>
			</trkpt>
			<trkpt lat="48.023576" lon="16.053555">
				<ele>566.75</ele>
				<time>2025-09-21T07:40:19Z</time>
			</trkpt>
			<trkpt lat="48.023519" lon="16.053502">
				<ele>567.55</ele>
				<time>2025-09-21T07:40:24Z</time>
			</trkpt>
			<trkpt lat="48.023454" lon="16.053474">
				<ele>568.39</ele>
				<time>2025-09-21T07:40:28Z</time>
			</trkpt>
			<trkpt lat="48.023405" lon="16.053432">
				<ele>569.21</ele>
				<time>2025-09-21T07:40:32Z</time>
			</trkpt>
			<trkpt lat="48.023352" lon="16.053398">
				<ele>570.05</ele>
				<time>2025-09-21T07:40:36Z</time>
			</trkpt>
			<trkpt lat="48.023298" lon="16.053363">
				<ele>570.84</ele>
				<time>2025-09-21T07:40:40Z</time>
			</trkpt>
			<trkpt lat="48.02323" lon="16.053341">
				<ele>571.67</ele>
				<time>2025-09-21T07:40:45Z</time>
			</trkpt>
			<trkpt lat="48.02317" lon="16.053347">
				<ele>572.46</ele>
				<time>2025-09-21T07:40:49Z</time>
			</trkpt>
			<trkpt lat="48.02311" lon="16.053333">
				<ele>573.23</ele>
				<time>2025-09-21T07:40:53Z</time>
			</trkpt>
			<trkpt lat="48.023055" lon="16.05335">
				<ele>574.0</ele>
				<time>2025-09-21T07:40:57Z</time>
			</trkpt>
			<trkpt lat="48.022985" lon="16.053362">
				<ele>574.78</ele>
				<time>2025-09-21T07:41:01Z</time>
			</trkpt>
			<trkpt lat="48.022919" lon="16.053363">
				<ele>575.54</ele>
				<time>2025-09-21T07:41:05Z</time>
			</trkpt>
			<trkpt lat="48.02285" lon="16.053358">
				<ele>576.3</ele>
				<time>2025-09-21T07:41:09Z</time>
			</trkpt>
			<trkpt lat="48.022783" lon="16.05334">
				<ele>577.06</ele>
				<time>2025-09-21T07:41:13Z</time>
			</trkpt>
			<trkpt lat="48.022731" lon="16.053271">
				<ele>577.81</ele>
				<time>2025-09-21T07:41:17Z</time>
			</trkpt>
			<trkpt lat="48.022685" lon="16.053212">
				<ele>578.52</ele>
				<time>2025-09-21T07:41:21Z</time>
			</trkpt>
			<trkpt lat="48.022632" lon="16.053162">
				<ele>579.24</ele>
				<time>2025-09-21T07:41:25Z</time>
			</trkpt>
			<trkpt lat="48.022576" lon="16.053118">
				<ele>579.89</ele>
				<time>2025-09-21T07:41:29Z</time>
			</trkpt>
			<trkpt lat="48.02252" lon="16.053073">
				<ele>580.52</ele>
				<time>2025-09-21T07:41:33Z</time>
			</trkpt>
			<trkpt lat="48.022466" lon="16.053014">
				<ele>581.09</ele>
				<time>2025-09-21T07:41:37Z</time>
			</trkpt>
			<trkpt lat="48.022414" lon="16.052985">
				<ele>581.6</ele>
				<time>2025-09-21T07:41:40Z</time>
			</trkpt>
			<trkpt lat="48.022358" lon="16.052921">
				<ele>582.05</ele>
				<time>2025-09-21T07:41:44Z</time>
			</trkpt>
			<trkpt lat="48.022313" lon="16.052871">
				<ele>582.39</ele>
				<time>2025-09-21T07:41:47Z</time>
			</trkpt>
			<trkpt lat="48.022265" lon="16.052828">
				<ele>582.63</ele>
				<time>2025-09-21T07:41:50Z</time>
			</trkpt>
			<trkpt lat="48.022211" lon="16.052779">
				<ele>582.79</ele>
				<time>2025-09-21T07:41:53Z</time>
			</trkpt>
			<trkpt lat="48.022153" lon="16.052722">
				<ele>582.85</ele>
				<time>2025-09-21T07:41:57Z</time>
			</trkpt>
			<trkpt lat="48.022097" lon="16.052683">
				<ele>582.81</ele>
				<time>2025-09-21T07:42:01Z</time>
			</trkpt>
			<trkpt lat="48.022041" lon="16.052614">
				<ele>582.7</ele>
				<time>2025-09-21T07:42:05Z</time>
			</trkpt>
			<trkpt lat="48.021989" lon="16.05255">
				<ele>582.56</ele>
				<time>2025-09-21T07:42:08Z</time>
			</trkpt>
			<trkpt lat="48.021941" lon="16.052479">
				<ele>582.39</ele>
				<time>2025-09-21T07:42:11Z</time>
			</trkpt>
			<trkpt lat="48.021882" lon="16.052413">
				<ele>582.19</ele>
				<time>2025-09-21T07:42:14Z</time>
			</trkpt>
			<trkpt lat="48.02181" lon="16.052352">
				<ele>581.97</ele>
				<time>2025-09-21T07:42:17Z</time>
			</trkpt>
			<trkpt lat="48.02176" lon="16.052288">
				<ele>581.75</ele>
				<time>2025-09-21T07:42:21Z</time>
			</trkpt>
			<trkpt lat="48.021703" lon="16.052228">
				<ele>581.58</ele>
				<time>2025-09-21T07:42:25Z</time>
			</trkpt>
			<trkpt lat="48.021661" lon="16.052174">
				<ele>581.45</ele>
				<time>2025-09-21T07:42:29Z</time>
			</trkpt>
			<trkpt lat="48.021715" lon="16.052226">
				<ele>581.38</ele>
				<time>2025-09-21T07:43:16Z</time>
			</trkpt>
			<trkpt lat="48.021765" lon="16.05227">
				<ele>581.43</ele>
				<time>2025-09-21T07:43:20Z</time>
			</trkpt>
			<trkpt lat="48.021817" lon="16.052305">
				<ele>581.52</ele>
				<time>2025-09-21T07:43:25Z</time>
			</trkpt>
			<trkpt lat="48.021861" lon="16.052382">
				<ele>581.62</ele>
				<time>2025-09-21T07:43:31Z</time>
			</trkpt>
			<trkpt lat="48.02192" lon="16.052438">
				<ele>581.73</ele>
				<time>2025-09-21T07:43:35Z</time>
			</trkpt>
			<trkpt lat="48.021966" lon="16.052499">
				<ele>581.85</ele>
				<time>2025-09-21T07:43:38Z</time>
			</trkpt>
			<trkpt lat="48.022018" lon="16.052564">
				<ele>581.95</ele>
				<time>2025-09-21T07:43:41Z</time>
			</trkpt>
			<trkpt lat="48.022068" lon="16.052616">
				<ele>582.06</ele>
				<time>2025-09-21T07:44:06Z</time>
			</trkpt>
			<trkpt lat="48.022082" lon="16.052536">
				<ele>582.19</ele>
				<time>2025-09-21T07:45:25Z</time>
			</trkpt>
			<trkpt lat="48.022064" lon="16.052457">
				<ele>582.31</ele>
				<time>2025-09-21T07:45:29Z</time>
			</trkpt>
			<trkpt lat="48.02207" lon="16.052371">
				<ele>582.44</ele>
				<time>2025-09-21T07:45:32Z</time>
			</trkpt>
			<trkpt lat="48.022063" lon="16.05228">
				<ele>582.54</ele>
				<time>2025-09-21T07:45:35Z</time>
			</trkpt>
			<trkpt lat="48.022067" lon="16.052192">
				<ele>582.63</ele>
				<time>2025-09-21T07:45:37Z</time>
			</trkpt>
			<trkpt lat="48.022078" lon="16.05211">
				<ele>582.73</ele>
				<time>2025-09-21T07:45:40Z</time>
			</trkpt>
			<trkpt lat="48.022078" lon="16.052011">
				<ele>582.76</ele>
				<time>2025-09-21T07:45:43Z</time>
			</trkpt>
			<trkpt lat="48.02209" lon="16.051908">
				<ele>582.84</ele>
				<time>2025-09-21T07:45:46Z</time>
			</trkpt>
			<trkpt lat="48.022104" lon="16.051802">
				<ele>582.95</ele>
				<time>2025-09-21T07:45:49Z</time>
			</trkpt>
			<trkpt lat="48.02212" lon="16.051692">
				<ele>583.12</ele>
				<time>2025-09-21T07:45:52Z</time>
			</trkpt>
			<trkpt lat="48.022133" lon="16.051598">
				<ele>583.36</ele>
				<time>2025-09-21T07:45:55Z</time>
			</trkpt>
			<trkpt lat="48.022153" lon="16.051513">
				<ele>583.64</ele>
				<time>2025-09-21T07:45:58Z</time>
			</trkpt>
			<trkpt lat="48.022164" lon="16.05143">
				<ele>583.96</ele>
				<time>2025-09-21T07:46:01Z</time>
			</trkpt>
			<trkpt lat="48.022175" lon="16.05135">
				<ele>584.31</ele>
				<time>2025-09-21T07:46:04Z</time>
			</trkpt>
			<trkpt lat="48.022185" lon="16.051265">
				<ele>584.68</ele>
				<time>2025-09-21T07:46:07Z</time>
			</trkpt>
			<trkpt lat="48.022194" lon="16.051164">
				<ele>585.08</ele>
				<time>2025-09-21T07:46:11Z</time>
			</trkpt>
			<trkpt lat="48.022203" lon="16.051063">
				<ele>585.5</ele>
				<time>2025-09-21T07:46:14Z</time>
			</trkpt>
			<trkpt lat="48.02221" lon="16.050965">
				<ele>585.93</ele>
				<time>2025-09-21T07:46:17Z</time>
			</trkpt>
			<trkpt lat="48.022216" lon="16.050874">
				<ele>586.34</ele>
				<time>2025-09-21T07:46:20Z</time>
			</trkpt>
			<trkpt lat="48.022221" lon="16.050783">
				<ele>586.71</ele>
				<time>2025-09-21T07:46:23Z</time>
			</trkpt>
			<trkpt lat="48.022227" lon="16.050683">
				<ele>587.04</ele>
				<time>2025-09-21T07:46:26Z</time>
			</trkpt>
			<trkpt lat="48.022233" lon="16.050573">
				<ele>587.27</ele>
				<time>2025-09-21T07:46:29Z</time>
			</trkpt>
			<trkpt lat="48.022238" lon="16.050475">
				<ele>587.41</ele>
				<time>2025-09-21T07:46:32Z</time>
			</trkpt>
			<trkpt lat="48.022242" lon="16.050381">
				<ele>587.44</ele>
				<time>2025-09-21T07:46:35Z</time>
			</trkpt>
			<trkpt lat="48.022246" lon="16.05029">
				<ele>587.35</ele>
				<time>2025-09-21T07:46:38Z</time>
			</trkpt>
			<trkpt lat="48.022251" lon="16.05019">
				<ele>587.13</ele>
				<time>2025-09-21T07:46:41Z</time>
			</trkpt>
			<trkpt lat="48.022255" lon="16.050103">
				<ele>586.82</ele>
				<time>2025-09-21T07:46:44Z</time>
			</trkpt>
			<trkpt lat="48.02226" lon="16.049986">
				<ele>586.38</ele>
				<time>2025-09-21T07:46:48Z</time>
			</trkpt>
			<trkpt lat="48.022265" lon="16.049895">
				<ele>585.8</ele>
				<time>2025-09-21T07:46:51Z</time>
			</trkpt>
			<trkpt lat="48.022268" lon="16.049812">
				<ele>585.12</ele>
				<time>2025-09-21T07:46:54Z</time>
			</trkpt>
			<trkpt lat="48.022274" lon="16.049709">
				<ele>584.3</ele>
				<time>2025-09-21T07:46:58Z</time>
			</trkpt>
			<trkpt lat="48.022265" lon="16.049623">
				<ele>583.39</ele>
				<time>2025-09-21T07:47:02Z</time>
			</trkpt>
			<trkpt lat="48.022254" lon="16.04952">
				<ele>582.36</ele>
				<time>2025-09-21T07:47:06Z</time>
			</trkpt>
			<trkpt lat="48.022255" lon="16.049435">
				<ele>581.24</ele>
				<time>2025-09-21T07:47:09Z</time>
			</trkpt>
			<trkpt lat="48.022257" lon="16.049338">
				<ele>580.09</ele>
				<time>2025-09-21T07:47:13Z</time>
			</trkpt>
			<trkpt lat="48.022259" lon="16.049257">
				<ele>578.91</ele>
				<time>2025-09-21T07:47:15Z</time>
			</trkpt>
			<trkpt lat="48.02226" lon="16.049175">
				<ele>577.7</ele>
				<time>2025-09-21T07:47:19Z</time>
			</trkpt>
			<trkpt lat="48.022262" lon="16.049081">
				<ele>576.45</ele>
				<time>2025-09-21T07:47:23Z</time>
			</trkpt>
			<trkpt lat="48.022264" lon="16.048984">
				<ele>575.21</ele>
				<time>2025-09-21T07:47:27Z</time>
			</trkpt>
			<trkpt lat="48.022265" lon="16.048889">
				<ele>573.97</ele>
				<time>2025-09-21T07:47:31Z</time>
			</trkpt>
			<trkpt lat="48.022267" lon="16.048808">
				<ele>572.72</ele>
				<time>2025-09-21T07:47:34Z</time>
			</trkpt>
			<trkpt lat="48.022269" lon="16.048721">
				<ele>571.5</ele>
				<time>2025-09-21T07:47:38Z</time>
			</trkpt>
			<trkpt lat="48.022271" lon="16.048636">
				<ele>570.27</ele>
				<time>2025-09-21T07:47:41Z</time>
			</trkpt>
			<trkpt lat="48.022272" lon="16.048523">
				<ele>569.09</ele>
				<time>2025-09-21T07:47:46Z</time>
			</trkpt>
			<trkpt lat="48.022274" lon="16.048437">
				<ele>567.93</ele>
				<time>2025-09-21T07:47:50Z</time>
			</trkpt>
			<trkpt lat="48.022275" lon="16.048351">
				<ele>566.8</ele>
				<time>2025-09-21T07:47:53Z</time>
			</trkpt>
			<trkpt lat="48.022278" lon="16.048251">
				<ele>565.72</ele>
				<time>2025-09-21T07:47:57Z</time>
			</trkpt>
			<trkpt lat="48.022275" lon="16.048166">
				<ele>564.68</ele>
				<time>2025-09-21T07:48:01Z</time>
			</trkpt>
			<trkpt lat="48.022281" lon="16.048068">
				<ele>563.66</ele>
				<time>2025-09-21T07:48:05Z</time>
			</trkpt>
			<trkpt lat="48.022283" lon="16.047979">
				<ele>562.64</ele>
				<time>2025-09-21T07:48:08Z</time>
			</trkpt>
			<trkpt lat="48.022284" lon="16.047886">
				<ele>561.7</ele>
				<time>2025-09-21T07:48:12Z</time>
			</trkpt>
			<trkpt lat="48.022277" lon="16.047792">
				<ele>560.77</ele>
				<time>2025-09-21T07:48:16Z</time>
			</trkpt>
			<trkpt lat="48.022289" lon="16.0477">
				<ele>559.86</ele>
				<time>2025-09-21T07:48:20Z</time>
			</trkpt>
			<trkpt lat="48.022292" lon="16.047608">
				<ele>558.98</ele>
				<time>2025-09-21T07:48:23Z</time>
			</trkpt>
			<trkpt lat="48.022296" lon="16.047498">
				<ele>558.12</ele>
				<time>2025-09-21T07:48:26Z</time>
			</trkpt>
			<trkpt lat="48.022299" lon="16.047382">
				<ele>557.29</ele>
				<time>2025-09-21T07:48:30Z</time>
			</trkpt>
			<trkpt lat="48.022302" lon="16.047284">
				<ele>556.44</ele>
				<time>2025-09-21T07:48:33Z</time>
			</trkpt>
			<trkpt lat="48.022306" lon="16.047173">
				<ele>555.62</ele>
				<time>2025-09-21T07:48:37Z</time>
			</trkpt>
			<trkpt lat="48.022309" lon="16.047084">
				<ele>554.78</ele>
				<time>2025-09-21T07:48:40Z</time>
			</trkpt>
			<trkpt lat="48.022311" lon="16.047002">
				<ele>553.9</ele>
				<time>2025-09-21T07:48:43Z</time>
			</trkpt>
			<trkpt lat="48.022314" lon="16.046918">
				<ele>553.02</ele>
				<time>2025-09-21T07:48:46Z</time>
			</trkpt>
			<trkpt lat="48.022317" lon="16.046835">
				<ele>552.08</ele>
				<time>2025-09-21T07:48:49Z</time>
			</trkpt>
			<trkpt lat="48.022319" lon="16.046745">
				<ele>551.12</ele>
				<time>2025-09-21T07:48:52Z</time>
			</trkpt>
			<trkpt lat="48.022323" lon="16.046652">
				<ele>550.13</ele>
				<time>2025-09-21T07:48:55Z</time>
			</trkpt>
			<trkpt lat="48.022317" lon="16.046564">
				<ele>549.06</ele>
				<time>2025-09-21T07:48:59Z</time>
			</trkpt>
			<trkpt lat="48.02232" lon="16.046469">
				<ele>547.92</ele>
				<time>2025-09-21T07:49:03Z</time>
			</trkpt>
			<trkpt lat="48.022322" lon="16.046386">
				<ele>546.7</ele>
				<time>2025-09-21T07:49:07Z</time>
			</trkpt>
			<trkpt lat="48.022324" lon="16.046301">
				<ele>545.46</ele>
				<time>2025-09-21T07:49:12Z</time>
			</trkpt>
			<trkpt lat="48.022327" lon="16.04619">
				<ele>544.14</ele>
				<time>2025-09-21T07:49:16Z</time>
			</trkpt>
			<trkpt lat="48.022329" lon="16.046107">
				<ele>542.76</ele>
				<time>2025-09-21T07:49:20Z</time>
			</trkpt>
			<trkpt lat="48.022332" lon="16.046022">
				<ele>541.35</ele>
				<time>2025-09-21T07:49:26Z</time>
			</trkpt>
			<trkpt lat="48.022334" lon="16.045921">
				<ele>539.96</ele>
				<time>2025-09-21T07:49:33Z</time>
			</trkpt>
			<trkpt lat="48.022337" lon="16.045834">
				<ele>538.59</ele>
				<time>2025-09-21T07:49:39Z</time>
			</trkpt>
			<trkpt lat="48.022339" lon="16.045749">
				<ele>537.22</ele>
				<time>2025-09-21T07:49:42Z</time>
			</trkpt>
			<trkpt lat="48.022342" lon="16.045661">
				<ele>535.83</ele>
				<time>2025-09-21T07:49:46Z</time>
			</trkpt>
			<trkpt lat="48.022344" lon="16.045576">
				<ele>534.45</ele>
				<time>2025-09-21T07:49:52Z</time>
			</trkpt>
			<trkpt lat="48.022347" lon="16.045495">
				<ele>533.1</ele>
				<time>2025-09-21T07:49:56Z</time>
			</trkpt>
			<trkpt lat="48.02235" lon="16.045411">
				<ele>531.81</ele>
				<time>2025-09-21T07:50:01Z</time>
			</trkpt>
			<trkpt lat="48.022361" lon="16.045308">
				<ele>530.57</ele>
				<time>2025-09-21T07:50:05Z</time>
			</trkpt>
			<trkpt lat="48.022363" lon="16.04522">
				<ele>529.35</ele>
				<time>2025-09-21T07:50:08Z</time>
			</trkpt>
			<trkpt lat="48.022369" lon="16.045078">
				<ele>528.12</ele>
				<time>2025-09-21T07:50:13Z</time>
			</trkpt>
			<trkpt lat="48.02238" lon="16.044985">
				<ele>526.93</ele>
				<time>2025-09-21T07:50:17Z</time>
			</trkpt>
			<trkpt lat="48.022382" lon="16.044904">
				<ele>525.78</ele>
				<time>2025-09-21T07:50:20Z</time>
			</trkpt>
			<trkpt lat="48.022396" lon="16.044815">
				<ele>524.68</ele>
				<time>2025-09-21T07:50:23Z</time>
			</trkpt>
			<trkpt lat="48.022418" lon="16.044726">
				<ele>523.59</ele>
				<time>2025-09-21T07:50:26Z</time>
			</trkpt>
			<trkpt lat="48.022431" lon="16.044618">
				<ele>522.51</ele>
				<time>2025-09-21T07:50:31Z</time>
			</trkpt>
			<trkpt lat="48.022433" lon="16.044524">
				<ele>521.46</ele>
				<time>2025-09-21T07:50:35Z</time>
			</trkpt>
			<trkpt lat="48.022445" lon="16.044414">
				<ele>520.45</ele>
				<time>2025-09-21T07:50:39Z</time>
			</trkpt>
			<trkpt lat="48.022456" lon="16.044324">
				<ele>519.48</ele>
				<time>2025-09-21T07:50:43Z</time>
			</trkpt>
			<trkpt lat="48.022467" lon="16.044228">
				<ele>518.49</ele>
				<time>2025-09-21T07:50:47Z</time>
			</trkpt>
			<trkpt lat="48.022479" lon="16.044129">
				<ele>517.49</ele>
				<time>2025-09-21T07:51:07Z</time>
			</trkpt>
			<trkpt lat="48.022493" lon="16.044033">
				<ele>516.5</ele>
				<time>2025-09-21T07:51:10Z</time>
			</trkpt>
			<trkpt lat="48.02251" lon="16.043946">
				<ele>515.56</ele>
				<time>2025-09-21T07:51:13Z</time>
			</trkpt>
			<trkpt lat="48.022527" lon="16.043863">
				<ele>514.65</ele>
				<time>2025-09-21T07:51:16Z</time>
			</trkpt>
			<trkpt lat="48.022545" lon="16.043777">
				<ele>513.78</ele>
				<time>2025-09-21T07:51:19Z</time>
			</trkpt>
			<trkpt lat="48.022564" lon="16.043689">
				<ele>512.93</ele>
				<time>2025-09-21T07:51:22Z</time>
			</trkpt>
			<trkpt lat="48.022589" lon="16.043565">
				<ele>512.08</ele>
				<time>2025-09-21T07:51:25Z</time>
			</trkpt>
			<trkpt lat="48.022612" lon="16.043465">
				<ele>511.23</ele>
				<time>2025-09-21T07:51:28Z</time>
			</trkpt>
			<trkpt lat="48.022629" lon="16.043376">
				<ele>510.39</ele>
				<time>2025-09-21T07:51:31Z</time>
			</trkpt>
			<trkpt lat="48.022647" lon="16.043293">
				<ele>509.53</ele>
				<time>2025-09-21T07:51:34Z</time>
			</trkpt>
			<trkpt lat="48.022669" lon="16.043187">
				<ele>508.68</ele>
				<time>2025-09-21T07:51:37Z</time>
			</trkpt>
			<trkpt lat="48.022696" lon="16.043077">
				<ele>507.84</ele>
				<time>2025-09-21T07:51:40Z</time>
			</trkpt>
			<trkpt lat="48.022717" lon="16.042988">
				<ele>506.99</ele>
				<time>2025-09-21T07:51:43Z</time>
			</trkpt>
			<trkpt lat="48.022735" lon="16.042904">
				<ele>506.2</ele>
				<time>2025-09-21T07:51:46Z</time>
			</trkpt>
			<trkpt lat="48.022744" lon="16.042824">
				<ele>505.43</ele>
				<time>2025-09-21T07:51:48Z</time>
			</trkpt>
			<trkpt lat="48.022751" lon="16.042727">
				<ele>504.67</ele>
				<time>2025-09-21T07:51:51Z</time>
			</trkpt>
			<trkpt lat="48.022751" lon="16.04264">
				<ele>503.9</ele>
				<time>2025-09-21T07:51:54Z</time>
			</trkpt>
			<trkpt lat="48.022741" lon="16.042529">
				<ele>503.14</ele>
				<time>2025-09-21T07:51:57Z</time>
			</trkpt>
			<trkpt lat="48.022732" lon="16.042429">
				<ele>502.41</ele>
				<time>2025-09-21T07:52:00Z</time>
			</trkpt>
			<trkpt lat="48.022724" lon="16.042329">
				<ele>501.68</ele>
				<time>2025-09-21T07:52:03Z</time>
			</trkpt>
			<trkpt lat="48.022705" lon="16.042216">
				<ele>500.99</ele>
				<time>2025-09-21T07:52:06Z</time>
			</trkpt>
			<trkpt lat="48.022689" lon="16.042109">
				<ele>500.28</ele>
				<time>2025-09-21T07:52:09Z</time>
			</trkpt>
			<trkpt lat="48.022675" lon="16.041995">
				<ele>499.63</ele>
				<time>2025-09-21T07:52:13Z</time>
			</trkpt>
			<trkpt lat="48.022659" lon="16.041898">
				<ele>499.0</ele>
				<time>2025-09-21T07:52:16Z</time>
			</trkpt>
			<trkpt lat="48.022647" lon="16.041785">
				<ele>498.4</ele>
				<time>2025-09-21T07:52:19Z</time>
			</trkpt>
			<trkpt lat="48.022635" lon="16.041682">
				<ele>497.82</ele>
				<time>2025-09-21T07:52:22Z</time>
			</trkpt>
			<trkpt lat="48.022628" lon="16.041579">
				<ele>497.25</ele>
				<time>2025-09-21T07:52:25Z</time>
			</trkpt>
			<trkpt lat="48.022621" lon="16.041485">
				<ele>496.7</ele>
				<time>2025-09-21T07:52:28Z</time>
			</trkpt>
			<trkpt lat="48.022616" lon="16.041388">
				<ele>496.17</ele>
				<time>2025-09-21T07:52:31Z</time>
			</trkpt>
			<trkpt lat="48.022609" lon="16.041285">
				<ele>495.68</ele>
				<time>2025-09-21T07:52:34Z</time>
			</trkpt>
			<trkpt lat="48.022599" lon="16.041177">
				<ele>495.19</ele>
				<time>2025-09-21T07:52:37Z</time>
			</trkpt>
			<trkpt lat="48.022591" lon="16.041075">
				<ele>494.71</ele>
				<time>2025-09-21T07:52:40Z</time>
			</trkpt>
			<trkpt lat="48.022585" lon="16.040993">
				<ele>494.26</ele>
				<time>2025-09-21T07:52:42Z</time>
			</trkpt>
			<trkpt lat="48.02257" lon="16.040894">
				<ele>493.82</ele>
				<time>2025-09-21T07:52:45Z</time>
			</trkpt>
			<trkpt lat="48.022561" lon="16.040788">
				<ele>493.39</ele>
				<time>2025-09-21T07:52:48Z</time>
			</trkpt>
			<trkpt lat="48.022554" lon="16.040707">
				<ele>492.96</ele>
				<time>2025-09-21T07:52:50Z</time>
			</trkpt>
			<trkpt lat="48.022546" lon="16.040607">
				<ele>492.52</ele>
				<time>2025-09-21T07:52:53Z</time>
			</trkpt>
			<trkpt lat="48.022538" lon="16.040491">
				<ele>492.06</ele>
				<time>2025-09-21T07:52:56Z</time>
			</trkpt>
			<trkpt lat="48.02253" lon="16.040372">
				<ele>491.58</ele>
				<time>2025-09-21T07:52:59Z</time>
			</trkpt>
			<trkpt lat="48.022525" lon="16.040266">
				<ele>491.09</ele>
				<time>2025-09-21T07:53:02Z</time>
			</trkpt>
			<trkpt lat="48.022521" lon="16.040158">
				<ele>490.58</ele>
				<time>2025-09-21T07:53:05Z</time>
			</trkpt>
			<trkpt lat="48.022519" lon="16.040061">
				<ele>490.05</ele>
				<time>2025-09-21T07:53:08Z</time>
			</trkpt>
			<trkpt lat="48.022521" lon="16.039964">
				<ele>489.51</ele>
				<time>2025-09-21T07:53:11Z</time>
			</trkpt>
			<trkpt lat="48.022526" lon="16.03987">
				<ele>488.94</ele>
				<time>2025-09-21T07:53:14Z</time>
			</trkpt>
			<trkpt lat="48.022534" lon="16.039781">
				<ele>488.35</ele>
				<time>2025-09-21T07:53:17Z</time>
			</trkpt>
			<trkpt lat="48.022544" lon="16.039667">
				<ele>487.73</ele>
				<time>2025-09-21T07:53:21Z</time>
			</trkpt>
			<trkpt lat="48.022554" lon="16.039578">
				<ele>487.1</ele>
				<time>2025-09-21T07:53:24Z</time>
			</trkpt>
			<trkpt lat="48.022565" lon="16.039481">
				<ele>486.46</ele>
				<time>2025-09-21T07:53:27Z</time>
			</trkpt>
			<trkpt lat="48.022574" lon="16.039397">
				<ele>485.81</ele>
				<time>2025-09-21T07:53:30Z</time>
			</trkpt>
			<trkpt lat="48.022585" lon="16.039312">
				<ele>485.13</ele>
				<time>2025-09-21T07:53:33Z</time>
			</trkpt>
			<trkpt lat="48.022595" lon="16.039224">
				<ele>484.43</ele>
				<time>2025-09-21T07:53:36Z</time>
			</trkpt>
			<trkpt lat="48.022605" lon="16.039127">
				<ele>483.69</ele>
				<time>2025-09-21T07:53:39Z</time>
			</trkpt>
			<trkpt lat="48.022602" lon="16.039028">
				<ele>482.98</ele>
				<time>2025-09-21T07:53:42Z</time>
			</trkpt>
			<trkpt lat="48.022624" lon="16.038944">
				<ele>482.25</ele>
				<time>2025-09-21T07:53:45Z</time>
			</trkpt>
			<trkpt lat="48.022633" lon="16.038849">
				<ele>481.52</ele>
				<time>2025-09-21T07:53:48Z</time>
			</trkpt>
			<trkpt lat="48.022643" lon="16.038743">
				<ele>480.76</ele>
				<time>2025-09-21T07:53:51Z</time>
			</trkpt>
			<trkpt lat="48.02265" lon="16.038651">
				<ele>480.02</ele>
				<time>2025-09-21T07:53:54Z</time>
			</trkpt>
			<trkpt lat="48.02266" lon="16.038565">
				<ele>479.31</ele>
				<time>2025-09-21T07:53:57Z</time>
			</trkpt>
			<trkpt lat="48.022674" lon="16.038485">
				<ele>478.6</ele>
				<time>2025-09-21T07:54:00Z</time>
			</trkpt>
			<trkpt lat="48.022693" lon="16.038383">
				<ele>477.91</ele>
				<time>2025-09-21T07:54:03Z</time>
			</trkpt>
			<trkpt lat="48.022708" lon="16.038293">
				<ele>477.21</ele>
				<time>2025-09-21T07:54:06Z</time>
			</trkpt>
			<trkpt lat="48.022725" lon="16.038195">
				<ele>476.51</ele>
				<time>2025-09-21T07:54:09Z</time>
			</trkpt>
			<trkpt lat="48.022743" lon="16.038089">
				<ele>475.85</ele>
				<time>2025-09-21T07:54:12Z</time>
			</trkpt>
			<trkpt lat="48.022759" lon="16.037991">
				<ele>475.22</ele>
				<time>2025-09-21T07:54:15Z</time>
			</trkpt>
			<trkpt lat="48.022773" lon="16.037912">
				<ele>474.6</ele>
				<time>2025-09-21T07:54:17Z</time>
			</trkpt>
			<trkpt lat="48.022791" lon="16.037807">
				<ele>473.99</ele>
				<time>2025-09-21T07:54:20Z</time>
			</trkpt>
			<trkpt lat="48.022806" lon="16.03771">
				<ele>473.36</ele>
				<time>2025-09-21T07:54:23Z</time>
			</trkpt>
			<trkpt lat="48.022824" lon="16.037599">
				<ele>472.72</ele>
				<time>2025-09-21T07:54:26Z</time>
			</trkpt>
			<trkpt lat="48.02284" lon="16.037496">
				<ele>472.1</ele>
				<time>2025-09-21T07:54:29Z</time>
			</trkpt>
			<trkpt lat="48.022854" lon="16.037398">
				<ele>471.46</ele>
				<time>2025-09-21T07:54:32Z</time>
			</trkpt>
			<trkpt lat="48.022868" lon="16.037303">
				<ele>470.78</ele>
				<time>2025-09-21T07:54:35Z</time>
			</trkpt>
			<trkpt lat="48.022883" lon="16.037204">
				<ele>470.07</ele>
				<time>2025-09-21T07:54:38Z</time>
			</trkpt>
			<trkpt lat="48.022899" lon="16.037105">
				<ele>469.33</ele>
				<time>2025-09-21T07:54:41Z</time>
			</trkpt>
			<trkpt lat="48.022914" lon="16.037007">
				<ele>468.61</ele>
				<time>2025-09-21T07:54:44Z</time>
			</trkpt>
			<trkpt lat="48.022929" lon="16.036917">
				<ele>467.87</ele>
				<time>2025-09-21T07:54:47Z</time>
			</trkpt>
			<trkpt lat="48.022945" lon="16.03682">
				<ele>467.11</ele>
				<time>2025-09-21T07:54:50Z</time>
			</trkpt>
			<trkpt lat="48.022957" lon="16.036739">
				<ele>466.35</ele>
				<time>2025-09-21T07:54:53Z</time>
			</trkpt>
			<trkpt lat="48.022973" lon="16.03665">
				<ele>465.59</ele>
				<time>2025-09-21T07:54:56Z</time>
			</trkpt>
			<trkpt lat="48.022991" lon="16.036556">
				<ele>464.84</ele>
				<time>2025-09-21T07:54:59Z</time>
			</trkpt>
			<trkpt lat="48.023009" lon="16.03646">
				<ele>464.08</ele>
				<time>2025-09-21T07:55:02Z</time>
			</trkpt>
			<trkpt lat="48.023028" lon="16.036358">
				<ele>463.35</ele>
				<time>2025-09-21T07:55:05Z</time>
			</trkpt>
			<trkpt lat="48.023047" lon="16.036258">
				<ele>462.67</ele>
				<time>2025-09-21T07:55:08Z</time>
			</trkpt>
			<trkpt lat="48.023065" lon="16.036162">
				<ele>462.02</ele>
				<time>2025-09-21T07:55:11Z</time>
			</trkpt>
			<trkpt lat="48.023072" lon="16.036055">
				<ele>461.43</ele>
				<time>2025-09-21T07:55:14Z</time>
			</trkpt>
			<trkpt lat="48.023089" lon="16.035965">
				<ele>460.86</ele>
				<time>2025-09-21T07:55:17Z</time>
			</trkpt>
			<trkpt lat="48.023121" lon="16.03588">
				<ele>460.32</ele>
				<time>2025-09-21T07:55:20Z</time>
			</trkpt>
			<trkpt lat="48.023105" lon="16.035774">
				<ele>459.77</ele>
				<time>2025-09-21T07:55:23Z</time>
			</trkpt>
			<trkpt lat="48.023101" lon="16.035684">
				<ele>459.28</ele>
				<time>2025-09-21T07:55:25Z</time>
			</trkpt>
			<trkpt lat="48.023093" lon="16.035601">
				<ele>458.87</ele>
				<time>2025-09-21T07:55:27Z</time>
			</trkpt>
			<trkpt lat="48.02308" lon="16.035505">
				<ele>458.54</ele>
				<time>2025-09-21T07:55:29Z</time>
			</trkpt>
			<trkpt lat="48.023084" lon="16.03541">
				<ele>458.23</ele>
				<time>2025-09-21T07:55:32Z</time>
			</trkpt>
			<trkpt lat="48.023094" lon="16.035312">
				<ele>457.92</ele>
				<time>2025-09-21T07:55:35Z</time>
			</trkpt>
			<trkpt lat="48.023074" lon="16.035225">
				<ele>457.62</ele>
				<time>2025-09-21T07:55:38Z</time>
			</trkpt>
			<trkpt lat="48.023029" lon="16.035168">
				<ele>457.34</ele>
				<time>2025-09-21T07:55:41Z</time>
			</trkpt>
			<trkpt lat="48.022993" lon="16.035091">
				<ele>457.04</ele>
				<time>2025-09-21T07:55:44Z</time>
			</trkpt>
			<trkpt lat="48.022968" lon="16.034997">
				<ele>456.72</ele>
				<time>2025-09-21T07:55:47Z</time>
			</trkpt>
			<trkpt lat="48.022962" lon="16.034894">
				<ele>456.38</ele>
				<time>2025-09-21T07:55:50Z</time>
			</trkpt>
			<trkpt lat="48.022961" lon="16.034798">
				<ele>456.04</ele>
				<time>2025-09-21T07:55:53Z</time>
			</trkpt>
			<trkpt lat="48.022972" lon="16.034698">
				<ele>455.67</ele>
				<time>2025-09-21T07:55:56Z</time>
			</trkpt>
			<trkpt lat="48.022966" lon="16.034598">
				<ele>455.3</ele>
				<time>2025-09-21T07:55:59Z</time>
			</trkpt>
			<trkpt lat="48.022973" lon="16.034497">
				<ele>454.87</ele>
				<time>2025-09-21T07:56:02Z</time>
			</trkpt>
			<trkpt lat="48.022969" lon="16.034404">
				<ele>454.36</ele>
				<time>2025-09-21T07:56:05Z</time>
			</trkpt>
			<trkpt lat="48.022984" lon="16.034323">
				<ele>453.77</ele>
				<time>2025-09-21T07:56:07Z</time>
			</trkpt>
			<trkpt lat="48.023018" lon="16.034236">
				<ele>453.13</ele>
				<time>2025-09-21T07:56:10Z</time>
			</trkpt>
			<trkpt lat="48.023047" lon="16.034124">
				<ele>452.52</ele>
				<time>2025-09-21T07:56:13Z</time>
			</trkpt>
			<trkpt lat="48.023068" lon="16.034031">
				<ele>451.88</ele>
				<time>2025-09-21T07:56:16Z</time>
			</trkpt>
			<trkpt lat="48.0231" lon="16.033938">
				<ele>451.26</ele>
				<time>2025-09-21T07:56:19Z</time>
			</trkpt>
			<trkpt lat="48.02313" lon="16.033848">
				<ele>450.61</ele>
				<time>2025-09-21T07:56:22Z</time>
			</trkpt>
			<trkpt lat="48.02316" lon="16.033757">
				<ele>449.97</ele>
				<time>2025-09-21T07:56:25Z</time>
			</trkpt>
			<trkpt lat="48.023192" lon="16.03366">
				<ele>449.32</ele>
				<time>2025-09-21T07:56:28Z</time>
			</trkpt>
			<trkpt lat="48.023221" lon="16.033573">
				<ele>448.68</ele>
				<time>2025-09-21T07:56:31Z</time>
			</trkpt>
			<trkpt lat="48.023252" lon="16.033495">
				<ele>448.04</ele>
				<time>2025-09-21T07:56:33Z</time>
			</trkpt>
			<trkpt lat="48.023291" lon="16.033414">
				<ele>447.42</ele>
				<time>2025-09-21T07:56:36Z</time>
			</trkpt>
			<trkpt lat="48.023337" lon="16.033322">
				<ele>446.82</ele>
				<time>2025-09-21T07:56:39Z</time>
			</trkpt>
			<trkpt lat="48.023392" lon="16.03323">
				<ele>446.24</ele>
				<time>2025-09-21T07:56:42Z</time>
			</trkpt>
			<trkpt lat="48.023442" lon="16.033155">
				<ele>445.69</ele>
				<time>2025-09-21T07:56:45Z</time>
			</trkpt>
			<trkpt lat="48.023511" lon="16.033099">
				<ele>445.17</ele>
				<time>2025-09-21T07:56:48Z</time>
			</trkpt>
			<trkpt lat="48.023578" lon="16.032969">
				<ele>444.66</ele>
				<time>2025-09-21T07:56:52Z</time>
			</trkpt>
			<trkpt lat="48.023616" lon="16.032863">
				<ele>444.15</ele>
				<time>2025-09-21T07:56:55Z</time>
			</trkpt>
			<trkpt lat="48.023646" lon="16.032761">
				<ele>443.68</ele>
				<time>2025-09-21T07:56:58Z</time>
			</trkpt>
			<trkpt lat="48.023682" lon="16.032666">
				<ele>443.23</ele>
				<time>2025-09-21T07:57:01Z</time>
			</trkpt>
			<trkpt lat="48.023696" lon="16.032539">
				<ele>442.83</ele>
				<time>2025-09-21T07:57:04Z</time>
			</trkpt>
			<trkpt lat="48.023703" lon="16.032432">
				<ele>442.44</ele>
				<time>2025-09-21T07:57:07Z</time>
			</trkpt>
			<trkpt lat="48.023708" lon="16.032352">
				<ele>442.1</ele>
				<time>2025-09-21T07:57:09Z</time>
			</trkpt>
			<trkpt lat="48.023693" lon="16.032239">
				<ele>441.79</ele>
				<time>2025-09-21T07:57:12Z</time>
			</trkpt>
			<trkpt lat="48.023681" lon="16.032134">
				<ele>441.52</ele>
				<time>2025-09-21T07:57:15Z</time>
			</trkpt>
			<trkpt lat="48.023668" lon="16.032026">
				<ele>441.28</ele>
				<time>2025-09-21T07:57:18Z</time>
			</trkpt>
			<trkpt lat="48.02365" lon="16.031925">
				<ele>441.06</ele>
				<time>2025-09-21T07:57:21Z</time>
			</trkpt>
			<trkpt lat="48.023635" lon="16.031823">
				<ele>440.87</ele>
				<time>2025-09-21T07:57:24Z</time>
			</trkpt>
			<trkpt lat="48.023631" lon="16.031711">
				<ele>440.7</ele>
				<time>2025-09-21T07:57:27Z</time>
			</trkpt>
			<trkpt lat="48.023634" lon="16.031609">
				<ele>440.56</ele>
				<time>2025-09-21T07:57:30Z</time>
			</trkpt>
			<trkpt lat="48.023633" lon="16.03152">
				<ele>440.45</ele>
				<time>2025-09-21T07:57:32Z</time>
			</trkpt>
			<trkpt lat="48.023642" lon="16.031407">
				<ele>440.35</ele>
				<time>2025-09-21T07:57:35Z</time>
			</trkpt>
			<trkpt lat="48.023648" lon="16.031317">
				<ele>440.28</ele>
				<time>2025-09-21T07:57:37Z</time>
			</trkpt>
			<trkpt lat="48.023654" lon="16.031211">
				<ele>440.22</ele>
				<time>2025-09-21T07:57:40Z</time>
			</trkpt>
			<trkpt lat="48.023667" lon="16.031091">
				<ele>440.17</ele>
				<time>2025-09-21T07:57:43Z</time>
			</trkpt>
			<trkpt lat="48.023685" lon="16.030988">
				<ele>440.14</ele>
				<time>2025-09-21T07:57:46Z</time>
			</trkpt>
			<trkpt lat="48.023699" lon="16.030869">
				<ele>440.1</ele>
				<time>2025-09-21T07:57:49Z</time>
			</trkpt>
			<trkpt lat="48.023715" lon="16.030791">
				<ele>440.1</ele>
				<time>2025-09-21T07:57:51Z</time>
			</trkpt>
			<trkpt lat="48.023731" lon="16.030711">
				<ele>440.06</ele>
				<time>2025-09-21T07:57:53Z</time>
			</trkpt>
			<trkpt lat="48.023749" lon="16.030607">
				<ele>440.02</ele>
				<time>2025-09-21T07:57:56Z</time>
			</trkpt>
			<trkpt lat="48.023776" lon="16.030508">
				<ele>439.98</ele>
				<time>2025-09-21T07:57:59Z</time>
			</trkpt>
			<trkpt lat="48.023784" lon="16.030401">
				<ele>439.91</ele>
				<time>2025-09-21T07:58:02Z</time>
			</trkpt>
			<trkpt lat="48.023789" lon="16.030291">
				<ele>439.82</ele>
				<time>2025-09-21T07:58:05Z</time>
			</trkpt>
			<trkpt lat="48.023776" lon="16.030182">
				<ele>439.69</ele>
				<time>2025-09-21T07:58:08Z</time>
			</trkpt>
			<trkpt lat="48.023763" lon="16.030073">
				<ele>439.54</ele>
				<time>2025-09-21T07:58:11Z</time>
			</trkpt>
			<trkpt lat="48.023747" lon="16.029967">
				<ele>439.37</ele>
				<time>2025-09-21T07:58:14Z</time>
			</trkpt>
			<trkpt lat="48.023733" lon="16.029889">
				<ele>439.19</ele>
				<time>2025-09-21T07:58:16Z</time>
			</trkpt>
			<trkpt lat="48.023696" lon="16.02978">
				<ele>438.99</ele>
				<time>2025-09-21T07:58:19Z</time>
			</trkpt>
			<trkpt lat="48.023665" lon="16.029687">
				<ele>438.76</ele>
				<time>2025-09-21T07:58:22Z</time>
			</trkpt>
			<trkpt lat="48.023645" lon="16.029606">
				<ele>438.51</ele>
				<time>2025-09-21T07:58:24Z</time>
			</trkpt>
			<trkpt lat="48.023614" lon="16.029508">
				<ele>438.24</ele>
				<time>2025-09-21T07:58:27Z</time>
			</trkpt>
			<trkpt lat="48.023578" lon="16.029438">
				<ele>437.96</ele>
				<time>2025-09-21T07:58:29Z</time>
			</trkpt>
			<trkpt lat="48.02355" lon="16.029329">
				<ele>437.69</ele>
				<time>2025-09-21T07:58:32Z</time>
			</trkpt>
			<trkpt lat="48.023512" lon="16.029228">
				<ele>437.39</ele>
				<time>2025-09-21T07:58:35Z</time>
			</trkpt>
			<trkpt lat="48.023482" lon="16.029125">
				<ele>437.08</ele>
				<time>2025-09-21T07:58:38Z</time>
			</trkpt>
			<trkpt lat="48.023448" lon="16.029025">
				<ele>436.8</ele>
				<time>2025-09-21T07:58:41Z</time>
			</trkpt>
			<trkpt lat="48.02342" lon="16.028924">
				<ele>436.57</ele>
				<time>2025-09-21T07:58:44Z</time>
			</trkpt>
			<trkpt lat="48.023381" lon="16.028823">
				<ele>436.36</ele>
				<time>2025-09-21T07:58:47Z</time>
			</trkpt>
			<trkpt lat="48.023353" lon="16.028747">
				<ele>436.17</ele>
				<time>2025-09-21T07:58:49Z</time>
			</trkpt>
			<trkpt lat="48.023341" lon="16.028642">
				<ele>436.0</ele>
				<time>2025-09-21T07:58:52Z</time>
			</trkpt>
			<trkpt lat="48.023372" lon="16.028558">
				<ele>435.87</ele>
				<time>2025-09-21T07:58:56Z</time>
			</trkpt>
			<trkpt lat="48.023443" lon="16.028425">
				<ele>435.77</ele>
				<time>2025-09-21T07:58:59Z</time>
			</trkpt>
			<trkpt lat="48.023495" lon="16.028356">
				<ele>435.69</ele>
				<time>2025-09-21T07:59:02Z</time>
			</trkpt>
			<trkpt lat="48.023534" lon="16.028268">
				<ele>435.65</ele>
				<time>2025-09-21T07:59:05Z</time>
			</trkpt>
			<trkpt lat="48.023575" lon="16.028191">
				<ele>435.63</ele>
				<time>2025-09-21T07:59:08Z</time>
			</trkpt>
			<trkpt lat="48.023619" lon="16.028103">
				<ele>435.64</ele>
				<time>2025-09-21T07:59:11Z</time>
			</trkpt>
			<trkpt lat="48.023654" lon="16.028015">
				<ele>435.68</ele>
				<time>2025-09-21T07:59:14Z</time>
			</trkpt>
			<trkpt lat="48.023695" lon="16.02793">
				<ele>435.76</ele>
				<time>2025-09-21T07:59:17Z</time>
			</trkpt>
			<trkpt lat="48.023753" lon="16.027848">
				<ele>435.85</ele>
				<time>2025-09-21T07:59:20Z</time>
			</trkpt>
			<trkpt lat="48.023794" lon="16.027766">
				<ele>435.94</ele>
				<time>2025-09-21T07:59:23Z</time>
			</trkpt>
			<trkpt lat="48.023831" lon="16.027681">
				<ele>436.05</ele>
				<time>2025-09-21T07:59:26Z</time>
			</trkpt>
			<trkpt lat="48.023872" lon="16.027596">
				<ele>436.14</ele>
				<time>2025-09-21T07:59:29Z</time>
			</trkpt>
			<trkpt lat="48.023915" lon="16.027524">
				<ele>436.25</ele>
				<time>2025-09-21T07:59:32Z</time>
			</trkpt>
			<trkpt lat="48.023956" lon="16.027436">
				<ele>436.35</ele>
				<time>2025-09-21T07:59:35Z</time>
			</trkpt>
			<trkpt lat="48.023999" lon="16.027353">
				<ele>436.45</ele>
				<time>2025-09-21T07:59:38Z</time>
			</trkpt>
			<trkpt lat="48.024039" lon="16.027288">
				<ele>436.56</ele>
				<time>2025-09-21T07:59:41Z</time>
			</trkpt>
			<trkpt lat="48.02407" lon="16.027194">
				<ele>436.65</ele>
				<time>2025-09-21T07:59:44Z</time>
			</trkpt>
			<trkpt lat="48.024098" lon="16.027105">
				<ele>436.71</ele>
				<time>2025-09-21T07:59:47Z</time>
			</trkpt>
			<trkpt lat="48.024104" lon="16.027025">
				<ele>436.73</ele>
				<time>2025-09-21T07:59:49Z</time>
			</trkpt>
			<trkpt lat="48.024142" lon="16.026938">
				<ele>436.75</ele>
				<time>2025-09-21T07:59:52Z</time>
			</trkpt>
			<trkpt lat="48.024173" lon="16.026841">
				<ele>436.75</ele>
				<time>2025-09-21T07:59:55Z</time>
			</trkpt>
			<trkpt lat="48.024198" lon="16.026756">
				<ele>436.72</ele>
				<time>2025-09-21T07:59:58Z</time>
			</trkpt>
			<trkpt lat="48.024152" lon="16.026693">
				<ele>436.67</ele>
				<time>2025-09-21T08:00:00Z</time>
			</trkpt>
			<trkpt lat="48.024095" lon="16.02662">
				<ele>436.59</ele>
				<time>2025-09-21T08:00:05Z</time>
			</trkpt>
			<trkpt lat="48.023966" lon="16.026487">
				<ele>436.5</ele>
				<time>2025-09-21T08:00:09Z</time>
			</trkpt>
			<trkpt lat="48.023906" lon="16.026429">
				<ele>436.38</ele>
				<time>2025-09-21T08:00:12Z</time>
			</trkpt>
			<trkpt lat="48.02387" lon="16.026369">
				<ele>436.25</ele>
				<time>2025-09-21T08:00:14Z</time>
			</trkpt>
			<trkpt lat="48.023806" lon="16.026307">
				<ele>436.09</ele>
				<time>2025-09-21T08:00:17Z</time>
			</trkpt>
			<trkpt lat="48.023745" lon="16.026245">
				<ele>435.9</ele>
				<time>2025-09-21T08:00:20Z</time>
			</trkpt>
			<trkpt lat="48.023692" lon="16.026171">
				<ele>435.72</ele>
				<time>2025-09-21T08:00:23Z</time>
			</trkpt>
			<trkpt lat="48.023633" lon="16.026123">
				<ele>435.54</ele>
				<time>2025-09-21T08:00:26Z</time>
			</trkpt>
			<trkpt lat="48.023557" lon="16.026095">
				<ele>435.39</ele>
				<time>2025-09-21T08:00:29Z</time>
			</trkpt>
			<trkpt lat="48.023488" lon="16.026054">
				<ele>435.25</ele>
				<time>2025-09-21T08:00:32Z</time>
			</trkpt>
			<trkpt lat="48.023429" lon="16.026007">
				<ele>435.1</ele>
				<time>2025-09-21T08:00:35Z</time>
			</trkpt>
			<trkpt lat="48.023351" lon="16.025974">
				<ele>434.94</ele>
				<time>2025-09-21T08:00:38Z</time>
			</trkpt>
			<trkpt lat="48.023289" lon="16.025927">
				<ele>434.77</ele>
				<time>2025-09-21T08:00:41Z</time>
			</trkpt>
			<trkpt lat="48.023236" lon="16.025864">
				<ele>434.62</ele>
				<time>2025-09-21T08:00:44Z</time>
			</trkpt>
			<trkpt lat="48.023202" lon="16.025799">
				<ele>434.46</ele>
				<time>2025-09-21T08:00:46Z</time>
			</trkpt>
			<trkpt lat="48.023132" lon="16.025747">
				<ele>434.31</ele>
				<time>2025-09-21T08:00:49Z</time>
			</trkpt>
			<trkpt lat="48.023068" lon="16.025694">
				<ele>434.18</ele>
				<time>2025-09-21T08:00:52Z</time>
			</trkpt>
			<trkpt lat="48.023014" lon="16.025686">
				<ele>434.06</ele>
				<time>2025-09-21T08:01:04Z</time>
			</trkpt>
			<trkpt lat="48.02295" lon="16.025657">
				<ele>433.96</ele>
				<time>2025-09-21T08:01:09Z</time>
			</trkpt>
			<trkpt lat="48.022895" lon="16.025629">
				<ele>433.86</ele>
				<time>2025-09-21T08:01:19Z</time>
			</trkpt>
			<trkpt lat="48.022839" lon="16.025587">
				<ele>433.75</ele>
				<time>2025-09-21T08:01:24Z</time>
			</trkpt>
			<trkpt lat="48.02276" lon="16.025511">
				<ele>433.64</ele>
				<time>2025-09-21T08:01:27Z</time>
			</trkpt>
			<trkpt lat="48.022715" lon="16.025438">
				<ele>433.52</ele>
				<time>2025-09-21T08:01:30Z</time>
			</trkpt>
			<trkpt lat="48.022656" lon="16.025369">
				<ele>433.42</ele>
				<time>2025-09-21T08:01:33Z</time>
			</trkpt>
			<trkpt lat="48.022619" lon="16.025293">
				<ele>433.32</ele>
				<time>2025-09-21T08:01:35Z</time>
			</trkpt>
			<trkpt lat="48.022569" lon="16.025245">
				<ele>433.26</ele>
				<time>2025-09-21T08:01:37Z</time>
			</trkpt>
			<trkpt lat="48.022546" lon="16.025165">
				<ele>433.19</ele>
				<time>2025-09-21T08:01:39Z</time>
			</trkpt>
			<trkpt lat="48.02251" lon="16.025069">
				<ele>433.13</ele>
				<time>2025-09-21T08:01:42Z</time>
			</trkpt>
			<trkpt lat="48.022465" lon="16.024968">
				<ele>433.1</ele>
				<time>2025-09-21T08:01:45Z</time>
			</trkpt>
			<trkpt lat="48.02242" lon="16.024871">
				<ele>433.07</ele>
				<time>2025-09-21T08:01:48Z</time>
			</trkpt>
			<trkpt lat="48.022369" lon="16.024782">
				<ele>433.05</ele>
				<time>2025-09-21T08:01:51Z</time>
			</trkpt>
			<trkpt lat="48.022336" lon="16.02468">
				<ele>433.05</ele>
				<time>2025-09-21T08:01:54Z</time>
			</trkpt>
			<trkpt lat="48.022291" lon="16.024596">
				<ele>433.06</ele>
				<time>2025-09-21T08:01:57Z</time>
			</trkpt>
			<trkpt lat="48.022255" lon="16.024505">
				<ele>433.1</ele>
				<time>2025-09-21T08:02:00Z</time>
			</trkpt>
			<trkpt lat="48.022234" lon="16.024423">
				<ele>433.14</ele>
				<time>2025-09-21T08:02:02Z</time>
			</trkpt>
			<trkpt lat="48.022201" lon="16.024324">
				<ele>433.2</ele>
				<time>2025-09-21T08:02:05Z</time>
			</trkpt>
			<trkpt lat="48.022177" lon="16.02422">
				<ele>433.27</ele>
				<time>2025-09-21T08:02:08Z</time>
			</trkpt>
			<trkpt lat="48.02216" lon="16.024122">
				<ele>433.35</ele>
				<time>2025-09-21T08:02:11Z</time>
			</trkpt>
			<trkpt lat="48.022144" lon="16.024013">
				<ele>433.45</ele>
				<time>2025-09-21T08:02:14Z</time>
			</trkpt>
			<trkpt lat="48.022124" lon="16.023915">
				<ele>433.56</ele>
				<time>2025-09-21T08:02:17Z</time>
			</trkpt>
			<trkpt lat="48.022095" lon="16.023815">
				<ele>433.68</ele>
				<time>2025-09-21T08:02:20Z</time>
			</trkpt>
			<trkpt lat="48.022079" lon="16.023714">
				<ele>433.81</ele>
				<time>2025-09-21T08:02:23Z</time>
			</trkpt>
			<trkpt lat="48.022057" lon="16.023617">
				<ele>433.94</ele>
				<time>2025-09-21T08:02:26Z</time>
			</trkpt>
			<trkpt lat="48.022043" lon="16.02352">
				<ele>434.06</ele>
				<time>2025-09-21T08:02:29Z</time>
			</trkpt>
			<trkpt lat="48.022022" lon="16.023425">
				<ele>434.2</ele>
				<time>2025-09-21T08:02:32Z</time>
			</trkpt>
			<trkpt lat="48.022014" lon="16.02332">
				<ele>434.33</ele>
				<time>2025-09-21T08:02:35Z</time>
			</trkpt>
			<trkpt lat="48.021986" lon="16.023222">
				<ele>434.47</ele>
				<time>2025-09-21T08:02:38Z</time>
			</trkpt>
			<trkpt lat="48.021964" lon="16.023128">
				<ele>434.61</ele>
				<time>2025-09-21T08:02:41Z</time>
			</trkpt>
			<trkpt lat="48.02195" lon="16.023034">
				<ele>434.77</ele>
				<time>2025-09-21T08:02:44Z</time>
			</trkpt>
			<trkpt lat="48.021939" lon="16.022939">
				<ele>434.94</ele>
				<time>2025-09-21T08:02:47Z</time>
			</trkpt>
			<trkpt lat="48.021939" lon="16.022842">
				<ele>435.12</ele>
				<time>2025-09-21T08:02:50Z</time>
			</trkpt>
			<trkpt lat="48.02194" lon="16.02274">
				<ele>435.3</ele>
				<time>2025-09-21T08:02:53Z</time>
			</trkpt>
			<trkpt lat="48.021943" lon="16.022639">
				<ele>435.49</ele>
				<time>2025-09-21T08:02:56Z</time>
			</trkpt>
			<trkpt lat="48.02196" lon="16.022542">
				<ele>435.69</ele>
				<time>2025-09-21T08:02:59Z</time>
			</trkpt>
			<trkpt lat="48.021972" lon="16.022446">
				<ele>435.91</ele>
				<time>2025-09-21T08:03:02Z</time>
			</trkpt>
			<trkpt lat="48.021978" lon="16.022346">
				<ele>436.13</ele>
				<time>2025-09-21T08:03:05Z</time>
			</trkpt>
			<trkpt lat="48.021989" lon="16.022243">
				<ele>436.35</ele>
				<time>2025-09-21T08:03:08Z</time>
			</trkpt>
			<trkpt lat="48.022004" lon="16.022152">
				<ele>436.61</ele>
				<time>2025-09-21T08:03:11Z</time>
			</trkpt>
			<trkpt lat="48.022007" lon="16.022063">
				<ele>436.89</ele>
				<time>2025-09-21T08:03:14Z</time>
			</trkpt>
			<trkpt lat="48.022022" lon="16.02197">
				<ele>437.18</ele>
				<time>2025-09-21T08:03:17Z</time>
			</trkpt>
			<trkpt lat="48.022028" lon="16.021859">
				<ele>437.49</ele>
				<time>2025-09-21T08:03:20Z</time>
			</trkpt>
			<trkpt lat="48.022033" lon="16.021768">
				<ele>437.81</ele>
				<time>2025-09-21T08:03:23Z</time>
			</trkpt>
			<trkpt lat="48.022039" lon="16.021688">
				<ele>438.16</ele>
				<time>2025-09-21T08:03:26Z</time>
			</trkpt>
			<trkpt lat="48.022035" lon="16.021594">
				<ele>438.55</ele>
				<time>2025-09-21T08:03:29Z</time>
			</trkpt>
			<trkpt lat="48.02204" lon="16.021505">
				<ele>438.96</ele>
				<time>2025-09-21T08:03:32Z</time>
			</trkpt>
			<trkpt lat="48.02204" lon="16.021417">
				<ele>439.38</ele>
				<time>2025-09-21T08:03:35Z</time>
			</trkpt>
			<trkpt lat="48.022043" lon="16.021328">
				<ele>439.83</ele>
				<time>2025-09-21T08:03:38Z</time>
			</trkpt>
			<trkpt lat="48.022024" lon="16.021248">
				<ele>440.3</ele>
				<time>2025-09-21T08:03:41Z</time>
			</trkpt>
			<trkpt lat="48.022013" lon="16.02115">
				<ele>440.8</ele>
				<time>2025-09-21T08:03:45Z</time>
			</trkpt>
			<trkpt lat="48.021996" lon="16.021072">
				<ele>441.34</ele>
				<time>2025-09-21T08:03:48Z</time>
			</trkpt>
			<trkpt lat="48.021992" lon="16.020988">
				<ele>441.85</ele>
				<time>2025-09-21T08:03:51Z</time>
			</trkpt>
			<trkpt lat="48.021977" lon="16.020893">
				<ele>442.38</ele>
				<time>2025-09-21T08:03:54Z</time>
			</trkpt>
			<trkpt lat="48.021968" lon="16.020811">
				<ele>442.92</ele>
				<time>2025-09-21T08:03:57Z</time>
			</trkpt>
			<trkpt lat="48.021968" lon="16.02073">
				<ele>443.46</ele>
				<time>2025-09-21T08:04:00Z</time>
			</trkpt>
			<trkpt lat="48.021972" lon="16.020643">
				<ele>444.0</ele>
				<time>2025-09-21T08:04:04Z</time>
			</trkpt>
			<trkpt lat="48.02197" lon="16.020561">
				<ele>444.53</ele>
				<time>2025-09-21T08:04:07Z</time>
			</trkpt>
			<trkpt lat="48.021977" lon="16.020451">
				<ele>445.07</ele>
				<time>2025-09-21T08:04:11Z</time>
			</trkpt>
			<trkpt lat="48.021992" lon="16.02037">
				<ele>445.62</ele>
				<time>2025-09-21T08:04:14Z</time>
			</trkpt>
			<trkpt lat="48.021998" lon="16.020276">
				<ele>446.19</ele>
				<time>2025-09-21T08:04:17Z</time>
			</trkpt>
			<trkpt lat="48.022015" lon="16.020195">
				<ele>446.77</ele>
				<time>2025-09-21T08:04:20Z</time>
			</trkpt>
			<trkpt lat="48.022033" lon="16.020116">
				<ele>447.36</ele>
				<time>2025-09-21T08:04:23Z</time>
			</trkpt>
			<trkpt lat="48.022074" lon="16.020021">
				<ele>447.94</ele>
				<time>2025-09-21T08:04:27Z</time>
			</trkpt>
			<trkpt lat="48.022114" lon="16.019943">
				<ele>448.49</ele>
				<time>2025-09-21T08:04:31Z</time>
			</trkpt>
			<trkpt lat="48.022161" lon="16.019873">
				<ele>449.03</ele>
				<time>2025-09-21T08:04:35Z</time>
			</trkpt>
			<trkpt lat="48.022217" lon="16.019813">
				<ele>449.55</ele>
				<time>2025-09-21T08:04:39Z</time>
			</trkpt>
			<trkpt lat="48.022288" lon="16.019786">
				<ele>450.04</ele>
				<time>2025-09-21T08:04:43Z</time>
			</trkpt>
			<trkpt lat="48.022361" lon="16.019766">
				<ele>450.5</ele>
				<time>2025-09-21T08:04:47Z</time>
			</trkpt>
			<trkpt lat="48.02242" lon="16.019759">
				<ele>450.94</ele>
				<time>2025-09-21T08:04:50Z</time>
			</trkpt>
			<trkpt lat="48.022481" lon="16.019737">
				<ele>451.36</ele>
				<time>2025-09-21T08:04:53Z</time>
			</trkpt>
			<trkpt lat="48.022539" lon="16.01969">
				<ele>451.74</ele>
				<time>2025-09-21T08:04:56Z</time>
			</trkpt>
			<trkpt lat="48.02258" lon="16.019635">
				<ele>452.1</ele>
				<time>2025-09-21T08:04:59Z</time>
			</trkpt>
			<trkpt lat="48.022617" lon="16.019565">
				<ele>452.42</ele>
				<time>2025-09-21T08:05:02Z</time>
			</trkpt>
			<trkpt lat="48.022666" lon="16.019497">
				<ele>452.69</ele>
				<time>2025-09-21T08:05:05Z</time>
			</trkpt>
			<trkpt lat="48.0227" lon="16.019425">
				<ele>452.93</ele>
				<time>2025-09-21T08:05:08Z</time>
			</trkpt>
			<trkpt lat="48.022732" lon="16.01935">
				<ele>453.13</ele>
				<time>2025-09-21T08:05:11Z</time>
			</trkpt>
			<trkpt lat="48.022733" lon="16.019264">
				<ele>453.33</ele>
				<time>2025-09-21T08:05:14Z</time>
			</trkpt>
			<trkpt lat="48.022704" lon="16.019165">
				<ele>453.51</ele>
				<time>2025-09-21T08:05:19Z</time>
			</trkpt>
			<trkpt lat="48.022637" lon="16.019064">
				<ele>453.68</ele>
				<time>2025-09-21T08:05:21Z</time>
			</trkpt>
			<trkpt lat="48.022601" lon="16.018985">
				<ele>453.86</ele>
				<time>2025-09-21T08:05:24Z</time>
			</trkpt>
			<trkpt lat="48.022566" lon="16.018898">
				<ele>454.03</ele>
				<time>2025-09-21T08:05:27Z</time>
			</trkpt>
			<trkpt lat="48.022534" lon="16.018809">
				<ele>454.21</ele>
				<time>2025-09-21T08:05:30Z</time>
			</trkpt>
			<trkpt lat="48.022507" lon="16.018732">
				<ele>454.37</ele>
				<time>2025-09-21T08:05:33Z</time>
			</trkpt>
			<trkpt lat="48.022476" lon="16.018641">
				<ele>454.53</ele>
				<time>2025-09-21T08:05:36Z</time>
			</trkpt>
			<trkpt lat="48.022452" lon="16.018549">
				<ele>454.66</ele>
				<time>2025-09-21T08:05:39Z</time>
			</trkpt>
			<trkpt lat="48.022418" lon="16.018456">
				<ele>454.81</ele>
				<time>2025-09-21T08:05:42Z</time>
			</trkpt>
			<trkpt lat="48.022382" lon="16.018359">
				<ele>454.95</ele>
				<time>2025-09-21T08:05:45Z</time>
			</trkpt>
			<trkpt lat="48.02235" lon="16.018274">
				<ele>455.08</ele>
				<time>2025-09-21T08:05:48Z</time>
			</trkpt>
			<trkpt lat="48.022322" lon="16.018184">
				<ele>455.23</ele>
				<time>2025-09-21T08:05:51Z</time>
			</trkpt>
			<trkpt lat="48.022303" lon="16.018099">
				<ele>455.38</ele>
				<time>2025-09-21T08:05:54Z</time>
			</trkpt>
			<trkpt lat="48.022279" lon="16.018024">
				<ele>455.54</ele>
				<time>2025-09-21T08:05:56Z</time>
			</trkpt>
			<trkpt lat="48.022246" lon="16.017935">
				<ele>455.71</ele>
				<time>2025-09-21T08:05:59Z</time>
			</trkpt>
			<trkpt lat="48.022216" lon="16.017847">
				<ele>455.89</ele>
				<time>2025-09-21T08:06:02Z</time>
			</trkpt>
			<trkpt lat="48.022192" lon="16.017774">
				<ele>456.07</ele>
				<time>2025-09-21T08:06:04Z</time>
			</trkpt>
			<trkpt lat="48.022162" lon="16.017686">
				<ele>456.25</ele>
				<time>2025-09-21T08:06:07Z</time>
			</trkpt>
			<trkpt lat="48.022145" lon="16.017606">
				<ele>456.44</ele>
				<time>2025-09-21T08:06:10Z</time>
			</trkpt>
			<trkpt lat="48.022111" lon="16.017529">
				<ele>456.64</ele>
				<time>2025-09-21T08:06:12Z</time>
			</trkpt>
			<trkpt lat="48.022074" lon="16.017448">
				<ele>456.85</ele>
				<time>2025-09-21T08:06:15Z</time>
			</trkpt>
			<trkpt lat="48.022027" lon="16.017378">
				<ele>457.05</ele>
				<time>2025-09-21T08:06:18Z</time>
			</trkpt>
			<trkpt lat="48.021998" lon="16.017309">
				<ele>457.27</ele>
				<time>2025-09-21T08:06:20Z</time>
			</trkpt>
			<trkpt lat="48.021952" lon="16.01723">
				<ele>457.47</ele>
				<time>2025-09-21T08:06:23Z</time>
			</trkpt>
			<trkpt lat="48.021904" lon="16.017151">
				<ele>457.7</ele>
				<time>2025-09-21T08:06:26Z</time>
			</trkpt>
			<trkpt lat="48.021859" lon="16.0171">
				<ele>457.94</ele>
				<time>2025-09-21T08:06:29Z</time>
			</trkpt>
			<trkpt lat="48.021809" lon="16.017028">
				<ele>458.18</ele>
				<time>2025-09-21T08:06:32Z</time>
			</trkpt>
			<trkpt lat="48.021758" lon="16.016964">
				<ele>458.39</ele>
				<time>2025-09-21T08:06:35Z</time>
			</trkpt>
			<trkpt lat="48.021713" lon="16.016906">
				<ele>458.62</ele>
				<time>2025-09-21T08:06:38Z</time>
			</trkpt>
			<trkpt lat="48.021664" lon="16.016855">
				<ele>458.87</ele>
				<time>2025-09-21T08:06:41Z</time>
			</trkpt>
			<trkpt lat="48.021611" lon="16.016799">
				<ele>459.12</ele>
				<time>2025-09-21T08:06:44Z</time>
			</trkpt>
			<trkpt lat="48.021556" lon="16.016754">
				<ele>459.39</ele>
				<time>2025-09-21T08:06:47Z</time>
			</trkpt>
			<trkpt lat="48.021501" lon="16.016709">
				<ele>459.63</ele>
				<time>2025-09-21T08:06:50Z</time>
			</trkpt>
			<trkpt lat="48.021442" lon="16.016673">
				<ele>459.91</ele>
				<time>2025-09-21T08:06:53Z</time>
			</trkpt>
			<trkpt lat="48.021387" lon="16.016642">
				<ele>460.19</ele>
				<time>2025-09-21T08:06:56Z</time>
			</trkpt>
			<trkpt lat="48.021332" lon="16.016601">
				<ele>460.5</ele>
				<time>2025-09-21T08:06:59Z</time>
			</trkpt>
			<trkpt lat="48.021275" lon="16.016574">
				<ele>460.79</ele>
				<time>2025-09-21T08:07:02Z</time>
			</trkpt>
			<trkpt lat="48.021212" lon="16.016547">
				<ele>461.1</ele>
				<time>2025-09-21T08:07:05Z</time>
			</trkpt>
			<trkpt lat="48.021137" lon="16.016516">
				<ele>461.41</ele>
				<time>2025-09-21T08:07:09Z</time>
			</trkpt>
			<trkpt lat="48.021079" lon="16.016492">
				<ele>461.73</ele>
				<time>2025-09-21T08:07:12Z</time>
			</trkpt>
			<trkpt lat="48.021017" lon="16.016467">
				<ele>462.07</ele>
				<time>2025-09-21T08:07:15Z</time>
			</trkpt>
			<trkpt lat="48.02095" lon="16.016456">
				<ele>462.4</ele>
				<time>2025-09-21T08:07:18Z</time>
			</trkpt>
			<trkpt lat="48.020895" lon="16.016439">
				<ele>462.72</ele>
				<time>2025-09-21T08:07:21Z</time>
			</trkpt>
			<trkpt lat="48.020842" lon="16.016405">
				<ele>463.05</ele>
				<time>2025-09-21T08:07:24Z</time>
			</trkpt>
			<trkpt lat="48.020776" lon="16.016389">
				<ele>463.41</ele>
				<time>2025-09-21T08:07:27Z</time>
			</trkpt>
			<trkpt lat="48.020714" lon="16.01638">
				<ele>463.77</ele>
				<time>2025-09-21T08:07:30Z</time>
			</trkpt>
			<trkpt lat="48.020657" lon="16.016368">
				<ele>464.09</ele>
				<time>2025-09-21T08:07:33Z</time>
			</trkpt>
			<trkpt lat="48.020592" lon="16.016355">
				<ele>464.42</ele>
				<time>2025-09-21T08:07:36Z</time>
			</trkpt>
			<trkpt lat="48.020539" lon="16.016332">
				<ele>464.76</ele>
				<time>2025-09-21T08:07:39Z</time>
			</trkpt>
			<trkpt lat="48.020473" lon="16.016322">
				<ele>465.12</ele>
				<time>2025-09-21T08:07:42Z</time>
			</trkpt>
			<trkpt lat="48.020411" lon="16.01631">
				<ele>465.48</ele>
				<time>2025-09-21T08:07:45Z</time>
			</trkpt>
			<trkpt lat="48.020356" lon="16.016302">
				<ele>465.8</ele>
				<time>2025-09-21T08:07:48Z</time>
			</trkpt>
			<trkpt lat="48.020289" lon="16.016265">
				<ele>466.15</ele>
				<time>2025-09-21T08:07:51Z</time>
			</trkpt>
			<trkpt lat="48.020228" lon="16.016229">
				<ele>466.5</ele>
				<time>2025-09-21T08:07:54Z</time>
			</trkpt>
			<trkpt lat="48.020167" lon="16.016197">
				<ele>466.86</ele>
				<time>2025-09-21T08:07:57Z</time>
			</trkpt>
			<trkpt lat="48.020108" lon="16.016169">
				<ele>467.2</ele>
				<time>2025-09-21T08:08:00Z</time>
			</trkpt>
			<trkpt lat="48.020049" lon="16.016121">
				<ele>467.53</ele>
				<time>2025-09-21T08:08:04Z</time>
			</trkpt>
			<trkpt lat="48.019991" lon="16.01609">
				<ele>467.88</ele>
				<time>2025-09-21T08:08:07Z</time>
			</trkpt>
			<trkpt lat="48.019941" lon="16.016049">
				<ele>468.22</ele>
				<time>2025-09-21T08:08:10Z</time>
			</trkpt>
			<trkpt lat="48.019892" lon="16.01599">
				<ele>468.57</ele>
				<time>2025-09-21T08:08:13Z</time>
			</trkpt>
			<trkpt lat="48.019844" lon="16.015952">
				<ele>468.91</ele>
				<time>2025-09-21T08:08:16Z</time>
			</trkpt>
			<trkpt lat="48.019791" lon="16.015894">
				<ele>469.25</ele>
				<time>2025-09-21T08:08:19Z</time>
			</trkpt>
			<trkpt lat="48.01974" lon="16.015846">
				<ele>469.57</ele>
				<time>2025-09-21T08:08:22Z</time>
			</trkpt>
			<trkpt lat="48.019688" lon="16.015793">
				<ele>469.88</ele>
				<time>2025-09-21T08:08:25Z</time>
			</trkpt>
			<trkpt lat="48.019635" lon="16.015743">
				<ele>470.21</ele>
				<time>2025-09-21T08:08:28Z</time>
			</trkpt>
			<trkpt lat="48.019591" lon="16.015689">
				<ele>470.51</ele>
				<time>2025-09-21T08:08:31Z</time>
			</trkpt>
			<trkpt lat="48.019553" lon="16.015626">
				<ele>470.83</ele>
				<time>2025-09-21T08:08:34Z</time>
			</trkpt>
			<trkpt lat="48.019507" lon="16.015583">
				<ele>471.14</ele>
				<time>2025-09-21T08:08:37Z</time>
			</trkpt>
			<trkpt lat="48.019459" lon="16.015532">
				<ele>471.45</ele>
				<time>2025-09-21T08:08:40Z</time>
			</trkpt>
			<trkpt lat="48.019412" lon="16.015475">
				<ele>471.78</ele>
				<time>2025-09-21T08:08:43Z</time>
			</trkpt>
			<trkpt lat="48.019363" lon="16.015419">
				<ele>472.1</ele>
				<time>2025-09-21T08:08:46Z</time>
			</trkpt>
			<trkpt lat="48.019301" lon="16.015356">
				<ele>472.42</ele>
				<time>2025-09-21T08:08:50Z</time>
			</trkpt>
			<trkpt lat="48.019253" lon="16.015315">
				<ele>472.74</ele>
				<time>2025-09-21T08:08:53Z</time>
			</trkpt>
			<trkpt lat="48.019214" lon="16.015257">
				<ele>473.06</ele>
				<time>2025-09-21T08:08:56Z</time>
			</trkpt>
			<trkpt lat="48.019152" lon="16.01521">
				<ele>473.41</ele>
				<time>2025-09-21T08:08:59Z</time>
			</trkpt>
			<trkpt lat="48.019115" lon="16.015148">
				<ele>473.75</ele>
				<time>2025-09-21T08:09:02Z</time>
			</trkpt>
			<trkpt lat="48.01906" lon="16.015104">
				<ele>474.08</ele>
				<time>2025-09-21T08:09:05Z</time>
			</trkpt>
			<trkpt lat="48.019008" lon="16.015054">
				<ele>474.43</ele>
				<time>2025-09-21T08:09:08Z</time>
			</trkpt>
			<trkpt lat="48.01896" lon="16.014997">
				<ele>474.78</ele>
				<time>2025-09-21T08:09:11Z</time>
			</trkpt>
			<trkpt lat="48.018918" lon="16.014946">
				<ele>475.12</ele>
				<time>2025-09-21T08:09:14Z</time>
			</trkpt>
			<trkpt lat="48.018865" lon="16.014908">
				<ele>475.45</ele>
				<time>2025-09-21T08:09:17Z</time>
			</trkpt>
			<trkpt lat="48.018811" lon="16.014861">
				<ele>475.79</ele>
				<time>2025-09-21T08:09:20Z</time>
			</trkpt>
			<trkpt lat="48.018761" lon="16.014821">
				<ele>476.11</ele>
				<time>2025-09-21T08:09:23Z</time>
			</trkpt>
			<trkpt lat="48.018711" lon="16.014765">
				<ele>476.43</ele>
				<time>2025-09-21T08:09:26Z</time>
			</trkpt>
			<trkpt lat="48.018647" lon="16.014712">
				<ele>476.75</ele>
				<time>2025-09-21T08:09:29Z</time>
			</trkpt>
			<trkpt lat="48.018593" lon="16.014689">
				<ele>477.04</ele>
				<time>2025-09-21T08:09:32Z</time>
			</trkpt>
			<trkpt lat="48.01854" lon="16.014637">
				<ele>477.33</ele>
				<time>2025-09-21T08:09:35Z</time>
			</trkpt>
			<trkpt lat="48.018482" lon="16.014596">
				<ele>477.61</ele>
				<time>2025-09-21T08:09:38Z</time>
			</trkpt>
			<trkpt lat="48.018422" lon="16.01456">
				<ele>477.87</ele>
				<time>2025-09-21T08:09:41Z</time>
			</trkpt>
			<trkpt lat="48.018369" lon="16.014518">
				<ele>478.1</ele>
				<time>2025-09-21T08:09:44Z</time>
			</trkpt>
			<trkpt lat="48.01832" lon="16.014461">
				<ele>478.29</ele>
				<time>2025-09-21T08:09:47Z</time>
			</trkpt>
			<trkpt lat="48.018266" lon="16.014415">
				<ele>478.43</ele>
				<time>2025-09-21T08:09:50Z</time>
			</trkpt>
			<trkpt lat="48.018222" lon="16.014346">
				<ele>478.51</ele>
				<time>2025-09-21T08:09:53Z</time>
			</trkpt>
			<trkpt lat="48.01818" lon="16.014287">
				<ele>478.58</ele>
				<time>2025-09-21T08:09:56Z</time>
			</trkpt>
			<trkpt lat="48.018129" lon="16.014241">
				<ele>478.63</ele>
				<time>2025-09-21T08:09:59Z</time>
			</trkpt>
			<trkpt lat="48.018086" lon="16.014191">
				<ele>478.64</ele>
				<time>2025-09-21T08:10:02Z</time>
			</trkpt>
			<trkpt lat="48.018026" lon="16.014134">
				<ele>478.61</ele>
				<time>2025-09-21T08:10:05Z</time>
			</trkpt>
			<trkpt lat="48.017977" lon="16.014098">
				<ele>478.56</ele>
				<time>2025-09-21T08:10:09Z</time>
			</trkpt>
			<trkpt lat="48.01794" lon="16.014025">
				<ele>478.51</ele>
				<time>2025-09-21T08:10:15Z</time>
			</trkpt>
			<trkpt lat="48.017909" lon="16.013958">
				<ele>478.47</ele>
				<time>2025-09-21T08:10:22Z</time>
			</trkpt>
			<trkpt lat="48.01787" lon="16.014025">
				<ele>478.4</ele>
				<time>2025-09-21T08:14:24Z</time>
			</trkpt>
			<trkpt lat="48.017943" lon="16.013983">
				<ele>478.34</ele>
				<time>2025-09-21T08:14:30Z</time>
			</trkpt>
			<trkpt lat="48.018001" lon="16.013889">
				<ele>478.27</ele>
				<time>2025-09-21T08:14:32Z</time>
			</trkpt>
			<trkpt lat="48.017974" lon="16.014008">
				<ele>478.21</ele>
				<time>2025-09-21T08:14:34Z</time>
			</trkpt>
			<trkpt lat="48.018005" lon="16.014078">
				<ele>478.17</ele>
				<time>2025-09-21T08:14:37Z</time>
			</trkpt>
			<trkpt lat="48.017879" lon="16.013961">
				<ele>478.13</ele>
				<time>2025-09-21T08:15:16Z</time>
			</trkpt>
			<trkpt lat="48.017875" lon="16.01388">
				<ele>478.06</ele>
				<time>2025-09-21T08:15:37Z</time>
			</trkpt>
			<trkpt lat="48.017872" lon="16.013786">
				<ele>477.95</ele>
				<time>2025-09-21T08:15:51Z</time>
			</trkpt>
			<trkpt lat="48.017858" lon="16.013698">
				<ele>477.84</ele>
				<time>2025-09-21T08:15:55Z</time>
			</trkpt>
			<trkpt lat="48.017835" lon="16.013599">
				<ele>477.7</ele>
				<time>2025-09-21T08:15:59Z</time>
			</trkpt>
			<trkpt lat="48.017832" lon="16.013516">
				<ele>477.52</ele>
				<time>2025-09-21T08:16:02Z</time>
			</trkpt>
			<trkpt lat="48.017825" lon="16.01342">
				<ele>477.31</ele>
				<time>2025-09-21T08:16:05Z</time>
			</trkpt>
			<trkpt lat="48.017814" lon="16.013334">
				<ele>477.03</ele>
				<time>2025-09-21T08:16:08Z</time>
			</trkpt>
			<trkpt lat="48.017795" lon="16.013237">
				<ele>476.72</ele>
				<time>2025-09-21T08:16:11Z</time>
			</trkpt>
			<trkpt lat="48.017788" lon="16.013131">
				<ele>476.37</ele>
				<time>2025-09-21T08:16:14Z</time>
			</trkpt>
			<trkpt lat="48.017777" lon="16.013038">
				<ele>475.95</ele>
				<time>2025-09-21T08:16:17Z</time>
			</trkpt>
			<trkpt lat="48.017757" lon="16.012933">
				<ele>475.48</ele>
				<time>2025-09-21T08:16:20Z</time>
			</trkpt>
			<trkpt lat="48.017745" lon="16.012822">
				<ele>474.98</ele>
				<time>2025-09-21T08:16:23Z</time>
			</trkpt>
			<trkpt lat="48.01773" lon="16.012721">
				<ele>474.45</ele>
				<time>2025-09-21T08:16:26Z</time>
			</trkpt>
			<trkpt lat="48.017708" lon="16.012636">
				<ele>473.92</ele>
				<time>2025-09-21T08:16:29Z</time>
			</trkpt>
			<trkpt lat="48.017668" lon="16.012556">
				<ele>473.38</ele>
				<time>2025-09-21T08:16:32Z</time>
			</trkpt>
			<trkpt lat="48.017611" lon="16.012501">
				<ele>472.87</ele>
				<time>2025-09-21T08:16:37Z</time>
			</trkpt>
			<trkpt lat="48.017532" lon="16.012465">
				<ele>472.4</ele>
				<time>2025-09-21T08:16:40Z</time>
			</trkpt>
			<trkpt lat="48.017467" lon="16.012419">
				<ele>471.96</ele>
				<time>2025-09-21T08:16:42Z</time>
			</trkpt>
			<trkpt lat="48.017415" lon="16.012364">
				<ele>471.57</ele>
				<time>2025-09-21T08:16:44Z</time>
			</trkpt>
			<trkpt lat="48.01738" lon="16.012293">
				<ele>471.25</ele>
				<time>2025-09-21T08:16:46Z</time>
			</trkpt>
			<trkpt lat="48.017332" lon="16.012203">
				<ele>471.02</ele>
				<time>2025-09-21T08:16:49Z</time>
			</trkpt>
			<trkpt lat="48.0173" lon="16.012109">
				<ele>470.89</ele>
				<time>2025-09-21T08:16:52Z</time>
			</trkpt>
			<trkpt lat="48.017253" lon="16.012022">
				<ele>470.9</ele>
				<time>2025-09-21T08:16:55Z</time>
			</trkpt>
			<trkpt lat="48.017204" lon="16.011934">
				<ele>471.04</ele>
				<time>2025-09-21T08:16:58Z</time>
			</trkpt>
			<trkpt lat="48.017151" lon="16.011897">
				<ele>471.27</ele>
				<time>2025-09-21T08:17:01Z</time>
			</trkpt>
			<trkpt lat="48.017029" lon="16.011895">
				<ele>471.61</ele>
				<time>2025-09-21T08:17:07Z</time>
			</trkpt>
			<trkpt lat="48.016963" lon="16.011885">
				<ele>472.02</ele>
				<time>2025-09-21T08:17:11Z</time>
			</trkpt>
			<trkpt lat="48.016899" lon="16.01187">
				<ele>472.48</ele>
				<time>2025-09-21T08:17:15Z</time>
			</trkpt>
			<trkpt lat="48.016842" lon="16.011845">
				<ele>472.98</ele>
				<time>2025-09-21T08:17:19Z</time>
			</trkpt>
			<trkpt lat="48.016784" lon="16.01182">
				<ele>473.5</ele>
				<time>2025-09-21T08:17:23Z</time>
			</trkpt>
			<trkpt lat="48.016728" lon="16.011779">
				<ele>474.06</ele>
				<time>2025-09-21T08:17:27Z</time>
			</trkpt>
			<trkpt lat="48.016662" lon="16.011751">
				<ele>474.63</ele>
				<time>2025-09-21T08:17:31Z</time>
			</trkpt>
			<trkpt lat="48.016625" lon="16.011679">
				<ele>475.16</ele>
				<time>2025-09-21T08:17:34Z</time>
			</trkpt>
			<trkpt lat="48.016598" lon="16.011608">
				<ele>475.63</ele>
				<time>2025-09-21T08:17:36Z</time>
			</trkpt>
			<trkpt lat="48.016595" lon="16.011524">
				<ele>476.02</ele>
				<time>2025-09-21T08:17:37Z</time>
			</trkpt>
			<trkpt lat="48.016558" lon="16.011447">
				<ele>476.27</ele>
				<time>2025-09-21T08:17:40Z</time>
			</trkpt>
			<trkpt lat="48.016532" lon="16.011358">
				<ele>476.4</ele>
				<time>2025-09-21T08:17:43Z</time>
			</trkpt>
			<trkpt lat="48.016485" lon="16.011293">
				<ele>476.41</ele>
				<time>2025-09-21T08:17:46Z</time>
			</trkpt>
			<trkpt lat="48.016452" lon="16.011219">
				<ele>476.27</ele>
				<time>2025-09-21T08:17:49Z</time>
			</trkpt>
			<trkpt lat="48.016421" lon="16.011148">
				<ele>476.04</ele>
				<time>2025-09-21T08:17:52Z</time>
			</trkpt>
			<trkpt lat="48.016376" lon="16.011069">
				<ele>475.71</ele>
				<time>2025-09-21T08:17:55Z</time>
			</trkpt>
			<trkpt lat="48.016347" lon="16.010988">
				<ele>475.28</ele>
				<time>2025-09-21T08:17:58Z</time>
			</trkpt>
			<trkpt lat="48.016313" lon="16.010904">
				<ele>474.74</ele>
				<time>2025-09-21T08:18:01Z</time>
			</trkpt>
			<trkpt lat="48.016282" lon="16.010813">
				<ele>474.09</ele>
				<time>2025-09-21T08:18:05Z</time>
			</trkpt>
			<trkpt lat="48.016242" lon="16.010757">
				<ele>473.33</ele>
				<time>2025-09-21T08:18:21Z</time>
			</trkpt>
			<trkpt lat="48.01619" lon="16.010731">
				<ele>472.45</ele>
				<time>2025-09-21T08:18:25Z</time>
			</trkpt>
			<trkpt lat="48.016188" lon="16.010649">
				<ele>471.46</ele>
				<time>2025-09-21T08:18:28Z</time>
			</trkpt>
			<trkpt lat="48.016195" lon="16.01056">
				<ele>470.38</ele>
				<time>2025-09-21T08:18:31Z</time>
			</trkpt>
			<trkpt lat="48.016201" lon="16.01046">
				<ele>469.22</ele>
				<time>2025-09-21T08:18:34Z</time>
			</trkpt>
			<trkpt lat="48.016183" lon="16.010361">
				<ele>467.98</ele>
				<time>2025-09-21T08:18:39Z</time>
			</trkpt>
			<trkpt lat="48.016165" lon="16.010272">
				<ele>466.71</ele>
				<time>2025-09-21T08:18:43Z</time>
			</trkpt>
			<trkpt lat="48.016133" lon="16.010179">
				<ele>465.32</ele>
				<time>2025-09-21T08:18:47Z</time>
			</trkpt>
			<trkpt lat="48.016123" lon="16.010088">
				<ele>463.85</ele>
				<time>2025-09-21T08:18:51Z</time>
			</trkpt>
			<trkpt lat="48.016097" lon="16.009988">
				<ele>462.36</ele>
				<time>2025-09-21T08:18:56Z</time>
			</trkpt>
			<trkpt lat="48.016076" lon="16.009905">
				<ele>460.82</ele>
				<time>2025-09-21T08:19:00Z</time>
			</trkpt>
			<trkpt lat="48.016054" lon="16.009825">
				<ele>459.21</ele>
				<time>2025-09-21T08:19:04Z</time>
			</trkpt>
			<trkpt lat="48.016023" lon="16.009755">
				<ele>457.58</ele>
				<time>2025-09-21T08:19:08Z</time>
			</trkpt>
			<trkpt lat="48.015981" lon="16.009663">
				<ele>455.95</ele>
				<time>2025-09-21T08:19:14Z</time>
			</trkpt>
			<trkpt lat="48.015952" lon="16.009591">
				<ele>454.3</ele>
				<time>2025-09-21T08:19:18Z</time>
			</trkpt>
			<trkpt lat="48.015915" lon="16.00952">
				<ele>452.66</ele>
				<time>2025-09-21T08:19:22Z</time>
			</trkpt>
			<trkpt lat="48.015889" lon="16.009405">
				<ele>451.04</ele>
				<time>2025-09-21T08:19:26Z</time>
			</trkpt>
			<trkpt lat="48.015861" lon="16.009312">
				<ele>449.45</ele>
				<time>2025-09-21T08:19:31Z</time>
			</trkpt>
			<trkpt lat="48.015826" lon="16.00924">
				<ele>447.89</ele>
				<time>2025-09-21T08:19:34Z</time>
			</trkpt>
			<trkpt lat="48.015794" lon="16.009151">
				<ele>446.35</ele>
				<time>2025-09-21T08:19:38Z</time>
			</trkpt>
			<trkpt lat="48.015763" lon="16.009062">
				<ele>444.9</ele>
				<time>2025-09-21T08:19:42Z</time>
			</trkpt>
			<trkpt lat="48.015725" lon="16.008988">
				<ele>443.5</ele>
				<time>2025-09-21T08:19:46Z</time>
			</trkpt>
			<trkpt lat="48.015697" lon="16.008914">
				<ele>442.12</ele>
				<time>2025-09-21T08:19:49Z</time>
			</trkpt>
			<trkpt lat="48.015673" lon="16.008827">
				<ele>440.76</ele>
				<time>2025-09-21T08:19:53Z</time>
			</trkpt>
			<trkpt lat="48.015667" lon="16.008714">
				<ele>439.47</ele>
				<time>2025-09-21T08:19:57Z</time>
			</trkpt>
			<trkpt lat="48.015621" lon="16.00866">
				<ele>438.2</ele>
				<time>2025-09-21T08:20:00Z</time>
			</trkpt>
			<trkpt lat="48.01558" lon="16.008583">
				<ele>436.93</ele>
				<time>2025-09-21T08:20:04Z</time>
			</trkpt>
			<trkpt lat="48.015552" lon="16.008497">
				<ele>435.68</ele>
				<time>2025-09-21T08:20:08Z</time>
			</trkpt>
			<trkpt lat="48.015528" lon="16.008422">
				<ele>434.42</ele>
				<time>2025-09-21T08:20:11Z</time>
			</trkpt>
			<trkpt lat="48.015504" lon="16.008345">
				<ele>433.17</ele>
				<time>2025-09-21T08:20:14Z</time>
			</trkpt>
			<trkpt lat="48.015474" lon="16.008266">
				<ele>431.93</ele>
				<time>2025-09-21T08:20:17Z</time>
			</trkpt>
			<trkpt lat="48.015437" lon="16.008186">
				<ele>430.68</ele>
				<time>2025-09-21T08:20:21Z</time>
			</trkpt>
			<trkpt lat="48.015396" lon="16.008125">
				<ele>429.41</ele>
				<time>2025-09-21T08:20:24Z</time>
			</trkpt>
			<trkpt lat="48.015362" lon="16.008042">
				<ele>428.14</ele>
				<time>2025-09-21T08:20:28Z</time>
			</trkpt>
			<trkpt lat="48.01533" lon="16.007959">
				<ele>426.89</ele>
				<time>2025-09-21T08:20:32Z</time>
			</trkpt>
			<trkpt lat="48.015301" lon="16.007888">
				<ele>425.64</ele>
				<time>2025-09-21T08:20:35Z</time>
			</trkpt>
			<trkpt lat="48.015291" lon="16.007803">
				<ele>424.42</ele>
				<time>2025-09-21T08:20:38Z</time>
			</trkpt>
			<trkpt lat="48.015256" lon="16.007718">
				<ele>423.22</ele>
				<time>2025-09-21T08:20:42Z</time>
			</trkpt>
			<trkpt lat="48.015234" lon="16.007611">
				<ele>422.04</ele>
				<time>2025-09-21T08:20:46Z</time>
			</trkpt>
			<trkpt lat="48.015247" lon="16.007531">
				<ele>420.89</ele>
				<time>2025-09-21T08:20:49Z</time>
			</trkpt>
			<trkpt lat="48.015299" lon="16.007491">
				<ele>419.79</ele>
				<time>2025-09-21T08:20:52Z</time>
			</trkpt>
			<trkpt lat="48.015362" lon="16.007475">
				<ele>418.77</ele>
				<time>2025-09-21T08:20:55Z</time>
			</trkpt>
			<trkpt lat="48.015425" lon="16.00747">
				<ele>417.83</ele>
				<time>2025-09-21T08:20:58Z</time>
			</trkpt>
			<trkpt lat="48.015477" lon="16.007437">
				<ele>416.87</ele>
				<time>2025-09-21T08:21:01Z</time>
			</trkpt>
			<trkpt lat="48.015514" lon="16.007346">
				<ele>415.95</ele>
				<time>2025-09-21T08:21:04Z</time>
			</trkpt>
			<trkpt lat="48.015509" lon="16.007257">
				<ele>415.09</ele>
				<time>2025-09-21T08:21:07Z</time>
			</trkpt>
			<trkpt lat="48.015464" lon="16.007183">
				<ele>414.33</ele>
				<time>2025-09-21T08:21:10Z</time>
			</trkpt>
			<trkpt lat="48.015531" lon="16.007198">
				<ele>413.63</ele>
				<time>2025-09-21T08:21:15Z</time>
			</trkpt>
			<trkpt lat="48.015582" lon="16.007163">
				<ele>413.0</ele>
				<time>2025-09-21T08:21:19Z</time>
			</trkpt>
			<trkpt lat="48.015658" lon="16.007195">
				<ele>412.41</ele>
				<time>2025-09-21T08:21:24Z</time>
			</trkpt>
			<trkpt lat="48.015709" lon="16.007247">
				<ele>411.87</ele>
				<time>2025-09-21T08:21:27Z</time>
			</trkpt>
			<trkpt lat="48.015763" lon="16.007296">
				<ele>411.38</ele>
				<time>2025-09-21T08:21:30Z</time>
			</trkpt>
			<trkpt lat="48.01582" lon="16.007322">
				<ele>410.91</ele>
				<time>2025-09-21T08:21:33Z</time>
			</trkpt>
			<trkpt lat="48.015873" lon="16.007385">
				<ele>410.47</ele>
				<time>2025-09-21T08:21:37Z</time>
			</trkpt>
			<trkpt lat="48.015916" lon="16.007436">
				<ele>410.05</ele>
				<time>2025-09-21T08:21:40Z</time>
			</trkpt>
			<trkpt lat="48.01597" lon="16.007504">
				<ele>409.64</ele>
				<time>2025-09-21T08:21:44Z</time>
			</trkpt>
			<trkpt lat="48.016033" lon="16.007566">
				<ele>409.28</ele>
				<time>2025-09-21T08:21:47Z</time>
			</trkpt>
			<trkpt lat="48.016085" lon="16.007596">
				<ele>408.93</ele>
				<time>2025-09-21T08:21:50Z</time>
			</trkpt>
			<trkpt lat="48.016108" lon="16.007504">
				<ele>408.56</ele>
				<time>2025-09-21T08:21:53Z</time>
			</trkpt>
			<trkpt lat="48.016065" lon="16.00742">
				<ele>408.09</ele>
				<time>2025-09-21T08:21:56Z</time>
			</trkpt>
			<trkpt lat="48.016007" lon="16.007361">
				<ele>407.53</ele>
				<time>2025-09-21T08:21:59Z</time>
			</trkpt>
			<trkpt lat="48.015973" lon="16.00724">
				<ele>406.89</ele>
				<time>2025-09-21T08:22:02Z</time>
			</trkpt>
			<trkpt lat="48.015976" lon="16.007154">
				<ele>406.25</ele>
				<time>2025-09-21T08:22:07Z</time>
			</trkpt>
			<trkpt lat="48.015988" lon="16.007071">
				<ele>405.66</ele>
				<time>2025-09-21T08:22:11Z</time>
			</trkpt>
			<trkpt lat="48.016006" lon="16.006989">
				<ele>405.13</ele>
				<time>2025-09-21T08:22:14Z</time>
			</trkpt>
			<trkpt lat="48.016018" lon="16.006906">
				<ele>404.7</ele>
				<time>2025-09-21T08:22:18Z</time>
			</trkpt>
			<trkpt lat="48.016068" lon="16.006814">
				<ele>404.4</ele>
				<time>2025-09-21T08:22:22Z</time>
			</trkpt>
			<trkpt lat="48.016118" lon="16.006747">
				<ele>404.15</ele>
				<time>2025-09-21T08:22:26Z</time>
			</trkpt>
			<trkpt lat="48.016159" lon="16.006687">
				<ele>403.96</ele>
				<time>2025-09-21T08:22:29Z</time>
			</trkpt>
			<trkpt lat="48.016204" lon="16.006611">
				<ele>403.81</ele>
				<time>2025-09-21T08:22:33Z</time>
			</trkpt>
			<trkpt lat="48.016195" lon="16.00652">
				<ele>403.73</ele>
				<time>2025-09-21T08:22:37Z</time>
			</trkpt>
			<trkpt lat="48.016178" lon="16.006442">
				<ele>403.67</ele>
				<time>2025-09-21T08:22:41Z</time>
			</trkpt>
			<trkpt lat="48.016153" lon="16.006356">
				<ele>403.77</ele>
				<time>2025-09-21T08:22:46Z</time>
			</trkpt>
			<trkpt lat="48.016115" lon="16.006267">
				<ele>404.0</ele>
				<time>2025-09-21T08:22:49Z</time>
			</trkpt>
			<trkpt lat="48.016075" lon="16.006183">
				<ele>404.33</ele>
				<time>2025-09-21T08:22:52Z</time>
			</trkpt>
			<trkpt lat="48.01605" lon="16.006096">
				<ele>404.71</ele>
				<time>2025-09-21T08:22:55Z</time>
			</trkpt>
			<trkpt lat="48.016025" lon="16.006016">
				<ele>405.11</ele>
				<time>2025-09-21T08:22:58Z</time>
			</trkpt>
			<trkpt lat="48.015989" lon="16.005956">
				<ele>405.49</ele>
				<time>2025-09-21T08:23:27Z</time>
			</trkpt>
			<trkpt lat="48.015963" lon="16.005868">
				<ele>405.83</ele>
				<time>2025-09-21T08:23:30Z</time>
			</trkpt>
			<trkpt lat="48.015938" lon="16.005791">
				<ele>406.09</ele>
				<time>2025-09-21T08:23:32Z</time>
			</trkpt>
			<trkpt lat="48.015913" lon="16.005692">
				<ele>406.35</ele>
				<time>2025-09-21T08:23:35Z</time>
			</trkpt>
			<trkpt lat="48.015878" lon="16.00559">
				<ele>406.6</ele>
				<time>2025-09-21T08:23:38Z</time>
			</trkpt>
			<trkpt lat="48.015843" lon="16.00549">
				<ele>406.87</ele>
				<time>2025-09-21T08:23:41Z</time>
			</trkpt>
			<trkpt lat="48.015826" lon="16.005393">
				<ele>407.17</ele>
				<time>2025-09-21T08:23:44Z</time>
			</trkpt>
			<trkpt lat="48.015814" lon="16.005294">
				<ele>407.48</ele>
				<time>2025-09-21T08:23:47Z</time>
			</trkpt>
			<trkpt lat="48.015792" lon="16.005219">
				<ele>407.76</ele>
				<time>2025-09-21T08:23:49Z</time>
			</trkpt>
			<trkpt lat="48.015782" lon="16.005099">
				<ele>408.02</ele>
				<time>2025-09-21T08:23:52Z</time>
			</trkpt>
			<trkpt lat="48.015792" lon="16.004988">
				<ele>408.25</ele>
				<time>2025-09-21T08:23:55Z</time>
			</trkpt>
			<trkpt lat="48.015795" lon="16.004876">
				<ele>408.46</ele>
				<time>2025-09-21T08:23:58Z</time>
			</trkpt>
			<trkpt lat="48.015805" lon="16.004763">
				<ele>408.64</ele>
				<time>2025-09-21T08:24:01Z</time>
			</trkpt>
			<trkpt lat="48.015821" lon="16.004682">
				<ele>408.79</ele>
				<time>2025-09-21T08:24:03Z</time>
			</trkpt>
			<trkpt lat="48.015824" lon="16.004571">
				<ele>408.92</ele>
				<time>2025-09-21T08:24:06Z</time>
			</trkpt>
			<trkpt lat="48.015845" lon="16.004451">
				<ele>409.03</ele>
				<time>2025-09-21T08:24:09Z</time>
			</trkpt>
			<trkpt lat="48.015859" lon="16.004368">
				<ele>409.11</ele>
				<time>2025-09-21T08:24:12Z</time>
			</trkpt>
			<trkpt lat="48.015864" lon="16.00427">
				<ele>409.17</ele>
				<time>2025-09-21T08:24:15Z</time>
			</trkpt>
			<trkpt lat="48.01588" lon="16.004177">
				<ele>409.21</ele>
				<time>2025-09-21T08:24:18Z</time>
			</trkpt>
			<trkpt lat="48.015896" lon="16.004075">
				<ele>409.23</ele>
				<time>2025-09-21T08:24:21Z</time>
			</trkpt>
			<trkpt lat="48.015903" lon="16.003975">
				<ele>409.26</ele>
				<time>2025-09-21T08:24:24Z</time>
			</trkpt>
			<trkpt lat="48.015918" lon="16.003895">
				<ele>409.3</ele>
				<time>2025-09-21T08:24:26Z</time>
			</trkpt>
			<trkpt lat="48.015937" lon="16.003806">
				<ele>409.33</ele>
				<time>2025-09-21T08:24:28Z</time>
			</trkpt>
			<trkpt lat="48.015966" lon="16.003694">
				<ele>409.38</ele>
				<time>2025-09-21T08:24:31Z</time>
			</trkpt>
			<trkpt lat="48.015982" lon="16.003616">
				<ele>409.44</ele>
				<time>2025-09-21T08:24:33Z</time>
			</trkpt>
			<trkpt lat="48.016012" lon="16.003535">
				<ele>409.51</ele>
				<time>2025-09-21T08:24:35Z</time>
			</trkpt>
			<trkpt lat="48.016044" lon="16.003421">
				<ele>409.58</ele>
				<time>2025-09-21T08:24:38Z</time>
			</trkpt>
			<trkpt lat="48.016077" lon="16.003314">
				<ele>409.67</ele>
				<time>2025-09-21T08:24:41Z</time>
			</trkpt>
			<trkpt lat="48.016101" lon="16.003226">
				<ele>409.76</ele>
				<time>2025-09-21T08:24:44Z</time>
			</trkpt>
			<trkpt lat="48.016137" lon="16.003118">
				<ele>409.86</ele>
				<time>2025-09-21T08:24:47Z</time>
			</trkpt>
			<trkpt lat="48.016165" lon="16.003015">
				<ele>409.96</ele>
				<time>2025-09-21T08:24:50Z</time>
			</trkpt>
			<trkpt lat="48.016207" lon="16.002909">
				<ele>410.08</ele>
				<time>2025-09-21T08:24:53Z</time>
			</trkpt>
			<trkpt lat="48.016229" lon="16.002804">
				<ele>410.2</ele>
				<time>2025-09-21T08:24:56Z</time>
			</trkpt>
			<trkpt lat="48.016263" lon="16.002707">
				<ele>410.35</ele>
				<time>2025-09-21T08:24:59Z</time>
			</trkpt>
			<trkpt lat="48.01629" lon="16.002629">
				<ele>410.49</ele>
				<time>2025-09-21T08:25:01Z</time>
			</trkpt>
			<trkpt lat="48.016318" lon="16.002533">
				<ele>410.64</ele>
				<time>2025-09-21T08:25:04Z</time>
			</trkpt>
			<trkpt lat="48.016352" lon="16.002449">
				<ele>410.8</ele>
				<time>2025-09-21T08:25:07Z</time>
			</trkpt>
			<trkpt lat="48.016381" lon="16.002346">
				<ele>410.96</ele>
				<time>2025-09-21T08:25:10Z</time>
			</trkpt>
			<trkpt lat="48.016411" lon="16.002265">
				<ele>411.09</ele>
				<time>2025-09-21T08:25:13Z</time>
			</trkpt>
			<trkpt lat="48.016436" lon="16.002162">
				<ele>411.23</ele>
				<time>2025-09-21T08:25:16Z</time>
			</trkpt>
			<trkpt lat="48.016453" lon="16.002082">
				<ele>411.34</ele>
				<time>2025-09-21T08:25:18Z</time>
			</trkpt>
			<trkpt lat="48.016478" lon="16.001996">
				<ele>411.45</ele>
				<time>2025-09-21T08:25:21Z</time>
			</trkpt>
			<trkpt lat="48.016496" lon="16.001894">
				<ele>411.55</ele>
				<time>2025-09-21T08:25:24Z</time>
			</trkpt>
			<trkpt lat="48.016518" lon="16.001819">
				<ele>411.64</ele>
				<time>2025-09-21T08:25:26Z</time>
			</trkpt>
			<trkpt lat="48.016546" lon="16.001718">
				<ele>411.72</ele>
				<time>2025-09-21T08:25:29Z</time>
			</trkpt>
			<trkpt lat="48.016577" lon="16.001619">
				<ele>411.79</ele>
				<time>2025-09-21T08:25:32Z</time>
			</trkpt>
			<trkpt lat="48.016615" lon="16.001514">
				<ele>411.84</ele>
				<time>2025-09-21T08:25:35Z</time>
			</trkpt>
			<trkpt lat="48.016645" lon="16.001405">
				<ele>411.88</ele>
				<time>2025-09-21T08:25:38Z</time>
			</trkpt>
			<trkpt lat="48.016661" lon="16.001309">
				<ele>411.92</ele>
				<time>2025-09-21T08:25:41Z</time>
			</trkpt>
			<trkpt lat="48.016684" lon="16.001234">
				<ele>411.95</ele>
				<time>2025-09-21T08:25:43Z</time>
			</trkpt>
			<trkpt lat="48.016707" lon="16.00112">
				<ele>411.95</ele>
				<time>2025-09-21T08:25:46Z</time>
			</trkpt>
			<trkpt lat="48.016736" lon="16.001017">
				<ele>411.96</ele>
				<time>2025-09-21T08:25:49Z</time>
			</trkpt>
			<trkpt lat="48.016751" lon="16.000918">
				<ele>411.98</ele>
				<time>2025-09-21T08:25:52Z</time>
			</trkpt>
			<trkpt lat="48.016767" lon="16.000801">
				<ele>411.97</ele>
				<time>2025-09-21T08:25:55Z</time>
			</trkpt>
			<trkpt lat="48.016775" lon="16.000707">
				<ele>411.95</ele>
				<time>2025-09-21T08:25:58Z</time>
			</trkpt>
			<trkpt lat="48.016782" lon="16.000604">
				<ele>411.91</ele>
				<time>2025-09-21T08:26:01Z</time>
			</trkpt>
			<trkpt lat="48.016792" lon="16.000498">
				<ele>411.85</ele>
				<time>2025-09-21T08:26:04Z</time>
			</trkpt>
			<trkpt lat="48.016791" lon="16.000386">
				<ele>411.76</ele>
				<time>2025-09-21T08:26:07Z</time>
			</trkpt>
			<trkpt lat="48.016799" lon="16.000273">
				<ele>411.63</ele>
				<time>2025-09-21T08:26:10Z</time>
			</trkpt>
			<trkpt lat="48.016796" lon="16.000155">
				<ele>411.47</ele>
				<time>2025-09-21T08:26:13Z</time>
			</trkpt>
			<trkpt lat="48.016789" lon="16.000044">
				<ele>411.29</ele>
				<time>2025-09-21T08:26:16Z</time>
			</trkpt>
			<trkpt lat="48.016776" lon="15.999965">
				<ele>411.07</ele>
				<time>2025-09-21T08:26:18Z</time>
			</trkpt>
			<trkpt lat="48.01678" lon="15.99988">
				<ele>410.81</ele>
				<time>2025-09-21T08:26:20Z</time>
			</trkpt>
			<trkpt lat="48.016767" lon="15.999769">
				<ele>410.52</ele>
				<time>2025-09-21T08:26:23Z</time>
			</trkpt>
			<trkpt lat="48.01676" lon="15.999662">
				<ele>410.2</ele>
				<time>2025-09-21T08:26:26Z</time>
			</trkpt>
			<trkpt lat="48.016749" lon="15.999558">
				<ele>409.85</ele>
				<time>2025-09-21T08:26:29Z</time>
			</trkpt>
			<trkpt lat="48.016744" lon="15.999475">
				<ele>409.49</ele>
				<time>2025-09-21T08:26:31Z</time>
			</trkpt>
			<trkpt lat="48.016736" lon="15.99936">
				<ele>409.1</ele>
				<time>2025-09-21T08:26:34Z</time>
			</trkpt>
			<trkpt lat="48.016725" lon="15.999234">
				<ele>408.7</ele>
				<time>2025-09-21T08:26:37Z</time>
			</trkpt>
			<trkpt lat="48.016704" lon="15.99911">
				<ele>408.3</ele>
				<time>2025-09-21T08:26:40Z</time>
			</trkpt>
			<trkpt lat="48.016694" lon="15.998998">
				<ele>407.92</ele>
				<time>2025-09-21T08:26:43Z</time>
			</trkpt>
			<trkpt lat="48.016697" lon="15.998874">
				<ele>407.57</ele>
				<time>2025-09-21T08:26:46Z</time>
			</trkpt>
			<trkpt lat="48.016679" lon="15.998761">
				<ele>407.25</ele>
				<time>2025-09-21T08:26:49Z</time>
			</trkpt>
			<trkpt lat="48.016673" lon="15.998645">
				<ele>406.96</ele>
				<time>2025-09-21T08:26:52Z</time>
			</trkpt>
			<trkpt lat="48.016662" lon="15.998556">
				<ele>406.74</ele>
				<time>2025-09-21T08:26:54Z</time>
			</trkpt>
			<trkpt lat="48.016642" lon="15.998447">
				<ele>406.57</ele>
				<time>2025-09-21T08:26:57Z</time>
			</trkpt>
			<trkpt lat="48.016646" lon="15.998336">
				<ele>406.46</ele>
				<time>2025-09-21T08:27:00Z</time>
			</trkpt>
			<trkpt lat="48.01665" lon="15.998223">
				<ele>406.39</ele>
				<time>2025-09-21T08:27:03Z</time>
			</trkpt>
			<trkpt lat="48.016653" lon="15.998134">
				<ele>406.34</ele>
				<time>2025-09-21T08:27:06Z</time>
			</trkpt>
			<trkpt lat="48.01665" lon="15.998043">
				<ele>406.34</ele>
				<time>2025-09-21T08:27:09Z</time>
			</trkpt>
			<trkpt lat="48.01664" lon="15.997942">
				<ele>406.36</ele>
				<time>2025-09-21T08:27:12Z</time>
			</trkpt>
			<trkpt lat="48.016632" lon="15.997859">
				<ele>406.4</ele>
				<time>2025-09-21T08:27:14Z</time>
			</trkpt>
			<trkpt lat="48.016616" lon="15.997758">
				<ele>406.45</ele>
				<time>2025-09-21T08:27:17Z</time>
			</trkpt>
			<trkpt lat="48.016614" lon="15.997648">
				<ele>406.51</ele>
				<time>2025-09-21T08:27:20Z</time>
			</trkpt>
			<trkpt lat="48.016597" lon="15.997535">
				<ele>406.57</ele>
				<time>2025-09-21T08:27:23Z</time>
			</trkpt>
			<trkpt lat="48.01658" lon="15.997425">
				<ele>406.61</ele>
				<time>2025-09-21T08:27:26Z</time>
			</trkpt>
			<trkpt lat="48.016572" lon="15.997324">
				<ele>406.6</ele>
				<time>2025-09-21T08:27:29Z</time>
			</trkpt>
			<trkpt lat="48.016565" lon="15.997221">
				<ele>406.55</ele>
				<time>2025-09-21T08:27:32Z</time>
			</trkpt>
			<trkpt lat="48.016547" lon="15.997109">
				<ele>406.46</ele>
				<time>2025-09-21T08:27:35Z</time>
			</trkpt>
			<trkpt lat="48.016554" lon="15.997014">
				<ele>406.32</ele>
				<time>2025-09-21T08:27:38Z</time>
			</trkpt>
			<trkpt lat="48.016544" lon="15.996917">
				<ele>406.15</ele>
				<time>2025-09-21T08:27:41Z</time>
			</trkpt>
			<trkpt lat="48.016516" lon="15.996815">
				<ele>405.95</ele>
				<time>2025-09-21T08:27:44Z</time>
			</trkpt>
			<trkpt lat="48.016485" lon="15.99671">
				<ele>405.73</ele>
				<time>2025-09-21T08:27:47Z</time>
			</trkpt>
			<trkpt lat="48.016454" lon="15.996605">
				<ele>405.5</ele>
				<time>2025-09-21T08:27:50Z</time>
			</trkpt>
			<trkpt lat="48.016447" lon="15.99652">
				<ele>405.25</ele>
				<time>2025-09-21T08:27:52Z</time>
			</trkpt>
			<trkpt lat="48.016428" lon="15.996407">
				<ele>404.99</ele>
				<time>2025-09-21T08:27:55Z</time>
			</trkpt>
			<trkpt lat="48.016407" lon="15.996297">
				<ele>404.73</ele>
				<time>2025-09-21T08:27:58Z</time>
			</trkpt>
			<trkpt lat="48.016399" lon="15.996188">
				<ele>404.47</ele>
				<time>2025-09-21T08:28:01Z</time>
			</trkpt>
			<trkpt lat="48.016393" lon="15.996072">
				<ele>404.21</ele>
				<time>2025-09-21T08:28:04Z</time>
			</trkpt>
			<trkpt lat="48.016386" lon="15.995978">
				<ele>403.96</ele>
				<time>2025-09-21T08:28:07Z</time>
			</trkpt>
			<trkpt lat="48.016381" lon="15.99587">
				<ele>403.73</ele>
				<time>2025-09-21T08:28:10Z</time>
			</trkpt>
			<trkpt lat="48.01638" lon="15.995788">
				<ele>403.51</ele>
				<time>2025-09-21T08:28:12Z</time>
			</trkpt>
			<trkpt lat="48.016378" lon="15.995667">
				<ele>403.32</ele>
				<time>2025-09-21T08:28:15Z</time>
			</trkpt>
			<trkpt lat="48.01637" lon="15.995567">
				<ele>403.14</ele>
				<time>2025-09-21T08:28:18Z</time>
			</trkpt>
			<trkpt lat="48.016373" lon="15.995466">
				<ele>402.98</ele>
				<time>2025-09-21T08:28:21Z</time>
			</trkpt>
			<trkpt lat="48.016351" lon="15.995358">
				<ele>402.87</ele>
				<time>2025-09-21T08:28:24Z</time>
			</trkpt>
			<trkpt lat="48.016349" lon="15.995271">
				<ele>402.83</ele>
				<time>2025-09-21T08:28:26Z</time>
			</trkpt>
			<trkpt lat="48.016328" lon="15.995171">
				<ele>402.87</ele>
				<time>2025-09-21T08:28:29Z</time>
			</trkpt>
			<trkpt lat="48.016312" lon="15.995082">
				<ele>402.98</ele>
				<time>2025-09-21T08:28:32Z</time>
			</trkpt>
			<trkpt lat="48.016296" lon="15.994995">
				<ele>403.18</ele>
				<time>2025-09-21T08:28:37Z</time>
			</trkpt>
			<trkpt lat="48.01633" lon="15.994925">
				<ele>403.44</ele>
				<time>2025-09-21T08:28:45Z</time>
			</trkpt>
			<trkpt lat="48.016368" lon="15.994852">
				<ele>403.77</ele>
				<time>2025-09-21T08:28:48Z</time>
			</trkpt>
			<trkpt lat="48.016383" lon="15.994753">
				<ele>404.15</ele>
				<time>2025-09-21T08:28:52Z</time>
			</trkpt>
			<trkpt lat="48.016383" lon="15.994671">
				<ele>404.58</ele>
				<time>2025-09-21T08:28:56Z</time>
			</trkpt>
			<trkpt lat="48.016373" lon="15.994589">
				<ele>405.07</ele>
				<time>2025-09-21T08:29:00Z</time>
			</trkpt>
			<trkpt lat="48.016358" lon="15.994493">
				<ele>405.61</ele>
				<time>2025-09-21T08:29:04Z</time>
			</trkpt>
			<trkpt lat="48.016343" lon="15.994386">
				<ele>406.2</ele>
				<time>2025-09-21T08:29:08Z</time>
			</trkpt>
			<trkpt lat="48.016332" lon="15.994303">
				<ele>406.8</ele>
				<time>2025-09-21T08:29:11Z</time>
			</trkpt>
			<trkpt lat="48.016321" lon="15.994204">
				<ele>407.33</ele>
				<time>2025-09-21T08:29:15Z</time>
			</trkpt>
			<trkpt lat="48.016313" lon="15.994119">
				<ele>407.73</ele>
				<time>2025-09-21T08:29:18Z</time>
			</trkpt>
			<trkpt lat="48.01631" lon="15.994039">
				<ele>408.0</ele>
				<time>2025-09-21T08:29:21Z</time>
			</trkpt>
			<trkpt lat="48.016309" lon="15.993944">
				<ele>408.18</ele>
				<time>2025-09-21T08:29:25Z</time>
			</trkpt>
			<trkpt lat="48.016303" lon="15.993861">
				<ele>408.22</ele>
				<time>2025-09-21T08:29:29Z</time>
			</trkpt>
			<trkpt lat="48.016294" lon="15.993777">
				<ele>408.12</ele>
				<time>2025-09-21T08:29:32Z</time>
			</trkpt>
			<trkpt lat="48.016279" lon="15.99368">
				<ele>407.9</ele>
				<time>2025-09-21T08:29:35Z</time>
			</trkpt>
			<trkpt lat="48.016264" lon="15.993583">
				<ele>407.59</ele>
				<time>2025-09-21T08:29:38Z</time>
			</trkpt>
			<trkpt lat="48.016249" lon="15.993487">
				<ele>407.19</ele>
				<time>2025-09-21T08:29:41Z</time>
			</trkpt>
			<trkpt lat="48.016235" lon="15.993397">
				<ele>406.71</ele>
				<time>2025-09-21T08:29:44Z</time>
			</trkpt>
			<trkpt lat="48.016219" lon="15.993307">
				<ele>406.17</ele>
				<time>2025-09-21T08:29:47Z</time>
			</trkpt>
			<trkpt lat="48.016206" lon="15.993216">
				<ele>405.58</ele>
				<time>2025-09-21T08:29:50Z</time>
			</trkpt>
			<trkpt lat="48.016168" lon="15.993132">
				<ele>404.94</ele>
				<time>2025-09-21T08:29:53Z</time>
			</trkpt>
			<trkpt lat="48.016144" lon="15.993058">
				<ele>404.35</ele>
				<time>2025-09-21T08:29:55Z</time>
			</trkpt>
			<trkpt lat="48.016086" lon="15.992995">
				<ele>403.82</ele>
				<time>2025-09-21T08:29:58Z</time>
			</trkpt>
			<trkpt lat="48.016019" lon="15.99294">
				<ele>403.35</ele>
				<time>2025-09-21T08:30:01Z</time>
			</trkpt>
			<trkpt lat="48.015965" lon="15.992922">
				<ele>402.93</ele>
				<time>2025-09-21T08:30:04Z</time>
			</trkpt>
			<trkpt lat="48.015906" lon="15.992916">
				<ele>402.57</ele>
				<time>2025-09-21T08:30:07Z</time>
			</trkpt>
			<trkpt lat="48.015889" lon="15.992835">
				<ele>402.27</ele>
				<time>2025-09-21T08:30:14Z</time>
			</trkpt>
			<trkpt lat="48.015884" lon="15.992752">
				<ele>402.06</ele>
				<time>2025-09-21T08:30:16Z</time>
			</trkpt>
			<trkpt lat="48.015886" lon="15.992463">
				<ele>401.88</ele>
				<time>2025-09-21T08:30:20Z</time>
			</trkpt>
			<trkpt lat="48.015871" lon="15.992355">
				<ele>401.74</ele>
				<time>2025-09-21T08:30:23Z</time>
			</trkpt>
			<trkpt lat="48.015855" lon="15.992244">
				<ele>401.63</ele>
				<time>2025-09-21T08:30:26Z</time>
			</trkpt>
			<trkpt lat="48.015848" lon="15.99214">
				<ele>401.54</ele>
				<time>2025-09-21T08:30:29Z</time>
			</trkpt>
			<trkpt lat="48.015841" lon="15.992059">
				<ele>401.46</ele>
				<time>2025-09-21T08:30:31Z</time>
			</trkpt>
			<trkpt lat="48.01583" lon="15.991952">
				<ele>401.42</ele>
				<time>2025-09-21T08:30:34Z</time>
			</trkpt>
			<trkpt lat="48.015835" lon="15.991863">
				<ele>401.37</ele>
				<time>2025-09-21T08:30:37Z</time>
			</trkpt>
			<trkpt lat="48.015821" lon="15.991759">
				<ele>401.32</ele>
				<time>2025-09-21T08:30:40Z</time>
			</trkpt>
			<trkpt lat="48.015812" lon="15.991652">
				<ele>401.3</ele>
				<time>2025-09-21T08:30:43Z</time>
			</trkpt>
			<trkpt lat="48.01582" lon="15.991545">
				<ele>401.28</ele>
				<time>2025-09-21T08:30:46Z</time>
			</trkpt>
			<trkpt lat="48.015819" lon="15.991442">
				<ele>401.25</ele>
				<time>2025-09-21T08:30:49Z</time>
			</trkpt>
			<trkpt lat="48.015821" lon="15.991335">
				<ele>401.24</ele>
				<time>2025-09-21T08:30:52Z</time>
			</trkpt>
			<trkpt lat="48.015842" lon="15.991233">
				<ele>401.23</ele>
				<time>2025-09-21T08:30:55Z</time>
			</trkpt>
			<trkpt lat="48.015853" lon="15.991132">
				<ele>401.23</ele>
				<time>2025-09-21T08:30:58Z</time>
			</trkpt>
			<trkpt lat="48.015873" lon="15.99103">
				<ele>401.23</ele>
				<time>2025-09-21T08:31:01Z</time>
			</trkpt>
			<trkpt lat="48.015858" lon="15.990942">
				<ele>401.24</ele>
				<time>2025-09-21T08:31:04Z</time>
			</trkpt>
			<trkpt lat="48.015847" lon="15.990839">
				<ele>401.24</ele>
				<time>2025-09-21T08:31:07Z</time>
			</trkpt>
			<trkpt lat="48.015846" lon="15.990742">
				<ele>401.26</ele>
				<time>2025-09-21T08:31:10Z</time>
			</trkpt>
			<trkpt lat="48.015846" lon="15.990636">
				<ele>401.25</ele>
				<time>2025-09-21T08:31:13Z</time>
			</trkpt>
			<trkpt lat="48.01586" lon="15.990557">
				<ele>401.26</ele>
				<time>2025-09-21T08:31:15Z</time>
			</trkpt>
			<trkpt lat="48.015863" lon="15.99046">
				<ele>401.27</ele>
				<time>2025-09-21T08:31:18Z</time>
			</trkpt>
			<trkpt lat="48.015891" lon="15.990373">
				<ele>401.3</ele>
				<time>2025-09-21T08:31:21Z</time>
			</trkpt>
			<trkpt lat="48.015916" lon="15.990282">
				<ele>401.32</ele>
				<time>2025-09-21T08:31:24Z</time>
			</trkpt>
			<trkpt lat="48.01593" lon="15.990176">
				<ele>401.34</ele>
				<time>2025-09-21T08:31:27Z</time>
			</trkpt>
			<trkpt lat="48.015948" lon="15.990079">
				<ele>401.35</ele>
				<time>2025-09-21T08:31:30Z</time>
			</trkpt>
			<trkpt lat="48.015959" lon="15.989976">
				<ele>401.37</ele>
				<time>2025-09-21T08:31:33Z</time>
			</trkpt>
			<trkpt lat="48.015994" lon="15.989905">
				<ele>401.37</ele>
				<time>2025-09-21T08:31:36Z</time>
			</trkpt>
			<trkpt lat="48.016008" lon="15.989811">
				<ele>401.41</ele>
				<time>2025-09-21T08:31:39Z</time>
			</trkpt>
			<trkpt lat="48.016026" lon="15.989712">
				<ele>401.43</ele>
				<time>2025-09-21T08:31:42Z</time>
			</trkpt>
			<trkpt lat="48.016037" lon="15.989608">
				<ele>401.47</ele>
				<time>2025-09-21T08:31:45Z</time>
			</trkpt>
			<trkpt lat="48.01605" lon="15.989505">
				<ele>401.5</ele>
				<time>2025-09-21T08:31:48Z</time>
			</trkpt>
			<trkpt lat="48.016064" lon="15.989416">
				<ele>401.53</ele>
				<time>2025-09-21T08:31:51Z</time>
			</trkpt>
			<trkpt lat="48.016078" lon="15.989325">
				<ele>401.59</ele>
				<time>2025-09-21T08:31:54Z</time>
			</trkpt>
			<trkpt lat="48.016099" lon="15.989229">
				<ele>401.62</ele>
				<time>2025-09-21T08:31:57Z</time>
			</trkpt>
			<trkpt lat="48.016105" lon="15.989128">
				<ele>401.67</ele>
				<time>2025-09-21T08:32:00Z</time>
			</trkpt>
			<trkpt lat="48.016124" lon="15.989032">
				<ele>401.7</ele>
				<time>2025-09-21T08:32:03Z</time>
			</trkpt>
			<trkpt lat="48.016145" lon="15.988943">
				<ele>401.72</ele>
				<time>2025-09-21T08:32:06Z</time>
			</trkpt>
			<trkpt lat="48.016146" lon="15.988842">
				<ele>401.78</ele>
				<time>2025-09-21T08:32:09Z</time>
			</trkpt>
			<trkpt lat="48.016149" lon="15.988747">
				<ele>401.83</ele>
				<time>2025-09-21T08:32:12Z</time>
			</trkpt>
			<trkpt lat="48.016162" lon="15.98865">
				<ele>401.87</ele>
				<time>2025-09-21T08:32:15Z</time>
			</trkpt>
			<trkpt lat="48.016195" lon="15.98855">
				<ele>401.91</ele>
				<time>2025-09-21T08:32:18Z</time>
			</trkpt>
			<trkpt lat="48.016219" lon="15.988464">
				<ele>401.97</ele>
				<time>2025-09-21T08:32:21Z</time>
			</trkpt>
			<trkpt lat="48.016238" lon="15.988365">
				<ele>402.02</ele>
				<time>2025-09-21T08:32:24Z</time>
			</trkpt>
			<trkpt lat="48.016263" lon="15.988256">
				<ele>402.05</ele>
				<time>2025-09-21T08:32:27Z</time>
			</trkpt>
			<trkpt lat="48.016272" lon="15.988154">
				<ele>402.11</ele>
				<time>2025-09-21T08:32:30Z</time>
			</trkpt>
			<trkpt lat="48.016296" lon="15.988056">
				<ele>402.14</ele>
				<time>2025-09-21T08:32:33Z</time>
			</trkpt>
			<trkpt lat="48.0163" lon="15.987955">
				<ele>402.19</ele>
				<time>2025-09-21T08:32:36Z</time>
			</trkpt>
			<trkpt lat="48.016314" lon="15.987862">
				<ele>402.23</ele>
				<time>2025-09-21T08:32:39Z</time>
			</trkpt>
			<trkpt lat="48.016327" lon="15.987767">
				<ele>402.27</ele>
				<time>2025-09-21T08:32:42Z</time>
			</trkpt>
			<trkpt lat="48.016334" lon="15.987668">
				<ele>402.31</ele>
				<time>2025-09-21T08:32:45Z</time>
			</trkpt>
			<trkpt lat="48.016364" lon="15.987571">
				<ele>402.34</ele>
				<time>2025-09-21T08:32:48Z</time>
			</trkpt>
			<trkpt lat="48.016372" lon="15.987476">
				<ele>402.36</ele>
				<time>2025-09-21T08:32:51Z</time>
			</trkpt>
			<trkpt lat="48.01639" lon="15.987378">
				<ele>402.39</ele>
				<time>2025-09-21T08:32:54Z</time>
			</trkpt>
			<trkpt lat="48.016383" lon="15.98729">
				<ele>402.37</ele>
				<time>2025-09-21T08:32:57Z</time>
			</trkpt>
			<trkpt lat="48.016399" lon="15.987201">
				<ele>402.37</ele>
				<time>2025-09-21T08:33:00Z</time>
			</trkpt>
			<trkpt lat="48.016411" lon="15.987106">
				<ele>402.37</ele>
				<time>2025-09-21T08:33:03Z</time>
			</trkpt>
			<trkpt lat="48.016422" lon="15.987015">
				<ele>402.37</ele>
				<time>2025-09-21T08:33:06Z</time>
			</trkpt>
			<trkpt lat="48.016443" lon="15.986918">
				<ele>402.38</ele>
				<time>2025-09-21T08:33:09Z</time>
			</trkpt>
			<trkpt lat="48.016475" lon="15.986821">
				<ele>402.37</ele>
				<time>2025-09-21T08:33:12Z</time>
			</trkpt>
			<trkpt lat="48.016491" lon="15.986718">
				<ele>402.38</ele>
				<time>2025-09-21T08:33:15Z</time>
			</trkpt>
			<trkpt lat="48.01653" lon="15.986623">
				<ele>402.39</ele>
				<time>2025-09-21T08:33:18Z</time>
			</trkpt>
			<trkpt lat="48.016542" lon="15.986519">
				<ele>402.4</ele>
				<time>2025-09-21T08:33:21Z</time>
			</trkpt>
			<trkpt lat="48.016555" lon="15.986424">
				<ele>402.42</ele>
				<time>2025-09-21T08:33:24Z</time>
			</trkpt>
			<trkpt lat="48.01658" lon="15.986329">
				<ele>402.44</ele>
				<time>2025-09-21T08:33:27Z</time>
			</trkpt>
			<trkpt lat="48.0166" lon="15.986225">
				<ele>402.49</ele>
				<time>2025-09-21T08:33:30Z</time>
			</trkpt>
			<trkpt lat="48.016633" lon="15.986125">
				<ele>402.54</ele>
				<time>2025-09-21T08:33:33Z</time>
			</trkpt>
			<trkpt lat="48.016638" lon="15.986025">
				<ele>402.61</ele>
				<time>2025-09-21T08:33:36Z</time>
			</trkpt>
			<trkpt lat="48.016649" lon="15.985934">
				<ele>402.68</ele>
				<time>2025-09-21T08:33:39Z</time>
			</trkpt>
			<trkpt lat="48.016659" lon="15.985825">
				<ele>402.76</ele>
				<time>2025-09-21T08:33:42Z</time>
			</trkpt>
			<trkpt lat="48.016677" lon="15.985727">
				<ele>402.84</ele>
				<time>2025-09-21T08:33:45Z</time>
			</trkpt>
			<trkpt lat="48.01668" lon="15.985635">
				<ele>402.93</ele>
				<time>2025-09-21T08:33:48Z</time>
			</trkpt>
			<trkpt lat="48.016701" lon="15.985546">
				<ele>403.03</ele>
				<time>2025-09-21T08:33:51Z</time>
			</trkpt>
			<trkpt lat="48.016699" lon="15.985444">
				<ele>403.1</ele>
				<time>2025-09-21T08:33:54Z</time>
			</trkpt>
			<trkpt lat="48.016705" lon="15.985345">
				<ele>403.19</ele>
				<time>2025-09-21T08:33:57Z</time>
			</trkpt>
			<trkpt lat="48.01671" lon="15.985255">
				<ele>403.29</ele>
				<time>2025-09-21T08:34:00Z</time>
			</trkpt>
			<trkpt lat="48.016728" lon="15.985148">
				<ele>403.39</ele>
				<time>2025-09-21T08:34:03Z</time>
			</trkpt>
			<trkpt lat="48.016739" lon="15.985064">
				<ele>403.47</ele>
				<time>2025-09-21T08:34:06Z</time>
			</trkpt>
			<trkpt lat="48.016738" lon="15.984955">
				<ele>403.56</ele>
				<time>2025-09-21T08:34:09Z</time>
			</trkpt>
			<trkpt lat="48.016731" lon="15.984856">
				<ele>403.65</ele>
				<time>2025-09-21T08:34:12Z</time>
			</trkpt>
			<trkpt lat="48.01674" lon="15.984751">
				<ele>403.72</ele>
				<time>2025-09-21T08:34:15Z</time>
			</trkpt>
			<trkpt lat="48.016732" lon="15.98465">
				<ele>403.8</ele>
				<time>2025-09-21T08:34:18Z</time>
			</trkpt>
			<trkpt lat="48.016738" lon="15.98455">
				<ele>403.89</ele>
				<time>2025-09-21T08:34:21Z</time>
			</trkpt>
			<trkpt lat="48.016731" lon="15.984467">
				<ele>403.95</ele>
				<time>2025-09-21T08:34:24Z</time>
			</trkpt>
			<trkpt lat="48.016735" lon="15.984363">
				<ele>404.02</ele>
				<time>2025-09-21T08:34:27Z</time>
			</trkpt>
			<trkpt lat="48.016728" lon="15.984263">
				<ele>404.08</ele>
				<time>2025-09-21T08:34:30Z</time>
			</trkpt>
			<trkpt lat="48.01673" lon="15.984182">
				<ele>404.15</ele>
				<time>2025-09-21T08:34:32Z</time>
			</trkpt>
			<trkpt lat="48.016724" lon="15.984088">
				<ele>404.19</ele>
				<time>2025-09-21T08:34:35Z</time>
			</trkpt>
			<trkpt lat="48.016709" lon="15.983993">
				<ele>404.24</ele>
				<time>2025-09-21T08:34:38Z</time>
			</trkpt>
			<trkpt lat="48.0167" lon="15.98389">
				<ele>404.29</ele>
				<time>2025-09-21T08:34:41Z</time>
			</trkpt>
			<trkpt lat="48.016693" lon="15.983787">
				<ele>404.35</ele>
				<time>2025-09-21T08:34:44Z</time>
			</trkpt>
			<trkpt lat="48.016686" lon="15.983693">
				<ele>404.4</ele>
				<time>2025-09-21T08:34:47Z</time>
			</trkpt>
			<trkpt lat="48.016681" lon="15.983604">
				<ele>404.45</ele>
				<time>2025-09-21T08:34:50Z</time>
			</trkpt>
			<trkpt lat="48.016677" lon="15.983507">
				<ele>404.48</ele>
				<time>2025-09-21T08:34:53Z</time>
			</trkpt>
			<trkpt lat="48.016661" lon="15.983413">
				<ele>404.55</ele>
				<time>2025-09-21T08:34:56Z</time>
			</trkpt>
			<trkpt lat="48.016671" lon="15.983315">
				<ele>404.6</ele>
				<time>2025-09-21T08:34:59Z</time>
			</trkpt>
			<trkpt lat="48.016671" lon="15.983211">
				<ele>404.64</ele>
				<time>2025-09-21T08:35:02Z</time>
			</trkpt>
			<trkpt lat="48.016665" lon="15.983115">
				<ele>404.71</ele>
				<time>2025-09-21T08:35:05Z</time>
			</trkpt>
			<trkpt lat="48.016661" lon="15.983013">
				<ele>404.78</ele>
				<time>2025-09-21T08:35:08Z</time>
			</trkpt>
			<trkpt lat="48.016647" lon="15.982912">
				<ele>404.85</ele>
				<time>2025-09-21T08:35:11Z</time>
			</trkpt>
			<trkpt lat="48.016642" lon="15.982808">
				<ele>404.9</ele>
				<time>2025-09-21T08:35:14Z</time>
			</trkpt>
			<trkpt lat="48.016632" lon="15.9827">
				<ele>405.0</ele>
				<time>2025-09-21T08:35:17Z</time>
			</trkpt>
			<trkpt lat="48.016633" lon="15.982596">
				<ele>405.07</ele>
				<time>2025-09-21T08:35:20Z</time>
			</trkpt>
			<trkpt lat="48.016631" lon="15.982504">
				<ele>405.16</ele>
				<time>2025-09-21T08:35:23Z</time>
			</trkpt>
			<trkpt lat="48.016629" lon="15.982397">
				<ele>405.23</ele>
				<time>2025-09-21T08:35:26Z</time>
			</trkpt>
			<trkpt lat="48.016624" lon="15.982311">
				<ele>405.29</ele>
				<time>2025-09-21T08:35:29Z</time>
			</trkpt>
			<trkpt lat="48.016628" lon="15.982211">
				<ele>405.39</ele>
				<time>2025-09-21T08:35:32Z</time>
			</trkpt>
			<trkpt lat="48.016617" lon="15.982103">
				<ele>405.46</ele>
				<time>2025-09-21T08:35:35Z</time>
			</trkpt>
			<trkpt lat="48.016623" lon="15.982016">
				<ele>405.55</ele>
				<time>2025-09-21T08:35:38Z</time>
			</trkpt>
			<trkpt lat="48.016634" lon="15.981908">
				<ele>405.65</ele>
				<time>2025-09-21T08:35:41Z</time>
			</trkpt>
			<trkpt lat="48.016625" lon="15.981804">
				<ele>405.71</ele>
				<time>2025-09-21T08:35:44Z</time>
			</trkpt>
			<trkpt lat="48.016644" lon="15.981706">
				<ele>405.78</ele>
				<time>2025-09-21T08:35:47Z</time>
			</trkpt>
			<trkpt lat="48.016646" lon="15.98162">
				<ele>405.86</ele>
				<time>2025-09-21T08:35:50Z</time>
			</trkpt>
			<trkpt lat="48.016659" lon="15.981519">
				<ele>405.94</ele>
				<time>2025-09-21T08:35:53Z</time>
			</trkpt>
			<trkpt lat="48.016658" lon="15.981417">
				<ele>406.02</ele>
				<time>2025-09-21T08:35:56Z</time>
			</trkpt>
			<trkpt lat="48.016666" lon="15.981318">
				<ele>406.08</ele>
				<time>2025-09-21T08:35:59Z</time>
			</trkpt>
			<trkpt lat="48.016679" lon="15.981216">
				<ele>406.14</ele>
				<time>2025-09-21T08:36:02Z</time>
			</trkpt>
			<trkpt lat="48.016687" lon="15.981123">
				<ele>406.2</ele>
				<time>2025-09-21T08:36:05Z</time>
			</trkpt>
			<trkpt lat="48.016692" lon="15.981025">
				<ele>406.25</ele>
				<time>2025-09-21T08:36:08Z</time>
			</trkpt>
			<trkpt lat="48.016714" lon="15.980927">
				<ele>406.3</ele>
				<time>2025-09-21T08:36:11Z</time>
			</trkpt>
			<trkpt lat="48.016727" lon="15.980822">
				<ele>406.34</ele>
				<time>2025-09-21T08:36:14Z</time>
			</trkpt>
			<trkpt lat="48.016734" lon="15.980725">
				<ele>406.38</ele>
				<time>2025-09-21T08:36:17Z</time>
			</trkpt>
			<trkpt lat="48.016748" lon="15.980633">
				<ele>406.41</ele>
				<time>2025-09-21T08:36:20Z</time>
			</trkpt>
			<trkpt lat="48.016763" lon="15.980536">
				<ele>406.45</ele>
				<time>2025-09-21T08:36:23Z</time>
			</trkpt>
			<trkpt lat="48.016774" lon="15.980433">
				<ele>406.46</ele>
				<time>2025-09-21T08:36:26Z</time>
			</trkpt>
			<trkpt lat="48.016787" lon="15.980336">
				<ele>406.48</ele>
				<time>2025-09-21T08:36:29Z</time>
			</trkpt>
			<trkpt lat="48.016766" lon="15.980247">
				<ele>406.48</ele>
				<time>2025-09-21T08:36:32Z</time>
			</trkpt>
			<trkpt lat="48.016741" lon="15.980161">
				<ele>406.51</ele>
				<time>2025-09-21T08:36:35Z</time>
			</trkpt>
			<trkpt lat="48.016746" lon="15.980076">
				<ele>406.53</ele>
				<time>2025-09-21T08:36:38Z</time>
			</trkpt>
			<trkpt lat="48.016763" lon="15.979969">
				<ele>406.54</ele>
				<time>2025-09-21T08:36:41Z</time>
			</trkpt>
			<trkpt lat="48.016781" lon="15.97987">
				<ele>406.57</ele>
				<time>2025-09-21T08:36:44Z</time>
			</trkpt>
			<trkpt lat="48.016809" lon="15.97977">
				<ele>406.59</ele>
				<time>2025-09-21T08:36:47Z</time>
			</trkpt>
			<trkpt lat="48.016834" lon="15.979684">
				<ele>406.62</ele>
				<time>2025-09-21T08:36:50Z</time>
			</trkpt>
			<trkpt lat="48.016869" lon="15.979588">
				<ele>406.66</ele>
				<time>2025-09-21T08:36:53Z</time>
			</trkpt>
			<trkpt lat="48.016893" lon="15.979491">
				<ele>406.7</ele>
				<time>2025-09-21T08:36:56Z</time>
			</trkpt>
			<trkpt lat="48.016926" lon="15.979405">
				<ele>406.74</ele>
				<time>2025-09-21T08:36:59Z</time>
			</trkpt>
			<trkpt lat="48.016925" lon="15.979314">
				<ele>406.78</ele>
				<time>2025-09-21T08:37:02Z</time>
			</trkpt>
			<trkpt lat="48.016961" lon="15.979229">
				<ele>406.83</ele>
				<time>2025-09-21T08:37:05Z</time>
			</trkpt>
			<trkpt lat="48.016997" lon="15.979134">
				<ele>406.88</ele>
				<time>2025-09-21T08:37:08Z</time>
			</trkpt>
			<trkpt lat="48.017014" lon="15.979041">
				<ele>406.92</ele>
				<time>2025-09-21T08:37:11Z</time>
			</trkpt>
			<trkpt lat="48.017039" lon="15.978945">
				<ele>406.97</ele>
				<time>2025-09-21T08:37:14Z</time>
			</trkpt>
			<trkpt lat="48.017068" lon="15.978848">
				<ele>407.01</ele>
				<time>2025-09-21T08:37:17Z</time>
			</trkpt>
			<trkpt lat="48.017087" lon="15.978743">
				<ele>407.06</ele>
				<time>2025-09-21T08:37:20Z</time>
			</trkpt>
			<trkpt lat="48.017112" lon="15.978651">
				<ele>407.12</ele>
				<time>2025-09-21T08:37:23Z</time>
			</trkpt>
			<trkpt lat="48.017132" lon="15.97855">
				<ele>407.15</ele>
				<time>2025-09-21T08:37:26Z</time>
			</trkpt>
			<trkpt lat="48.017164" lon="15.978458">
				<ele>407.2</ele>
				<time>2025-09-21T08:37:29Z</time>
			</trkpt>
			<trkpt lat="48.017186" lon="15.978368">
				<ele>407.25</ele>
				<time>2025-09-21T08:37:32Z</time>
			</trkpt>
			<trkpt lat="48.017206" lon="15.978278">
				<ele>407.3</ele>
				<time>2025-09-21T08:37:35Z</time>
			</trkpt>
			<trkpt lat="48.017227" lon="15.978192">
				<ele>407.35</ele>
				<time>2025-09-21T08:37:38Z</time>
			</trkpt>
			<trkpt lat="48.017232" lon="15.978106">
				<ele>407.41</ele>
				<time>2025-09-21T08:37:41Z</time>
			</trkpt>
			<trkpt lat="48.017253" lon="15.978012">
				<ele>407.45</ele>
				<time>2025-09-21T08:37:44Z</time>
			</trkpt>
			<trkpt lat="48.017277" lon="15.977927">
				<ele>407.5</ele>
				<time>2025-09-21T08:37:47Z</time>
			</trkpt>
			<trkpt lat="48.017292" lon="15.977829">
				<ele>407.57</ele>
				<time>2025-09-21T08:37:50Z</time>
			</trkpt>
			<trkpt lat="48.017317" lon="15.977737">
				<ele>407.64</ele>
				<time>2025-09-21T08:37:53Z</time>
			</trkpt>
			<trkpt lat="48.01735" lon="15.977637">
				<ele>407.69</ele>
				<time>2025-09-21T08:37:56Z</time>
			</trkpt>
			<trkpt lat="48.017368" lon="15.977526">
				<ele>407.75</ele>
				<time>2025-09-21T08:37:59Z</time>
			</trkpt>
			<trkpt lat="48.017388" lon="15.977431">
				<ele>407.82</ele>
				<time>2025-09-21T08:38:02Z</time>
			</trkpt>
			<trkpt lat="48.01739" lon="15.97735">
				<ele>407.87</ele>
				<time>2025-09-21T08:38:05Z</time>
			</trkpt>
			<trkpt lat="48.017407" lon="15.977252">
				<ele>407.96</ele>
				<time>2025-09-21T08:38:08Z</time>
			</trkpt>
			<trkpt lat="48.017425" lon="15.977152">
				<ele>408.04</ele>
				<time>2025-09-21T08:38:11Z</time>
			</trkpt>
			<trkpt lat="48.017438" lon="15.977061">
				<ele>408.13</ele>
				<time>2025-09-21T08:38:14Z</time>
			</trkpt>
			<trkpt lat="48.017456" lon="15.976974">
				<ele>408.21</ele>
				<time>2025-09-21T08:38:17Z</time>
			</trkpt>
			<trkpt lat="48.017464" lon="15.976889">
				<ele>408.29</ele>
				<time>2025-09-21T08:38:20Z</time>
			</trkpt>
			<trkpt lat="48.017472" lon="15.976784">
				<ele>408.38</ele>
				<time>2025-09-21T08:38:23Z</time>
			</trkpt>
			<trkpt lat="48.017493" lon="15.97669">
				<ele>408.47</ele>
				<time>2025-09-21T08:38:26Z</time>
			</trkpt>
			<trkpt lat="48.017506" lon="15.976598">
				<ele>408.57</ele>
				<time>2025-09-21T08:38:29Z</time>
			</trkpt>
			<trkpt lat="48.017512" lon="15.976501">
				<ele>408.64</ele>
				<time>2025-09-21T08:38:32Z</time>
			</trkpt>
			<trkpt lat="48.017525" lon="15.976393">
				<ele>408.72</ele>
				<time>2025-09-21T08:38:35Z</time>
			</trkpt>
			<trkpt lat="48.017535" lon="15.976293">
				<ele>408.8</ele>
				<time>2025-09-21T08:38:38Z</time>
			</trkpt>
			<trkpt lat="48.017532" lon="15.976191">
				<ele>408.87</ele>
				<time>2025-09-21T08:38:41Z</time>
			</trkpt>
			<trkpt lat="48.017529" lon="15.976095">
				<ele>408.96</ele>
				<time>2025-09-21T08:38:44Z</time>
			</trkpt>
			<trkpt lat="48.017538" lon="15.976008">
				<ele>409.05</ele>
				<time>2025-09-21T08:38:47Z</time>
			</trkpt>
			<trkpt lat="48.01754" lon="15.975895">
				<ele>409.14</ele>
				<time>2025-09-21T08:38:50Z</time>
			</trkpt>
			<trkpt lat="48.017545" lon="15.975799">
				<ele>409.21</ele>
				<time>2025-09-21T08:38:53Z</time>
			</trkpt>
			<trkpt lat="48.017561" lon="15.975707">
				<ele>409.3</ele>
				<time>2025-09-21T08:38:56Z</time>
			</trkpt>
			<trkpt lat="48.017555" lon="15.975612">
				<ele>409.39</ele>
				<time>2025-09-21T08:38:59Z</time>
			</trkpt>
			<trkpt lat="48.01755" lon="15.975508">
				<ele>409.46</ele>
				<time>2025-09-21T08:39:02Z</time>
			</trkpt>
			<trkpt lat="48.017552" lon="15.975409">
				<ele>409.55</ele>
				<time>2025-09-21T08:39:05Z</time>
			</trkpt>
			<trkpt lat="48.017555" lon="15.975309">
				<ele>409.66</ele>
				<time>2025-09-21T08:39:08Z</time>
			</trkpt>
			<trkpt lat="48.017551" lon="15.975211">
				<ele>409.77</ele>
				<time>2025-09-21T08:39:11Z</time>
			</trkpt>
			<trkpt lat="48.017566" lon="15.975122">
				<ele>409.87</ele>
				<time>2025-09-21T08:39:14Z</time>
			</trkpt>
			<trkpt lat="48.017563" lon="15.975027">
				<ele>409.99</ele>
				<time>2025-09-21T08:39:17Z</time>
			</trkpt>
			<trkpt lat="48.017556" lon="15.974936">
				<ele>410.09</ele>
				<time>2025-09-21T08:39:20Z</time>
			</trkpt>
			<trkpt lat="48.017566" lon="15.974838">
				<ele>410.18</ele>
				<time>2025-09-21T08:39:23Z</time>
			</trkpt>
			<trkpt lat="48.017568" lon="15.974741">
				<ele>410.27</ele>
				<time>2025-09-21T08:39:26Z</time>
			</trkpt>
			<trkpt lat="48.017576" lon="15.974647">
				<ele>410.35</ele>
				<time>2025-09-21T08:39:29Z</time>
			</trkpt>
			<trkpt lat="48.017574" lon="15.974544">
				<ele>410.43</ele>
				<time>2025-09-21T08:39:32Z</time>
			</trkpt>
			<trkpt lat="48.017582" lon="15.974448">
				<ele>410.5</ele>
				<time>2025-09-21T08:39:35Z</time>
			</trkpt>
			<trkpt lat="48.017576" lon="15.974355">
				<ele>410.58</ele>
				<time>2025-09-21T08:39:38Z</time>
			</trkpt>
			<trkpt lat="48.017578" lon="15.974258">
				<ele>410.66</ele>
				<time>2025-09-21T08:39:41Z</time>
			</trkpt>
			<trkpt lat="48.017576" lon="15.974172">
				<ele>410.73</ele>
				<time>2025-09-21T08:39:44Z</time>
			</trkpt>
			<trkpt lat="48.017582" lon="15.974088">
				<ele>410.8</ele>
				<time>2025-09-21T08:39:47Z</time>
			</trkpt>
			<trkpt lat="48.017582" lon="15.973977">
				<ele>410.85</ele>
				<time>2025-09-21T08:39:50Z</time>
			</trkpt>
			<trkpt lat="48.017587" lon="15.973884">
				<ele>410.92</ele>
				<time>2025-09-21T08:39:53Z</time>
			</trkpt>
			<trkpt lat="48.017591" lon="15.973786">
				<ele>410.98</ele>
				<time>2025-09-21T08:39:56Z</time>
			</trkpt>
			<trkpt lat="48.017589" lon="15.973696">
				<ele>411.06</ele>
				<time>2025-09-21T08:39:59Z</time>
			</trkpt>
			<trkpt lat="48.017598" lon="15.973613">
				<ele>411.11</ele>
				<time>2025-09-21T08:40:02Z</time>
			</trkpt>
			<trkpt lat="48.017594" lon="15.973528">
				<ele>411.17</ele>
				<time>2025-09-21T08:40:04Z</time>
			</trkpt>
			<trkpt lat="48.017599" lon="15.973423">
				<ele>411.24</ele>
				<time>2025-09-21T08:40:07Z</time>
			</trkpt>
			<trkpt lat="48.017592" lon="15.973339">
				<ele>411.3</ele>
				<time>2025-09-21T08:40:10Z</time>
			</trkpt>
			<trkpt lat="48.0176" lon="15.973239">
				<ele>411.37</ele>
				<time>2025-09-21T08:40:13Z</time>
			</trkpt>
			<trkpt lat="48.017593" lon="15.973142">
				<ele>411.42</ele>
				<time>2025-09-21T08:40:16Z</time>
			</trkpt>
			<trkpt lat="48.017601" lon="15.973049">
				<ele>411.5</ele>
				<time>2025-09-21T08:40:19Z</time>
			</trkpt>
			<trkpt lat="48.017606" lon="15.972949">
				<ele>411.57</ele>
				<time>2025-09-21T08:40:22Z</time>
			</trkpt>
			<trkpt lat="48.017604" lon="15.972857">
				<ele>411.63</ele>
				<time>2025-09-21T08:40:25Z</time>
			</trkpt>
			<trkpt lat="48.01762" lon="15.972767">
				<ele>411.7</ele>
				<time>2025-09-21T08:40:28Z</time>
			</trkpt>
			<trkpt lat="48.017605" lon="15.972669">
				<ele>411.76</ele>
				<time>2025-09-21T08:40:31Z</time>
			</trkpt>
			<trkpt lat="48.017598" lon="15.97258">
				<ele>411.83</ele>
				<time>2025-09-21T08:40:34Z</time>
			</trkpt>
			<trkpt lat="48.017601" lon="15.972488">
				<ele>411.9</ele>
				<time>2025-09-21T08:40:37Z</time>
			</trkpt>
			<trkpt lat="48.017606" lon="15.972392">
				<ele>411.97</ele>
				<time>2025-09-21T08:40:40Z</time>
			</trkpt>
			<trkpt lat="48.017611" lon="15.972299">
				<ele>412.03</ele>
				<time>2025-09-21T08:40:43Z</time>
			</trkpt>
			<trkpt lat="48.017605" lon="15.972191">
				<ele>412.1</ele>
				<time>2025-09-21T08:40:46Z</time>
			</trkpt>
			<trkpt lat="48.017617" lon="15.972096">
				<ele>412.19</ele>
				<time>2025-09-21T08:40:49Z</time>
			</trkpt>
			<trkpt lat="48.017621" lon="15.971992">
				<ele>412.24</ele>
				<time>2025-09-21T08:40:52Z</time>
			</trkpt>
			<trkpt lat="48.01762" lon="15.971896">
				<ele>412.32</ele>
				<time>2025-09-21T08:40:55Z</time>
			</trkpt>
			<trkpt lat="48.017619" lon="15.971797">
				<ele>412.4</ele>
				<time>2025-09-21T08:40:58Z</time>
			</trkpt>
			<trkpt lat="48.017628" lon="15.971698">
				<ele>412.45</ele>
				<time>2025-09-21T08:41:01Z</time>
			</trkpt>
			<trkpt lat="48.017631" lon="15.971594">
				<ele>412.51</ele>
				<time>2025-09-21T08:41:04Z</time>
			</trkpt>
			<trkpt lat="48.017639" lon="15.971498">
				<ele>412.56</ele>
				<time>2025-09-21T08:41:07Z</time>
			</trkpt>
			<trkpt lat="48.017644" lon="15.971399">
				<ele>412.61</ele>
				<time>2025-09-21T08:41:10Z</time>
			</trkpt>
			<trkpt lat="48.017642" lon="15.971312">
				<ele>412.67</ele>
				<time>2025-09-21T08:41:13Z</time>
			</trkpt>
			<trkpt lat="48.017649" lon="15.971216">
				<ele>412.71</ele>
				<time>2025-09-21T08:41:16Z</time>
			</trkpt>
			<trkpt lat="48.017646" lon="15.971125">
				<ele>412.76</ele>
				<time>2025-09-21T08:41:19Z</time>
			</trkpt>
			<trkpt lat="48.017637" lon="15.971039">
				<ele>412.8</ele>
				<time>2025-09-21T08:41:22Z</time>
			</trkpt>
			<trkpt lat="48.017646" lon="15.97094">
				<ele>412.86</ele>
				<time>2025-09-21T08:41:25Z</time>
			</trkpt>
			<trkpt lat="48.017654" lon="15.970846">
				<ele>412.89</ele>
				<time>2025-09-21T08:41:28Z</time>
			</trkpt>
			<trkpt lat="48.017653" lon="15.970748">
				<ele>412.94</ele>
				<time>2025-09-21T08:41:31Z</time>
			</trkpt>
			<trkpt lat="48.017651" lon="15.970662">
				<ele>412.97</ele>
				<time>2025-09-21T08:41:34Z</time>
			</trkpt>
			<trkpt lat="48.017657" lon="15.970561">
				<ele>413.01</ele>
				<time>2025-09-21T08:41:37Z</time>
			</trkpt>
			<trkpt lat="48.017663" lon="15.970466">
				<ele>413.04</ele>
				<time>2025-09-21T08:41:40Z</time>
			</trkpt>
			<trkpt lat="48.017674" lon="15.970368">
				<ele>413.1</ele>
				<time>2025-09-21T08:41:43Z</time>
			</trkpt>
			<trkpt lat="48.01767" lon="15.970274">
				<ele>413.16</ele>
				<time>2025-09-21T08:41:46Z</time>
			</trkpt>
			<trkpt lat="48.017669" lon="15.970178">
				<ele>413.21</ele>
				<time>2025-09-21T08:41:49Z</time>
			</trkpt>
			<trkpt lat="48.017672" lon="15.970075">
				<ele>413.26</ele>
				<time>2025-09-21T08:41:52Z</time>
			</trkpt>
			<trkpt lat="48.017676" lon="15.969984">
				<ele>413.35</ele>
				<time>2025-09-21T08:41:55Z</time>
			</trkpt>
			<trkpt lat="48.017692" lon="15.969893">
				<ele>413.42</ele>
				<time>2025-09-21T08:41:58Z</time>
			</trkpt>
			<trkpt lat="48.017704" lon="15.969798">
				<ele>413.5</ele>
				<time>2025-09-21T08:42:01Z</time>
			</trkpt>
			<trkpt lat="48.017693" lon="15.969697">
				<ele>413.57</ele>
				<time>2025-09-21T08:42:04Z</time>
			</trkpt>
			<trkpt lat="48.017701" lon="15.969582">
				<ele>413.65</ele>
				<time>2025-09-21T08:42:08Z</time>
			</trkpt>
			<trkpt lat="48.0177" lon="15.969449">
				<ele>413.72</ele>
				<time>2025-09-21T08:42:10Z</time>
			</trkpt>
			<trkpt lat="48.017695" lon="15.969347">
				<ele>413.81</ele>
				<time>2025-09-21T08:42:15Z</time>
			</trkpt>
			<trkpt lat="48.017695" lon="15.969253">
				<ele>413.9</ele>
				<time>2025-09-21T08:42:18Z</time>
			</trkpt>
			<trkpt lat="48.017696" lon="15.969172">
				<ele>413.98</ele>
				<time>2025-09-21T08:42:21Z</time>
			</trkpt>
			<trkpt lat="48.017693" lon="15.969077">
				<ele>414.08</ele>
				<time>2025-09-21T08:42:24Z</time>
			</trkpt>
			<trkpt lat="48.017709" lon="15.968994">
				<ele>414.17</ele>
				<time>2025-09-21T08:42:27Z</time>
			</trkpt>
			<trkpt lat="48.017705" lon="15.9689">
				<ele>414.26</ele>
				<time>2025-09-21T08:42:30Z</time>
			</trkpt>
			<trkpt lat="48.017713" lon="15.968807">
				<ele>414.34</ele>
				<time>2025-09-21T08:42:33Z</time>
			</trkpt>
			<trkpt lat="48.017706" lon="15.968702">
				<ele>414.42</ele>
				<time>2025-09-21T08:42:36Z</time>
			</trkpt>
			<trkpt lat="48.017721" lon="15.968604">
				<ele>414.49</ele>
				<time>2025-09-21T08:42:39Z</time>
			</trkpt>
			<trkpt lat="48.017728" lon="15.968485">
				<ele>414.57</ele>
				<time>2025-09-21T08:42:43Z</time>
			</trkpt>
			<trkpt lat="48.017738" lon="15.968398">
				<ele>414.65</ele>
				<time>2025-09-21T08:42:46Z</time>
			</trkpt>
			<trkpt lat="48.017742" lon="15.968298">
				<ele>414.73</ele>
				<time>2025-09-21T08:42:49Z</time>
			</trkpt>
			<trkpt lat="48.017759" lon="15.968192">
				<ele>414.81</ele>
				<time>2025-09-21T08:42:52Z</time>
			</trkpt>
			<trkpt lat="48.017764" lon="15.968097">
				<ele>414.87</ele>
				<time>2025-09-21T08:42:55Z</time>
			</trkpt>
			<trkpt lat="48.017774" lon="15.968002">
				<ele>414.94</ele>
				<time>2025-09-21T08:42:58Z</time>
			</trkpt>
			<trkpt lat="48.017789" lon="15.967904">
				<ele>415.0</ele>
				<time>2025-09-21T08:43:01Z</time>
			</trkpt>
			<trkpt lat="48.017805" lon="15.967814">
				<ele>415.05</ele>
				<time>2025-09-21T08:43:04Z</time>
			</trkpt>
			<trkpt lat="48.017812" lon="15.967725">
				<ele>415.1</ele>
				<time>2025-09-21T08:43:07Z</time>
			</trkpt>
			<trkpt lat="48.017837" lon="15.967641">
				<ele>415.15</ele>
				<time>2025-09-21T08:43:10Z</time>
			</trkpt>
			<trkpt lat="48.01786" lon="15.967551">
				<ele>415.21</ele>
				<time>2025-09-21T08:43:13Z</time>
			</trkpt>
			<trkpt lat="48.017895" lon="15.967468">
				<ele>415.25</ele>
				<time>2025-09-21T08:43:16Z</time>
			</trkpt>
			<trkpt lat="48.017906" lon="15.967379">
				<ele>415.3</ele>
				<time>2025-09-21T08:43:19Z</time>
			</trkpt>
			<trkpt lat="48.017947" lon="15.967298">
				<ele>415.34</ele>
				<time>2025-09-21T08:43:22Z</time>
			</trkpt>
			<trkpt lat="48.017978" lon="15.967214">
				<ele>415.37</ele>
				<time>2025-09-21T08:43:25Z</time>
			</trkpt>
			<trkpt lat="48.018016" lon="15.967127">
				<ele>415.42</ele>
				<time>2025-09-21T08:43:28Z</time>
			</trkpt>
			<trkpt lat="48.018038" lon="15.967039">
				<ele>415.45</ele>
				<time>2025-09-21T08:43:31Z</time>
			</trkpt>
			<trkpt lat="48.018073" lon="15.96695">
				<ele>415.49</ele>
				<time>2025-09-21T08:43:34Z</time>
			</trkpt>
			<trkpt lat="48.018105" lon="15.966856">
				<ele>415.52</ele>
				<time>2025-09-21T08:43:37Z</time>
			</trkpt>
			<trkpt lat="48.018141" lon="15.966772">
				<ele>415.55</ele>
				<time>2025-09-21T08:43:40Z</time>
			</trkpt>
			<trkpt lat="48.018189" lon="15.966702">
				<ele>415.59</ele>
				<time>2025-09-21T08:43:43Z</time>
			</trkpt>
			<trkpt lat="48.018231" lon="15.96663">
				<ele>415.64</ele>
				<time>2025-09-21T08:43:46Z</time>
			</trkpt>
			<trkpt lat="48.018269" lon="15.966546">
				<ele>415.67</ele>
				<time>2025-09-21T08:43:49Z</time>
			</trkpt>
			<trkpt lat="48.018313" lon="15.966473">
				<ele>415.69</ele>
				<time>2025-09-21T08:43:52Z</time>
			</trkpt>
			<trkpt lat="48.018351" lon="15.966395">
				<ele>415.73</ele>
				<time>2025-09-21T08:43:55Z</time>
			</trkpt>
			<trkpt lat="48.018384" lon="15.966316">
				<ele>415.76</ele>
				<time>2025-09-21T08:43:58Z</time>
			</trkpt>
			<trkpt lat="48.018429" lon="15.966233">
				<ele>415.8</ele>
				<time>2025-09-21T08:44:01Z</time>
			</trkpt>
			<trkpt lat="48.018471" lon="15.966158">
				<ele>415.84</ele>
				<time>2025-09-21T08:44:04Z</time>
			</trkpt>
			<trkpt lat="48.018494" lon="15.966068">
				<ele>415.87</ele>
				<time>2025-09-21T08:44:07Z</time>
			</trkpt>
			<trkpt lat="48.018526" lon="15.965992">
				<ele>415.91</ele>
				<time>2025-09-21T08:44:10Z</time>
			</trkpt>
			<trkpt lat="48.018558" lon="15.965909">
				<ele>415.94</ele>
				<time>2025-09-21T08:44:13Z</time>
			</trkpt>
			<trkpt lat="48.018591" lon="15.965822">
				<ele>415.99</ele>
				<time>2025-09-21T08:44:16Z</time>
			</trkpt>
			<trkpt lat="48.018616" lon="15.965735">
				<ele>416.04</ele>
				<time>2025-09-21T08:44:19Z</time>
			</trkpt>
			<trkpt lat="48.018651" lon="15.96566">
				<ele>416.1</ele>
				<time>2025-09-21T08:44:22Z</time>
			</trkpt>
			<trkpt lat="48.018688" lon="15.965579">
				<ele>416.15</ele>
				<time>2025-09-21T08:44:25Z</time>
			</trkpt>
			<trkpt lat="48.018717" lon="15.965506">
				<ele>416.21</ele>
				<time>2025-09-21T08:44:28Z</time>
			</trkpt>
			<trkpt lat="48.018742" lon="15.965408">
				<ele>416.27</ele>
				<time>2025-09-21T08:44:32Z</time>
			</trkpt>
			<trkpt lat="48.018765" lon="15.96531">
				<ele>416.33</ele>
				<time>2025-09-21T08:44:35Z</time>
			</trkpt>
			<trkpt lat="48.018789" lon="15.965218">
				<ele>416.39</ele>
				<time>2025-09-21T08:44:38Z</time>
			</trkpt>
			<trkpt lat="48.018804" lon="15.965132">
				<ele>416.45</ele>
				<time>2025-09-21T08:44:41Z</time>
			</trkpt>
			<trkpt lat="48.018826" lon="15.96505">
				<ele>416.51</ele>
				<time>2025-09-21T08:44:44Z</time>
			</trkpt>
			<trkpt lat="48.018848" lon="15.964952">
				<ele>416.56</ele>
				<time>2025-09-21T08:44:47Z</time>
			</trkpt>
			<trkpt lat="48.018858" lon="15.964862">
				<ele>416.64</ele>
				<time>2025-09-21T08:44:50Z</time>
			</trkpt>
			<trkpt lat="48.018876" lon="15.964774">
				<ele>416.7</ele>
				<time>2025-09-21T08:44:53Z</time>
			</trkpt>
			<trkpt lat="48.018898" lon="15.964689">
				<ele>416.77</ele>
				<time>2025-09-21T08:44:56Z</time>
			</trkpt>
			<trkpt lat="48.01892" lon="15.964599">
				<ele>416.84</ele>
				<time>2025-09-21T08:44:59Z</time>
			</trkpt>
			<trkpt lat="48.018949" lon="15.964523">
				<ele>416.89</ele>
				<time>2025-09-21T08:45:02Z</time>
			</trkpt>
			<trkpt lat="48.018951" lon="15.964433">
				<ele>416.96</ele>
				<time>2025-09-21T08:45:05Z</time>
			</trkpt>
			<trkpt lat="48.018971" lon="15.964343">
				<ele>417.02</ele>
				<time>2025-09-21T08:45:08Z</time>
			</trkpt>
			<trkpt lat="48.018993" lon="15.964262">
				<ele>417.09</ele>
				<time>2025-09-21T08:45:11Z</time>
			</trkpt>
			<trkpt lat="48.019014" lon="15.964169">
				<ele>417.18</ele>
				<time>2025-09-21T08:45:15Z</time>
			</trkpt>
			<trkpt lat="48.019029" lon="15.96409">
				<ele>417.23</ele>
				<time>2025-09-21T08:45:18Z</time>
			</trkpt>
			<trkpt lat="48.019049" lon="15.964011">
				<ele>417.31</ele>
				<time>2025-09-21T08:45:21Z</time>
			</trkpt>
			<trkpt lat="48.019063" lon="15.963922">
				<ele>417.38</ele>
				<time>2025-09-21T08:45:24Z</time>
			</trkpt>
			<trkpt lat="48.019086" lon="15.963814">
				<ele>417.46</ele>
				<time>2025-09-21T08:45:28Z</time>
			</trkpt>
			<trkpt lat="48.019104" lon="15.963733">
				<ele>417.55</ele>
				<time>2025-09-21T08:45:31Z</time>
			</trkpt>
			<trkpt lat="48.01912" lon="15.96365">
				<ele>417.63</ele>
				<time>2025-09-21T08:45:34Z</time>
			</trkpt>
			<trkpt lat="48.019138" lon="15.963564">
				<ele>417.7</ele>
				<time>2025-09-21T08:45:37Z</time>
			</trkpt>
			<trkpt lat="48.019156" lon="15.963479">
				<ele>417.78</ele>
				<time>2025-09-21T08:45:40Z</time>
			</trkpt>
			<trkpt lat="48.019169" lon="15.963397">
				<ele>417.85</ele>
				<time>2025-09-21T08:45:43Z</time>
			</trkpt>
			<trkpt lat="48.019187" lon="15.963317">
				<ele>417.92</ele>
				<time>2025-09-21T08:45:46Z</time>
			</trkpt>
			<trkpt lat="48.019204" lon="15.96322">
				<ele>417.99</ele>
				<time>2025-09-21T08:45:49Z</time>
			</trkpt>
			<trkpt lat="48.019222" lon="15.963133">
				<ele>418.06</ele>
				<time>2025-09-21T08:45:52Z</time>
			</trkpt>
			<trkpt lat="48.019236" lon="15.963055">
				<ele>418.14</ele>
				<time>2025-09-21T08:45:55Z</time>
			</trkpt>
			<trkpt lat="48.019258" lon="15.96297">
				<ele>418.21</ele>
				<time>2025-09-21T08:45:58Z</time>
			</trkpt>
			<trkpt lat="48.019268" lon="15.962877">
				<ele>418.28</ele>
				<time>2025-09-21T08:46:01Z</time>
			</trkpt>
			<trkpt lat="48.019275" lon="15.962786">
				<ele>418.36</ele>
				<time>2025-09-21T08:46:04Z</time>
			</trkpt>
			<trkpt lat="48.019302" lon="15.962702">
				<ele>418.44</ele>
				<time>2025-09-21T08:46:08Z</time>
			</trkpt>
			<trkpt lat="48.019313" lon="15.962597">
				<ele>418.53</ele>
				<time>2025-09-21T08:46:12Z</time>
			</trkpt>
			<trkpt lat="48.019333" lon="15.962516">
				<ele>418.6</ele>
				<time>2025-09-21T08:46:15Z</time>
			</trkpt>
			<trkpt lat="48.019338" lon="15.962426">
				<ele>418.7</ele>
				<time>2025-09-21T08:46:18Z</time>
			</trkpt>
			<trkpt lat="48.019367" lon="15.962337">
				<ele>418.77</ele>
				<time>2025-09-21T08:46:22Z</time>
			</trkpt>
			<trkpt lat="48.019379" lon="15.962225">
				<ele>418.85</ele>
				<time>2025-09-21T08:46:26Z</time>
			</trkpt>
			<trkpt lat="48.019394" lon="15.962117">
				<ele>418.94</ele>
				<time>2025-09-21T08:46:30Z</time>
			</trkpt>
			<trkpt lat="48.019415" lon="15.962019">
				<ele>419.02</ele>
				<time>2025-09-21T08:46:34Z</time>
			</trkpt>
			<trkpt lat="48.019424" lon="15.961919">
				<ele>419.09</ele>
				<time>2025-09-21T08:46:38Z</time>
			</trkpt>
			<trkpt lat="48.019453" lon="15.961823">
				<ele>419.16</ele>
				<time>2025-09-21T08:46:42Z</time>
			</trkpt>
			<trkpt lat="48.019467" lon="15.961736">
				<ele>419.24</ele>
				<time>2025-09-21T08:46:45Z</time>
			</trkpt>
			<trkpt lat="48.01948" lon="15.961657">
				<ele>419.31</ele>
				<time>2025-09-21T08:46:48Z</time>
			</trkpt>
			<trkpt lat="48.019506" lon="15.961558">
				<ele>419.36</ele>
				<time>2025-09-21T08:46:52Z</time>
			</trkpt>
			<trkpt lat="48.01952" lon="15.961474">
				<ele>419.43</ele>
				<time>2025-09-21T08:46:55Z</time>
			</trkpt>
			<trkpt lat="48.019538" lon="15.961387">
				<ele>419.49</ele>
				<time>2025-09-21T08:46:58Z</time>
			</trkpt>
			<trkpt lat="48.019553" lon="15.961308">
				<ele>419.52</ele>
				<time>2025-09-21T08:47:01Z</time>
			</trkpt>
			<trkpt lat="48.019569" lon="15.961226">
				<ele>419.58</ele>
				<time>2025-09-21T08:47:04Z</time>
			</trkpt>
			<trkpt lat="48.019588" lon="15.96114">
				<ele>419.62</ele>
				<time>2025-09-21T08:47:07Z</time>
			</trkpt>
			<trkpt lat="48.019601" lon="15.961054">
				<ele>419.65</ele>
				<time>2025-09-21T08:47:10Z</time>
			</trkpt>
			<trkpt lat="48.019614" lon="15.960971">
				<ele>419.66</ele>
				<time>2025-09-21T08:47:14Z</time>
			</trkpt>
			<trkpt lat="48.019637" lon="15.960879">
				<ele>419.68</ele>
				<time>2025-09-21T08:48:12Z</time>
			</trkpt>
			<trkpt lat="48.019636" lon="15.960788">
				<ele>419.69</ele>
				<time>2025-09-21T08:48:16Z</time>
			</trkpt>
			<trkpt lat="48.019663" lon="15.960688">
				<ele>419.71</ele>
				<time>2025-09-21T08:48:20Z</time>
			</trkpt>
			<trkpt lat="48.019669" lon="15.960552">
				<ele>419.76</ele>
				<time>2025-09-21T08:48:23Z</time>
			</trkpt>
			<trkpt lat="48.019614" lon="15.960479">
				<ele>419.83</ele>
				<time>2025-09-21T08:48:27Z</time>
			</trkpt>
			<trkpt lat="48.019576" lon="15.960416">
				<ele>419.94</ele>
				<time>2025-09-21T08:48:30Z</time>
			</trkpt>
			<trkpt lat="48.019532" lon="15.960336">
				<ele>420.08</ele>
				<time>2025-09-21T08:48:33Z</time>
			</trkpt>
			<trkpt lat="48.019487" lon="15.960274">
				<ele>420.22</ele>
				<time>2025-09-21T08:48:36Z</time>
			</trkpt>
			<trkpt lat="48.019446" lon="15.96019">
				<ele>420.39</ele>
				<time>2025-09-21T08:48:39Z</time>
			</trkpt>
			<trkpt lat="48.019404" lon="15.960127">
				<ele>420.59</ele>
				<time>2025-09-21T08:48:42Z</time>
			</trkpt>
			<trkpt lat="48.019365" lon="15.960063">
				<ele>420.8</ele>
				<time>2025-09-21T08:48:45Z</time>
			</trkpt>
			<trkpt lat="48.019326" lon="15.959989">
				<ele>420.98</ele>
				<time>2025-09-21T08:48:48Z</time>
			</trkpt>
			<trkpt lat="48.019289" lon="15.959931">
				<ele>421.14</ele>
				<time>2025-09-21T08:48:51Z</time>
			</trkpt>
			<trkpt lat="48.019249" lon="15.959854">
				<ele>421.28</ele>
				<time>2025-09-21T08:48:54Z</time>
			</trkpt>
			<trkpt lat="48.019212" lon="15.959775">
				<ele>421.38</ele>
				<time>2025-09-21T08:48:57Z</time>
			</trkpt>
			<trkpt lat="48.019192" lon="15.95968">
				<ele>421.42</ele>
				<time>2025-09-21T08:49:00Z</time>
			</trkpt>
			<trkpt lat="48.019179" lon="15.959579">
				<ele>421.4</ele>
				<time>2025-09-21T08:49:03Z</time>
			</trkpt>
			<trkpt lat="48.019193" lon="15.959477">
				<ele>421.33</ele>
				<time>2025-09-21T08:49:06Z</time>
			</trkpt>
			<trkpt lat="48.01923" lon="15.959382">
				<ele>421.23</ele>
				<time>2025-09-21T08:49:09Z</time>
			</trkpt>
			<trkpt lat="48.019287" lon="15.959323">
				<ele>421.09</ele>
				<time>2025-09-21T08:49:12Z</time>
			</trkpt>
			<trkpt lat="48.019339" lon="15.959297">
				<ele>420.95</ele>
				<time>2025-09-21T08:49:14Z</time>
			</trkpt>
			<trkpt lat="48.019401" lon="15.959234">
				<ele>420.77</ele>
				<time>2025-09-21T08:49:17Z</time>
			</trkpt>
			<trkpt lat="48.019457" lon="15.95917">
				<ele>420.57</ele>
				<time>2025-09-21T08:49:20Z</time>
			</trkpt>
			<trkpt lat="48.019503" lon="15.95909">
				<ele>420.36</ele>
				<time>2025-09-21T08:49:23Z</time>
			</trkpt>
			<trkpt lat="48.019546" lon="15.959017">
				<ele>420.19</ele>
				<time>2025-09-21T08:49:26Z</time>
			</trkpt>
			<trkpt lat="48.019571" lon="15.958946">
				<ele>420.04</ele>
				<time>2025-09-21T08:49:28Z</time>
			</trkpt>
			<trkpt lat="48.019613" lon="15.958864">
				<ele>419.94</ele>
				<time>2025-09-21T08:49:31Z</time>
			</trkpt>
			<trkpt lat="48.019648" lon="15.95878">
				<ele>419.88</ele>
				<time>2025-09-21T08:49:34Z</time>
			</trkpt>
			<trkpt lat="48.019684" lon="15.958718">
				<ele>419.87</ele>
				<time>2025-09-21T08:49:36Z</time>
			</trkpt>
			<trkpt lat="48.019721" lon="15.958621">
				<ele>419.88</ele>
				<time>2025-09-21T08:49:39Z</time>
			</trkpt>
			<trkpt lat="48.019753" lon="15.958536">
				<ele>419.91</ele>
				<time>2025-09-21T08:49:42Z</time>
			</trkpt>
			<trkpt lat="48.019796" lon="15.958459">
				<ele>419.95</ele>
				<time>2025-09-21T08:49:45Z</time>
			</trkpt>
			<trkpt lat="48.019844" lon="15.958381">
				<ele>419.98</ele>
				<time>2025-09-21T08:49:48Z</time>
			</trkpt>
			<trkpt lat="48.019891" lon="15.958304">
				<ele>420.03</ele>
				<time>2025-09-21T08:49:51Z</time>
			</trkpt>
			<trkpt lat="48.019946" lon="15.958229">
				<ele>420.06</ele>
				<time>2025-09-21T08:49:54Z</time>
			</trkpt>
			<trkpt lat="48.019995" lon="15.958166">
				<ele>420.1</ele>
				<time>2025-09-21T08:49:57Z</time>
			</trkpt>
			<trkpt lat="48.020051" lon="15.958093">
				<ele>420.13</ele>
				<time>2025-09-21T08:50:00Z</time>
			</trkpt>
			<trkpt lat="48.020107" lon="15.958047">
				<ele>420.17</ele>
				<time>2025-09-21T08:50:03Z</time>
			</trkpt>
			<trkpt lat="48.020168" lon="15.958008">
				<ele>420.21</ele>
				<time>2025-09-21T08:50:06Z</time>
			</trkpt>
			<trkpt lat="48.020227" lon="15.957943">
				<ele>420.27</ele>
				<time>2025-09-21T08:50:09Z</time>
			</trkpt>
			<trkpt lat="48.020291" lon="15.957907">
				<ele>420.33</ele>
				<time>2025-09-21T08:50:12Z</time>
			</trkpt>
			<trkpt lat="48.020354" lon="15.957867">
				<ele>420.38</ele>
				<time>2025-09-21T08:50:15Z</time>
			</trkpt>
			<trkpt lat="48.020406" lon="15.957813">
				<ele>420.43</ele>
				<time>2025-09-21T08:50:18Z</time>
			</trkpt>
			<trkpt lat="48.020464" lon="15.957768">
				<ele>420.49</ele>
				<time>2025-09-21T08:50:21Z</time>
			</trkpt>
			<trkpt lat="48.020526" lon="15.957725">
				<ele>420.57</ele>
				<time>2025-09-21T08:50:24Z</time>
			</trkpt>
			<trkpt lat="48.020583" lon="15.957694">
				<ele>420.64</ele>
				<time>2025-09-21T08:50:27Z</time>
			</trkpt>
			<trkpt lat="48.020637" lon="15.957676">
				<ele>420.73</ele>
				<time>2025-09-21T08:50:30Z</time>
			</trkpt>
			<trkpt lat="48.020699" lon="15.957652">
				<ele>420.8</ele>
				<time>2025-09-21T08:50:33Z</time>
			</trkpt>
			<trkpt lat="48.020766" lon="15.957624">
				<ele>420.87</ele>
				<time>2025-09-21T08:50:36Z</time>
			</trkpt>
			<trkpt lat="48.020826" lon="15.957596">
				<ele>420.94</ele>
				<time>2025-09-21T08:50:39Z</time>
			</trkpt>
			<trkpt lat="48.020898" lon="15.957563">
				<ele>421.0</ele>
				<time>2025-09-21T08:50:42Z</time>
			</trkpt>
			<trkpt lat="48.020965" lon="15.95755">
				<ele>421.05</ele>
				<time>2025-09-21T08:50:45Z</time>
			</trkpt>
			<trkpt lat="48.021038" lon="15.957557">
				<ele>421.09</ele>
				<time>2025-09-21T08:50:48Z</time>
			</trkpt>
			<trkpt lat="48.02111" lon="15.957543">
				<ele>421.12</ele>
				<time>2025-09-21T08:50:51Z</time>
			</trkpt>
			<trkpt lat="48.021173" lon="15.957533">
				<ele>421.16</ele>
				<time>2025-09-21T08:50:54Z</time>
			</trkpt>
			<trkpt lat="48.021235" lon="15.957531">
				<ele>421.19</ele>
				<time>2025-09-21T08:50:57Z</time>
			</trkpt>
			<trkpt lat="48.021304" lon="15.957522">
				<ele>421.23</ele>
				<time>2025-09-21T08:51:00Z</time>
			</trkpt>
			<trkpt lat="48.021372" lon="15.957504">
				<ele>421.27</ele>
				<time>2025-09-21T08:51:03Z</time>
			</trkpt>
			<trkpt lat="48.021433" lon="15.957479">
				<ele>421.31</ele>
				<time>2025-09-21T08:51:06Z</time>
			</trkpt>
			<trkpt lat="48.021494" lon="15.957435">
				<ele>421.35</ele>
				<time>2025-09-21T08:51:09Z</time>
			</trkpt>
			<trkpt lat="48.021557" lon="15.957403">
				<ele>421.4</ele>
				<time>2025-09-21T08:51:12Z</time>
			</trkpt>
			<trkpt lat="48.021616" lon="15.957352">
				<ele>421.47</ele>
				<time>2025-09-21T08:51:15Z</time>
			</trkpt>
			<trkpt lat="48.021675" lon="15.957309">
				<ele>421.53</ele>
				<time>2025-09-21T08:51:18Z</time>
			</trkpt>
			<trkpt lat="48.021729" lon="15.957247">
				<ele>421.6</ele>
				<time>2025-09-21T08:51:21Z</time>
			</trkpt>
			<trkpt lat="48.021774" lon="15.957189">
				<ele>421.67</ele>
				<time>2025-09-21T08:51:24Z</time>
			</trkpt>
			<trkpt lat="48.021831" lon="15.957125">
				<ele>421.75</ele>
				<time>2025-09-21T08:51:27Z</time>
			</trkpt>
			<trkpt lat="48.021884" lon="15.957058">
				<ele>421.82</ele>
				<time>2025-09-21T08:51:30Z</time>
			</trkpt>
			<trkpt lat="48.021941" lon="15.957005">
				<ele>421.88</ele>
				<time>2025-09-21T08:51:33Z</time>
			</trkpt>
			<trkpt lat="48.021989" lon="15.95694">
				<ele>421.94</ele>
				<time>2025-09-21T08:51:36Z</time>
			</trkpt>
			<trkpt lat="48.022044" lon="15.956895">
				<ele>421.98</ele>
				<time>2025-09-21T08:51:39Z</time>
			</trkpt>
			<trkpt lat="48.022098" lon="15.956835">
				<ele>422.01</ele>
				<time>2025-09-21T08:51:42Z</time>
			</trkpt>
			<trkpt lat="48.022156" lon="15.956777">
				<ele>422.04</ele>
				<time>2025-09-21T08:51:45Z</time>
			</trkpt>
			<trkpt lat="48.022213" lon="15.95672">
				<ele>422.06</ele>
				<time>2025-09-21T08:51:48Z</time>
			</trkpt>
			<trkpt lat="48.02227" lon="15.956656">
				<ele>422.08</ele>
				<time>2025-09-21T08:51:51Z</time>
			</trkpt>
			<trkpt lat="48.022321" lon="15.956592">
				<ele>422.09</ele>
				<time>2025-09-21T08:51:54Z</time>
			</trkpt>
			<trkpt lat="48.022374" lon="15.956532">
				<ele>422.12</ele>
				<time>2025-09-21T08:51:57Z</time>
			</trkpt>
			<trkpt lat="48.02243" lon="15.956479">
				<ele>422.14</ele>
				<time>2025-09-21T08:52:00Z</time>
			</trkpt>
			<trkpt lat="48.022474" lon="15.95641">
				<ele>422.17</ele>
				<time>2025-09-21T08:52:03Z</time>
			</trkpt>
			<trkpt lat="48.022513" lon="15.956335">
				<ele>422.19</ele>
				<time>2025-09-21T08:52:06Z</time>
			</trkpt>
			<trkpt lat="48.022521" lon="15.956235">
				<ele>422.21</ele>
				<time>2025-09-21T08:52:09Z</time>
			</trkpt>
			<trkpt lat="48.022509" lon="15.95613">
				<ele>422.23</ele>
				<time>2025-09-21T08:52:12Z</time>
			</trkpt>
			<trkpt lat="48.022481" lon="15.95604">
				<ele>422.27</ele>
				<time>2025-09-21T08:52:15Z</time>
			</trkpt>
			<trkpt lat="48.022466" lon="15.955945">
				<ele>422.29</ele>
				<time>2025-09-21T08:52:18Z</time>
			</trkpt>
			<trkpt lat="48.022438" lon="15.955853">
				<ele>422.32</ele>
				<time>2025-09-21T08:52:21Z</time>
			</trkpt>
			<trkpt lat="48.022421" lon="15.955751">
				<ele>422.35</ele>
				<time>2025-09-21T08:52:24Z</time>
			</trkpt>
			<trkpt lat="48.022408" lon="15.955661">
				<ele>422.39</ele>
				<time>2025-09-21T08:52:27Z</time>
			</trkpt>
			<trkpt lat="48.02238" lon="15.955569">
				<ele>422.42</ele>
				<time>2025-09-21T08:52:30Z</time>
			</trkpt>
			<trkpt lat="48.022362" lon="15.955488">
				<ele>422.46</ele>
				<time>2025-09-21T08:52:33Z</time>
			</trkpt>
			<trkpt lat="48.022344" lon="15.955391">
				<ele>422.48</ele>
				<time>2025-09-21T08:52:36Z</time>
			</trkpt>
			<trkpt lat="48.022315" lon="15.955299">
				<ele>422.51</ele>
				<time>2025-09-21T08:52:39Z</time>
			</trkpt>
			<trkpt lat="48.022328" lon="15.955206">
				<ele>422.52</ele>
				<time>2025-09-21T08:52:42Z</time>
			</trkpt>
			<trkpt lat="48.022344" lon="15.955116">
				<ele>422.54</ele>
				<time>2025-09-21T08:52:45Z</time>
			</trkpt>
			<trkpt lat="48.022327" lon="15.955018">
				<ele>422.57</ele>
				<time>2025-09-21T08:52:48Z</time>
			</trkpt>
			<trkpt lat="48.022344" lon="15.954918">
				<ele>422.61</ele>
				<time>2025-09-21T08:52:51Z</time>
			</trkpt>
			<trkpt lat="48.022344" lon="15.954833">
				<ele>422.64</ele>
				<time>2025-09-21T08:52:54Z</time>
			</trkpt>
			<trkpt lat="48.022363" lon="15.954745">
				<ele>422.69</ele>
				<time>2025-09-21T08:52:57Z</time>
			</trkpt>
			<trkpt lat="48.022364" lon="15.954651">
				<ele>422.72</ele>
				<time>2025-09-21T08:53:00Z</time>
			</trkpt>
			<trkpt lat="48.022399" lon="15.954567">
				<ele>422.78</ele>
				<time>2025-09-21T08:53:03Z</time>
			</trkpt>
			<trkpt lat="48.022422" lon="15.954473">
				<ele>422.81</ele>
				<time>2025-09-21T08:53:06Z</time>
			</trkpt>
			<trkpt lat="48.022449" lon="15.954386">
				<ele>422.88</ele>
				<time>2025-09-21T08:53:09Z</time>
			</trkpt>
			<trkpt lat="48.022494" lon="15.95432">
				<ele>422.92</ele>
				<time>2025-09-21T08:53:12Z</time>
			</trkpt>
			<trkpt lat="48.022523" lon="15.954226">
				<ele>422.97</ele>
				<time>2025-09-21T08:53:15Z</time>
			</trkpt>
			<trkpt lat="48.022565" lon="15.954156">
				<ele>423.01</ele>
				<time>2025-09-21T08:53:18Z</time>
			</trkpt>
			<trkpt lat="48.022566" lon="15.954053">
				<ele>423.06</ele>
				<time>2025-09-21T08:53:21Z</time>
			</trkpt>
			<trkpt lat="48.022567" lon="15.953968">
				<ele>423.12</ele>
				<time>2025-09-21T08:53:23Z</time>
			</trkpt>
			<trkpt lat="48.022625" lon="15.953921">
				<ele>423.18</ele>
				<time>2025-09-21T08:53:26Z</time>
			</trkpt>
			<trkpt lat="48.022666" lon="15.953858">
				<ele>423.23</ele>
				<time>2025-09-21T08:53:29Z</time>
			</trkpt>
			<trkpt lat="48.022701" lon="15.953769">
				<ele>423.29</ele>
				<time>2025-09-21T08:53:33Z</time>
			</trkpt>
			<trkpt lat="48.022732" lon="15.953688">
				<ele>423.34</ele>
				<time>2025-09-21T08:53:36Z</time>
			</trkpt>
			<trkpt lat="48.022765" lon="15.953609">
				<ele>423.42</ele>
				<time>2025-09-21T08:53:39Z</time>
			</trkpt>
			<trkpt lat="48.022793" lon="15.953533">
				<ele>423.49</ele>
				<time>2025-09-21T08:53:42Z</time>
			</trkpt>
			<trkpt lat="48.022832" lon="15.953456">
				<ele>423.55</ele>
				<time>2025-09-21T08:53:45Z</time>
			</trkpt>
			<trkpt lat="48.022862" lon="15.953366">
				<ele>423.62</ele>
				<time>2025-09-21T08:53:48Z</time>
			</trkpt>
			<trkpt lat="48.022912" lon="15.953305">
				<ele>423.69</ele>
				<time>2025-09-21T08:53:51Z</time>
			</trkpt>
			<trkpt lat="48.022949" lon="15.953228">
				<ele>423.76</ele>
				<time>2025-09-21T08:53:54Z</time>
			</trkpt>
			<trkpt lat="48.022973" lon="15.953134">
				<ele>423.83</ele>
				<time>2025-09-21T08:53:57Z</time>
			</trkpt>
			<trkpt lat="48.022994" lon="15.953043">
				<ele>423.9</ele>
				<time>2025-09-21T08:54:00Z</time>
			</trkpt>
			<trkpt lat="48.023034" lon="15.952973">
				<ele>423.98</ele>
				<time>2025-09-21T08:54:03Z</time>
			</trkpt>
			<trkpt lat="48.023068" lon="15.952901">
				<ele>424.06</ele>
				<time>2025-09-21T08:54:06Z</time>
			</trkpt>
			<trkpt lat="48.023101" lon="15.952808">
				<ele>424.15</ele>
				<time>2025-09-21T08:54:09Z</time>
			</trkpt>
			<trkpt lat="48.023132" lon="15.952729">
				<ele>424.24</ele>
				<time>2025-09-21T08:54:12Z</time>
			</trkpt>
			<trkpt lat="48.023155" lon="15.952653">
				<ele>424.3</ele>
				<time>2025-09-21T08:54:15Z</time>
			</trkpt>
			<trkpt lat="48.023176" lon="15.952561">
				<ele>424.4</ele>
				<time>2025-09-21T08:54:18Z</time>
			</trkpt>
			<trkpt lat="48.02319" lon="15.952478">
				<ele>424.49</ele>
				<time>2025-09-21T08:54:21Z</time>
			</trkpt>
			<trkpt lat="48.023211" lon="15.952371">
				<ele>424.57</ele>
				<time>2025-09-21T08:54:25Z</time>
			</trkpt>
			<trkpt lat="48.023235" lon="15.952296">
				<ele>424.65</ele>
				<time>2025-09-21T08:54:28Z</time>
			</trkpt>
			<trkpt lat="48.023276" lon="15.952227">
				<ele>424.72</ele>
				<time>2025-09-21T08:54:31Z</time>
			</trkpt>
			<trkpt lat="48.023322" lon="15.952176">
				<ele>424.78</ele>
				<time>2025-09-21T08:54:34Z</time>
			</trkpt>
			<trkpt lat="48.023376" lon="15.952132">
				<ele>424.84</ele>
				<time>2025-09-21T08:54:37Z</time>
			</trkpt>
			<trkpt lat="48.023432" lon="15.952092">
				<ele>424.91</ele>
				<time>2025-09-21T08:54:40Z</time>
			</trkpt>
			<trkpt lat="48.023494" lon="15.952047">
				<ele>424.98</ele>
				<time>2025-09-21T08:54:43Z</time>
			</trkpt>
			<trkpt lat="48.023544" lon="15.951988">
				<ele>425.04</ele>
				<time>2025-09-21T08:54:46Z</time>
			</trkpt>
			<trkpt lat="48.0236" lon="15.951947">
				<ele>425.11</ele>
				<time>2025-09-21T08:54:49Z</time>
			</trkpt>
			<trkpt lat="48.023644" lon="15.951898">
				<ele>425.18</ele>
				<time>2025-09-21T08:54:52Z</time>
			</trkpt>
			<trkpt lat="48.0237" lon="15.951833">
				<ele>425.25</ele>
				<time>2025-09-21T08:54:55Z</time>
			</trkpt>
			<trkpt lat="48.023749" lon="15.951783">
				<ele>425.33</ele>
				<time>2025-09-21T08:54:58Z</time>
			</trkpt>
			<trkpt lat="48.023796" lon="15.951741">
				<ele>425.4</ele>
				<time>2025-09-21T08:55:01Z</time>
			</trkpt>
			<trkpt lat="48.023847" lon="15.951691">
				<ele>425.49</ele>
				<time>2025-09-21T08:55:04Z</time>
			</trkpt>
			<trkpt lat="48.023887" lon="15.951627">
				<ele>425.55</ele>
				<time>2025-09-21T08:55:07Z</time>
			</trkpt>
			<trkpt lat="48.023902" lon="15.951544">
				<ele>425.64</ele>
				<time>2025-09-21T08:55:10Z</time>
			</trkpt>
			<trkpt lat="48.023882" lon="15.951448">
				<ele>425.73</ele>
				<time>2025-09-21T08:55:13Z</time>
			</trkpt>
			<trkpt lat="48.023851" lon="15.951364">
				<ele>425.82</ele>
				<time>2025-09-21T08:55:16Z</time>
			</trkpt>
			<trkpt lat="48.023817" lon="15.951273">
				<ele>425.92</ele>
				<time>2025-09-21T08:55:19Z</time>
			</trkpt>
			<trkpt lat="48.0238" lon="15.951194">
				<ele>426.0</ele>
				<time>2025-09-21T08:55:22Z</time>
			</trkpt>
			<trkpt lat="48.023772" lon="15.951111">
				<ele>426.09</ele>
				<time>2025-09-21T08:55:25Z</time>
			</trkpt>
			<trkpt lat="48.023749" lon="15.951025">
				<ele>426.17</ele>
				<time>2025-09-21T08:55:28Z</time>
			</trkpt>
			<trkpt lat="48.023727" lon="15.950943">
				<ele>426.25</ele>
				<time>2025-09-21T08:55:31Z</time>
			</trkpt>
			<trkpt lat="48.023699" lon="15.95086">
				<ele>426.32</ele>
				<time>2025-09-21T08:55:34Z</time>
			</trkpt>
			<trkpt lat="48.023672" lon="15.950774">
				<ele>426.41</ele>
				<time>2025-09-21T08:55:37Z</time>
			</trkpt>
			<trkpt lat="48.023646" lon="15.950698">
				<ele>426.5</ele>
				<time>2025-09-21T08:55:40Z</time>
			</trkpt>
			<trkpt lat="48.023632" lon="15.950614">
				<ele>426.59</ele>
				<time>2025-09-21T08:55:43Z</time>
			</trkpt>
			<trkpt lat="48.023604" lon="15.950516">
				<ele>426.69</ele>
				<time>2025-09-21T08:55:46Z</time>
			</trkpt>
			<trkpt lat="48.023579" lon="15.950437">
				<ele>426.8</ele>
				<time>2025-09-21T08:55:49Z</time>
			</trkpt>
			<trkpt lat="48.02356" lon="15.950356">
				<ele>426.92</ele>
				<time>2025-09-21T08:55:52Z</time>
			</trkpt>
			<trkpt lat="48.023544" lon="15.950274">
				<ele>427.03</ele>
				<time>2025-09-21T08:55:55Z</time>
			</trkpt>
			<trkpt lat="48.023516" lon="15.950175">
				<ele>427.15</ele>
				<time>2025-09-21T08:55:58Z</time>
			</trkpt>
			<trkpt lat="48.023489" lon="15.950089">
				<ele>427.28</ele>
				<time>2025-09-21T08:56:01Z</time>
			</trkpt>
			<trkpt lat="48.023471" lon="15.94999">
				<ele>427.42</ele>
				<time>2025-09-21T08:56:05Z</time>
			</trkpt>
			<trkpt lat="48.023471" lon="15.949906">
				<ele>427.58</ele>
				<time>2025-09-21T08:56:08Z</time>
			</trkpt>
			<trkpt lat="48.023457" lon="15.949814">
				<ele>427.74</ele>
				<time>2025-09-21T08:56:11Z</time>
			</trkpt>
			<trkpt lat="48.023447" lon="15.949725">
				<ele>427.89</ele>
				<time>2025-09-21T08:56:14Z</time>
			</trkpt>
			<trkpt lat="48.023443" lon="15.949615">
				<ele>428.02</ele>
				<time>2025-09-21T08:56:18Z</time>
			</trkpt>
			<trkpt lat="48.023448" lon="15.949533">
				<ele>428.17</ele>
				<time>2025-09-21T08:56:21Z</time>
			</trkpt>
			<trkpt lat="48.023456" lon="15.949445">
				<ele>428.3</ele>
				<time>2025-09-21T08:56:24Z</time>
			</trkpt>
			<trkpt lat="48.023495" lon="15.949386">
				<ele>428.43</ele>
				<time>2025-09-21T08:56:27Z</time>
			</trkpt>
			<trkpt lat="48.023568" lon="15.949308">
				<ele>428.52</ele>
				<time>2025-09-21T08:56:31Z</time>
			</trkpt>
			<trkpt lat="48.023621" lon="15.94927">
				<ele>428.55</ele>
				<time>2025-09-21T08:56:34Z</time>
			</trkpt>
			<trkpt lat="48.023675" lon="15.949227">
				<ele>428.54</ele>
				<time>2025-09-21T08:56:37Z</time>
			</trkpt>
			<trkpt lat="48.023731" lon="15.949192">
				<ele>428.5</ele>
				<time>2025-09-21T08:56:40Z</time>
			</trkpt>
			<trkpt lat="48.023783" lon="15.949149">
				<ele>428.44</ele>
				<time>2025-09-21T08:56:43Z</time>
			</trkpt>
			<trkpt lat="48.023837" lon="15.949108">
				<ele>428.35</ele>
				<time>2025-09-21T08:56:47Z</time>
			</trkpt>
			<trkpt lat="48.023821" lon="15.949022">
				<ele>428.25</ele>
				<time>2025-09-21T08:56:50Z</time>
			</trkpt>
			<trkpt lat="48.023772" lon="15.948948">
				<ele>428.14</ele>
				<time>2025-09-21T08:56:55Z</time>
			</trkpt>
			<trkpt lat="48.023717" lon="15.948763">
				<ele>428.05</ele>
				<time>2025-09-21T08:56:59Z</time>
			</trkpt>
			<trkpt lat="48.023688" lon="15.948673">
				<ele>427.97</ele>
				<time>2025-09-21T08:57:02Z</time>
			</trkpt>
			<trkpt lat="48.023662" lon="15.948596">
				<ele>427.9</ele>
				<time>2025-09-21T08:57:05Z</time>
			</trkpt>
			<trkpt lat="48.023637" lon="15.948518">
				<ele>427.85</ele>
				<time>2025-09-21T08:57:08Z</time>
			</trkpt>
			<trkpt lat="48.023618" lon="15.948418">
				<ele>427.8</ele>
				<time>2025-09-21T08:57:12Z</time>
			</trkpt>
			<trkpt lat="48.023595" lon="15.948326">
				<ele>427.78</ele>
				<time>2025-09-21T08:57:15Z</time>
			</trkpt>
			<trkpt lat="48.02357" lon="15.948248">
				<ele>427.81</ele>
				<time>2025-09-21T08:57:17Z</time>
			</trkpt>
			<trkpt lat="48.023563" lon="15.948151">
				<ele>427.88</ele>
				<time>2025-09-21T08:57:22Z</time>
			</trkpt>
			<trkpt lat="48.023548" lon="15.948055">
				<ele>427.96</ele>
				<time>2025-09-21T08:57:26Z</time>
			</trkpt>
			<trkpt lat="48.023539" lon="15.947946">
				<ele>428.05</ele>
				<time>2025-09-21T08:57:30Z</time>
			</trkpt>
			<trkpt lat="48.023531" lon="15.947863">
				<ele>428.16</ele>
				<time>2025-09-21T08:57:33Z</time>
			</trkpt>
			<trkpt lat="48.023537" lon="15.947768">
				<ele>428.27</ele>
				<time>2025-09-21T08:57:36Z</time>
			</trkpt>
			<trkpt lat="48.023548" lon="15.947675">
				<ele>428.38</ele>
				<time>2025-09-21T08:57:39Z</time>
			</trkpt>
			<trkpt lat="48.023581" lon="15.947589">
				<ele>428.49</ele>
				<time>2025-09-21T08:57:42Z</time>
			</trkpt>
			<trkpt lat="48.02362" lon="15.94752">
				<ele>428.57</ele>
				<time>2025-09-21T08:57:45Z</time>
			</trkpt>
			<trkpt lat="48.023663" lon="15.947452">
				<ele>428.64</ele>
				<time>2025-09-21T08:57:48Z</time>
			</trkpt>
			<trkpt lat="48.023713" lon="15.947372">
				<ele>428.7</ele>
				<time>2025-09-21T08:57:52Z</time>
			</trkpt>
			<trkpt lat="48.02375" lon="15.94731">
				<ele>428.77</ele>
				<time>2025-09-21T08:57:55Z</time>
			</trkpt>
			<trkpt lat="48.023787" lon="15.947245">
				<ele>428.83</ele>
				<time>2025-09-21T08:57:58Z</time>
			</trkpt>
			<trkpt lat="48.023825" lon="15.947174">
				<ele>428.89</ele>
				<time>2025-09-21T08:58:01Z</time>
			</trkpt>
			<trkpt lat="48.023862" lon="15.947102">
				<ele>428.96</ele>
				<time>2025-09-21T08:58:04Z</time>
			</trkpt>
			<trkpt lat="48.023895" lon="15.947036">
				<ele>429.03</ele>
				<time>2025-09-21T08:58:07Z</time>
			</trkpt>
			<trkpt lat="48.023928" lon="15.946969">
				<ele>429.09</ele>
				<time>2025-09-21T08:58:10Z</time>
			</trkpt>
			<trkpt lat="48.023971" lon="15.946882">
				<ele>429.15</ele>
				<time>2025-09-21T08:58:14Z</time>
			</trkpt>
			<trkpt lat="48.024003" lon="15.946816">
				<ele>429.21</ele>
				<time>2025-09-21T08:58:17Z</time>
			</trkpt>
			<trkpt lat="48.024036" lon="15.946749">
				<ele>429.27</ele>
				<time>2025-09-21T08:58:20Z</time>
			</trkpt>
			<trkpt lat="48.024075" lon="15.946671">
				<ele>429.34</ele>
				<time>2025-09-21T08:58:23Z</time>
			</trkpt>
			<trkpt lat="48.02411" lon="15.946603">
				<ele>429.42</ele>
				<time>2025-09-21T08:58:26Z</time>
			</trkpt>
			<trkpt lat="48.024144" lon="15.946538">
				<ele>429.51</ele>
				<time>2025-09-21T08:58:29Z</time>
			</trkpt>
			<trkpt lat="48.024183" lon="15.946459">
				<ele>429.65</ele>
				<time>2025-09-21T08:58:32Z</time>
			</trkpt>
			<trkpt lat="48.02422" lon="15.946369">
				<ele>429.78</ele>
				<time>2025-09-21T08:58:36Z</time>
			</trkpt>
			<trkpt lat="48.024245" lon="15.946283">
				<ele>429.91</ele>
				<time>2025-09-21T08:58:40Z</time>
			</trkpt>
			<trkpt lat="48.024253" lon="15.94619">
				<ele>430.05</ele>
				<time>2025-09-21T08:58:44Z</time>
			</trkpt>
			<trkpt lat="48.024268" lon="15.946097">
				<ele>430.19</ele>
				<time>2025-09-21T08:58:48Z</time>
			</trkpt>
			<trkpt lat="48.02428" lon="15.946017">
				<ele>430.33</ele>
				<time>2025-09-21T08:58:51Z</time>
			</trkpt>
			<trkpt lat="48.024277" lon="15.945934">
				<ele>430.49</ele>
				<time>2025-09-21T08:58:56Z</time>
			</trkpt>
			<trkpt lat="48.024269" lon="15.945825">
				<ele>430.65</ele>
				<time>2025-09-21T08:59:03Z</time>
			</trkpt>
			<trkpt lat="48.024261" lon="15.945734">
				<ele>430.8</ele>
				<time>2025-09-21T08:59:08Z</time>
			</trkpt>
			<trkpt lat="48.024254" lon="15.945653">
				<ele>430.96</ele>
				<time>2025-09-21T08:59:13Z</time>
			</trkpt>
			<trkpt lat="48.024246" lon="15.945562">
				<ele>431.11</ele>
				<time>2025-09-21T08:59:17Z</time>
			</trkpt>
			<trkpt lat="48.024232" lon="15.945466">
				<ele>431.24</ele>
				<time>2025-09-21T08:59:20Z</time>
			</trkpt>
			<trkpt lat="48.024229" lon="15.945375">
				<ele>431.35</ele>
				<time>2025-09-21T08:59:23Z</time>
			</trkpt>
			<trkpt lat="48.024216" lon="15.945282">
				<ele>431.44</ele>
				<time>2025-09-21T08:59:26Z</time>
			</trkpt>
			<trkpt lat="48.024205" lon="15.945196">
				<ele>431.54</ele>
				<time>2025-09-21T08:59:29Z</time>
			</trkpt>
			<trkpt lat="48.02419" lon="15.945088">
				<ele>431.65</ele>
				<time>2025-09-21T08:59:33Z</time>
			</trkpt>
			<trkpt lat="48.02418" lon="15.944993">
				<ele>431.73</ele>
				<time>2025-09-21T08:59:36Z</time>
			</trkpt>
			<trkpt lat="48.024169" lon="15.9449">
				<ele>431.85</ele>
				<time>2025-09-21T08:59:39Z</time>
			</trkpt>
			<trkpt lat="48.024158" lon="15.944804">
				<ele>431.95</ele>
				<time>2025-09-21T08:59:42Z</time>
			</trkpt>
			<trkpt lat="48.024148" lon="15.944707">
				<ele>432.05</ele>
				<time>2025-09-21T08:59:45Z</time>
			</trkpt>
			<trkpt lat="48.024139" lon="15.944601">
				<ele>432.16</ele>
				<time>2025-09-21T08:59:49Z</time>
			</trkpt>
			<trkpt lat="48.024133" lon="15.944513">
				<ele>432.24</ele>
				<time>2025-09-21T08:59:52Z</time>
			</trkpt>
			<trkpt lat="48.024127" lon="15.944411">
				<ele>432.33</ele>
				<time>2025-09-21T08:59:55Z</time>
			</trkpt>
			<trkpt lat="48.024122" lon="15.944318">
				<ele>432.42</ele>
				<time>2025-09-21T08:59:58Z</time>
			</trkpt>
			<trkpt lat="48.024118" lon="15.944231">
				<ele>432.51</ele>
				<time>2025-09-21T09:00:01Z</time>
			</trkpt>
			<trkpt lat="48.024116" lon="15.944139">
				<ele>432.61</ele>
				<time>2025-09-21T09:00:04Z</time>
			</trkpt>
			<trkpt lat="48.024117" lon="15.944041">
				<ele>432.69</ele>
				<time>2025-09-21T09:00:07Z</time>
			</trkpt>
			<trkpt lat="48.024122" lon="15.943945">
				<ele>432.77</ele>
				<time>2025-09-21T09:00:10Z</time>
			</trkpt>
			<trkpt lat="48.024136" lon="15.94386">
				<ele>432.8</ele>
				<time>2025-09-21T09:00:13Z</time>
			</trkpt>
			<trkpt lat="48.024133" lon="15.943765">
				<ele>432.84</ele>
				<time>2025-09-21T09:00:16Z</time>
			</trkpt>
			<trkpt lat="48.024137" lon="15.943665">
				<ele>432.82</ele>
				<time>2025-09-21T09:00:19Z</time>
			</trkpt>
			<trkpt lat="48.024135" lon="15.943581">
				<ele>432.8</ele>
				<time>2025-09-21T09:00:22Z</time>
			</trkpt>
			<trkpt lat="48.024142" lon="15.943491">
				<ele>432.76</ele>
				<time>2025-09-21T09:00:25Z</time>
			</trkpt>
			<trkpt lat="48.024145" lon="15.94339">
				<ele>432.72</ele>
				<time>2025-09-21T09:00:28Z</time>
			</trkpt>
			<trkpt lat="48.024115" lon="15.943304">
				<ele>432.67</ele>
				<time>2025-09-21T09:00:31Z</time>
			</trkpt>
			<trkpt lat="48.024111" lon="15.943201">
				<ele>432.62</ele>
				<time>2025-09-21T09:00:34Z</time>
			</trkpt>
			<trkpt lat="48.024113" lon="15.943105">
				<ele>432.57</ele>
				<time>2025-09-21T09:00:37Z</time>
			</trkpt>
			<trkpt lat="48.024118" lon="15.943007">
				<ele>432.52</ele>
				<time>2025-09-21T09:00:40Z</time>
			</trkpt>
			<trkpt lat="48.024124" lon="15.942924">
				<ele>432.47</ele>
				<time>2025-09-21T09:00:43Z</time>
			</trkpt>
			<trkpt lat="48.024129" lon="15.942828">
				<ele>432.43</ele>
				<time>2025-09-21T09:00:46Z</time>
			</trkpt>
			<trkpt lat="48.024129" lon="15.942723">
				<ele>432.4</ele>
				<time>2025-09-21T09:00:49Z</time>
			</trkpt>
			<trkpt lat="48.024132" lon="15.942641">
				<ele>432.37</ele>
				<time>2025-09-21T09:00:52Z</time>
			</trkpt>
			<trkpt lat="48.024142" lon="15.942532">
				<ele>432.37</ele>
				<time>2025-09-21T09:00:56Z</time>
			</trkpt>
			<trkpt lat="48.024141" lon="15.94245">
				<ele>432.39</ele>
				<time>2025-09-21T09:00:59Z</time>
			</trkpt>
			<trkpt lat="48.024144" lon="15.942354">
				<ele>432.43</ele>
				<time>2025-09-21T09:01:02Z</time>
			</trkpt>
			<trkpt lat="48.02415" lon="15.942274">
				<ele>432.52</ele>
				<time>2025-09-21T09:01:05Z</time>
			</trkpt>
			<trkpt lat="48.024154" lon="15.942182">
				<ele>432.62</ele>
				<time>2025-09-21T09:01:08Z</time>
			</trkpt>
			<trkpt lat="48.024161" lon="15.942095">
				<ele>432.77</ele>
				<time>2025-09-21T09:01:11Z</time>
			</trkpt>
			<trkpt lat="48.02416" lon="15.941999">
				<ele>432.92</ele>
				<time>2025-09-21T09:01:14Z</time>
			</trkpt>
			<trkpt lat="48.024167" lon="15.94189">
				<ele>433.06</ele>
				<time>2025-09-21T09:01:18Z</time>
			</trkpt>
			<trkpt lat="48.024183" lon="15.941808">
				<ele>433.21</ele>
				<time>2025-09-21T09:01:21Z</time>
			</trkpt>
			<trkpt lat="48.024203" lon="15.941729">
				<ele>433.36</ele>
				<time>2025-09-21T09:01:25Z</time>
			</trkpt>
			<trkpt lat="48.024187" lon="15.941639">
				<ele>433.52</ele>
				<time>2025-09-21T09:01:31Z</time>
			</trkpt>
			<trkpt lat="48.024129" lon="15.941578">
				<ele>433.68</ele>
				<time>2025-09-21T09:01:33Z</time>
			</trkpt>
			<trkpt lat="48.024085" lon="15.941487">
				<ele>433.84</ele>
				<time>2025-09-21T09:01:36Z</time>
			</trkpt>
			<trkpt lat="48.02405" lon="15.941395">
				<ele>433.99</ele>
				<time>2025-09-21T09:01:39Z</time>
			</trkpt>
			<trkpt lat="48.024046" lon="15.941294">
				<ele>434.13</ele>
				<time>2025-09-21T09:01:43Z</time>
			</trkpt>
			<trkpt lat="48.024063" lon="15.941212">
				<ele>434.29</ele>
				<time>2025-09-21T09:01:46Z</time>
			</trkpt>
			<trkpt lat="48.024077" lon="15.941125">
				<ele>434.42</ele>
				<time>2025-09-21T09:01:49Z</time>
			</trkpt>
			<trkpt lat="48.024091" lon="15.941038">
				<ele>434.48</ele>
				<time>2025-09-21T09:01:52Z</time>
			</trkpt>
			<trkpt lat="48.024103" lon="15.940951">
				<ele>434.53</ele>
				<time>2025-09-21T09:01:55Z</time>
			</trkpt>
			<trkpt lat="48.024112" lon="15.940856">
				<ele>434.56</ele>
				<time>2025-09-21T09:01:58Z</time>
			</trkpt>
			<trkpt lat="48.024112" lon="15.940743">
				<ele>434.59</ele>
				<time>2025-09-21T09:02:01Z</time>
			</trkpt>
			<trkpt lat="48.024118" lon="15.940651">
				<ele>434.62</ele>
				<time>2025-09-21T09:02:05Z</time>
			</trkpt>
			<trkpt lat="48.024132" lon="15.940552">
				<ele>434.62</ele>
				<time>2025-09-21T09:02:08Z</time>
			</trkpt>
			<trkpt lat="48.024141" lon="15.940446">
				<ele>434.62</ele>
				<time>2025-09-21T09:02:12Z</time>
			</trkpt>
			<trkpt lat="48.024151" lon="15.940336">
				<ele>434.62</ele>
				<time>2025-09-21T09:02:16Z</time>
			</trkpt>
			<trkpt lat="48.024154" lon="15.940247">
				<ele>434.62</ele>
				<time>2025-09-21T09:02:19Z</time>
			</trkpt>
			<trkpt lat="48.024165" lon="15.940137">
				<ele>434.63</ele>
				<time>2025-09-21T09:02:23Z</time>
			</trkpt>
			<trkpt lat="48.024174" lon="15.940055">
				<ele>434.64</ele>
				<time>2025-09-21T09:02:26Z</time>
			</trkpt>
			<trkpt lat="48.024195" lon="15.939941">
				<ele>434.65</ele>
				<time>2025-09-21T09:02:29Z</time>
			</trkpt>
			<trkpt lat="48.0242" lon="15.939847">
				<ele>434.67</ele>
				<time>2025-09-21T09:02:33Z</time>
			</trkpt>
			<trkpt lat="48.024215" lon="15.939742">
				<ele>434.71</ele>
				<time>2025-09-21T09:02:36Z</time>
			</trkpt>
			<trkpt lat="48.024226" lon="15.939661">
				<ele>434.76</ele>
				<time>2025-09-21T09:02:39Z</time>
			</trkpt>
			<trkpt lat="48.024238" lon="15.939553">
				<ele>434.83</ele>
				<time>2025-09-21T09:02:43Z</time>
			</trkpt>
			<trkpt lat="48.024255" lon="15.939465">
				<ele>434.91</ele>
				<time>2025-09-21T09:02:46Z</time>
			</trkpt>
			<trkpt lat="48.024285" lon="15.939385">
				<ele>435.0</ele>
				<time>2025-09-21T09:02:49Z</time>
			</trkpt>
			<trkpt lat="48.024311" lon="15.939309">
				<ele>435.11</ele>
				<time>2025-09-21T09:02:52Z</time>
			</trkpt>
			<trkpt lat="48.024341" lon="15.93923">
				<ele>435.23</ele>
				<time>2025-09-21T09:02:55Z</time>
			</trkpt>
			<trkpt lat="48.024364" lon="15.939148">
				<ele>435.37</ele>
				<time>2025-09-21T09:02:58Z</time>
			</trkpt>
			<trkpt lat="48.024391" lon="15.939076">
				<ele>435.5</ele>
				<time>2025-09-21T09:03:01Z</time>
			</trkpt>
			<trkpt lat="48.024422" lon="15.938997">
				<ele>435.63</ele>
				<time>2025-09-21T09:03:04Z</time>
			</trkpt>
			<trkpt lat="48.02445" lon="15.93892">
				<ele>435.77</ele>
				<time>2025-09-21T09:03:07Z</time>
			</trkpt>
			<trkpt lat="48.024472" lon="15.938822">
				<ele>435.9</ele>
				<time>2025-09-21T09:03:11Z</time>
			</trkpt>
			<trkpt lat="48.0245" lon="15.938727">
				<ele>436.03</ele>
				<time>2025-09-21T09:03:15Z</time>
			</trkpt>
			<trkpt lat="48.024531" lon="15.938625">
				<ele>436.11</ele>
				<time>2025-09-21T09:03:19Z</time>
			</trkpt>
			<trkpt lat="48.024555" lon="15.938548">
				<ele>436.19</ele>
				<time>2025-09-21T09:03:22Z</time>
			</trkpt>
			<trkpt lat="48.024584" lon="15.938472">
				<ele>436.24</ele>
				<time>2025-09-21T09:03:25Z</time>
			</trkpt>
			<trkpt lat="48.024614" lon="15.9384">
				<ele>436.28</ele>
				<time>2025-09-21T09:03:28Z</time>
			</trkpt>
			<trkpt lat="48.024651" lon="15.938328">
				<ele>436.32</ele>
				<time>2025-09-21T09:03:31Z</time>
			</trkpt>
			<trkpt lat="48.024686" lon="15.938255">
				<ele>436.34</ele>
				<time>2025-09-21T09:03:34Z</time>
			</trkpt>
			<trkpt lat="48.024723" lon="15.938177">
				<ele>436.37</ele>
				<time>2025-09-21T09:03:37Z</time>
			</trkpt>
			<trkpt lat="48.024751" lon="15.938095">
				<ele>436.37</ele>
				<time>2025-09-21T09:03:40Z</time>
			</trkpt>
			<trkpt lat="48.0248" lon="15.938007">
				<ele>436.37</ele>
				<time>2025-09-21T09:03:44Z</time>
			</trkpt>
			<trkpt lat="48.02484" lon="15.937906">
				<ele>436.37</ele>
				<time>2025-09-21T09:03:48Z</time>
			</trkpt>
			<trkpt lat="48.024863" lon="15.937824">
				<ele>436.37</ele>
				<time>2025-09-21T09:03:51Z</time>
			</trkpt>
			<trkpt lat="48.024887" lon="15.937735">
				<ele>436.37</ele>
				<time>2025-09-21T09:03:54Z</time>
			</trkpt>
			<trkpt lat="48.024914" lon="15.937629">
				<ele>436.38</ele>
				<time>2025-09-21T09:03:58Z</time>
			</trkpt>
			<trkpt lat="48.024935" lon="15.937548">
				<ele>436.39</ele>
				<time>2025-09-21T09:04:01Z</time>
			</trkpt>
			<trkpt lat="48.024952" lon="15.93744">
				<ele>436.42</ele>
				<time>2025-09-21T09:04:05Z</time>
			</trkpt>
			<trkpt lat="48.024974" lon="15.937354">
				<ele>436.48</ele>
				<time>2025-09-21T09:04:08Z</time>
			</trkpt>
			<trkpt lat="48.025004" lon="15.937263">
				<ele>436.56</ele>
				<time>2025-09-21T09:04:11Z</time>
			</trkpt>
			<trkpt lat="48.02503" lon="15.937189">
				<ele>436.61</ele>
				<time>2025-09-21T09:04:14Z</time>
			</trkpt>
			<trkpt lat="48.02506" lon="15.937113">
				<ele>436.69</ele>
				<time>2025-09-21T09:04:17Z</time>
			</trkpt>
			<trkpt lat="48.025093" lon="15.937025">
				<ele>436.76</ele>
				<time>2025-09-21T09:04:21Z</time>
			</trkpt>
			<trkpt lat="48.025116" lon="15.936947">
				<ele>436.84</ele>
				<time>2025-09-21T09:04:24Z</time>
			</trkpt>
			<trkpt lat="48.02514" lon="15.93687">
				<ele>436.93</ele>
				<time>2025-09-21T09:04:27Z</time>
			</trkpt>
			<trkpt lat="48.025171" lon="15.936795">
				<ele>437.03</ele>
				<time>2025-09-21T09:04:30Z</time>
			</trkpt>
			<trkpt lat="48.025196" lon="15.936723">
				<ele>437.15</ele>
				<time>2025-09-21T09:04:33Z</time>
			</trkpt>
			<trkpt lat="48.02523" lon="15.936657">
				<ele>437.28</ele>
				<time>2025-09-21T09:04:36Z</time>
			</trkpt>
			<trkpt lat="48.025282" lon="15.936577">
				<ele>437.41</ele>
				<time>2025-09-21T09:04:40Z</time>
			</trkpt>
			<trkpt lat="48.025323" lon="15.936524">
				<ele>437.55</ele>
				<time>2025-09-21T09:04:43Z</time>
			</trkpt>
			<trkpt lat="48.025376" lon="15.936449">
				<ele>437.69</ele>
				<time>2025-09-21T09:04:47Z</time>
			</trkpt>
			<trkpt lat="48.025415" lon="15.936373">
				<ele>437.82</ele>
				<time>2025-09-21T09:04:51Z</time>
			</trkpt>
			<trkpt lat="48.025446" lon="15.936302">
				<ele>437.96</ele>
				<time>2025-09-21T09:04:54Z</time>
			</trkpt>
			<trkpt lat="48.025472" lon="15.93623">
				<ele>438.11</ele>
				<time>2025-09-21T09:04:57Z</time>
			</trkpt>
			<trkpt lat="48.025502" lon="15.936153">
				<ele>438.27</ele>
				<time>2025-09-21T09:05:00Z</time>
			</trkpt>
			<trkpt lat="48.025521" lon="15.936076">
				<ele>438.43</ele>
				<time>2025-09-21T09:05:03Z</time>
			</trkpt>
			<trkpt lat="48.025538" lon="15.935992">
				<ele>438.61</ele>
				<time>2025-09-21T09:05:06Z</time>
			</trkpt>
			<trkpt lat="48.025556" lon="15.93591">
				<ele>438.76</ele>
				<time>2025-09-21T09:05:09Z</time>
			</trkpt>
			<trkpt lat="48.025581" lon="15.935803">
				<ele>438.9</ele>
				<time>2025-09-21T09:05:13Z</time>
			</trkpt>
			<trkpt lat="48.025601" lon="15.935701">
				<ele>439.02</ele>
				<time>2025-09-21T09:05:17Z</time>
			</trkpt>
			<trkpt lat="48.025624" lon="15.935606">
				<ele>439.14</ele>
				<time>2025-09-21T09:05:21Z</time>
			</trkpt>
			<trkpt lat="48.025642" lon="15.935523">
				<ele>439.25</ele>
				<time>2025-09-21T09:05:24Z</time>
			</trkpt>
			<trkpt lat="48.025669" lon="15.93543">
				<ele>439.36</ele>
				<time>2025-09-21T09:05:28Z</time>
			</trkpt>
			<trkpt lat="48.025691" lon="15.935329">
				<ele>439.46</ele>
				<time>2025-09-21T09:05:32Z</time>
			</trkpt>
			<trkpt lat="48.025701" lon="15.935234">
				<ele>439.57</ele>
				<time>2025-09-21T09:05:35Z</time>
			</trkpt>
			<trkpt lat="48.025721" lon="15.935152">
				<ele>439.66</ele>
				<time>2025-09-21T09:05:38Z</time>
			</trkpt>
			<trkpt lat="48.02573" lon="15.935056">
				<ele>439.74</ele>
				<time>2025-09-21T09:05:41Z</time>
			</trkpt>
			<trkpt lat="48.025744" lon="15.934964">
				<ele>439.79</ele>
				<time>2025-09-21T09:05:44Z</time>
			</trkpt>
			<trkpt lat="48.025755" lon="15.934865">
				<ele>439.86</ele>
				<time>2025-09-21T09:05:47Z</time>
			</trkpt>
			<trkpt lat="48.025765" lon="15.934776">
				<ele>439.9</ele>
				<time>2025-09-21T09:05:50Z</time>
			</trkpt>
			<trkpt lat="48.025779" lon="15.934684">
				<ele>439.95</ele>
				<time>2025-09-21T09:05:53Z</time>
			</trkpt>
			<trkpt lat="48.025792" lon="15.934595">
				<ele>439.98</ele>
				<time>2025-09-21T09:05:56Z</time>
			</trkpt>
			<trkpt lat="48.025802" lon="15.934511">
				<ele>440.04</ele>
				<time>2025-09-21T09:05:59Z</time>
			</trkpt>
			<trkpt lat="48.02581" lon="15.934409">
				<ele>440.07</ele>
				<time>2025-09-21T09:06:02Z</time>
			</trkpt>
			<trkpt lat="48.025819" lon="15.934323">
				<ele>440.1</ele>
				<time>2025-09-21T09:06:05Z</time>
			</trkpt>
			<trkpt lat="48.025834" lon="15.934229">
				<ele>440.14</ele>
				<time>2025-09-21T09:06:08Z</time>
			</trkpt>
			<trkpt lat="48.025843" lon="15.93414">
				<ele>440.17</ele>
				<time>2025-09-21T09:06:11Z</time>
			</trkpt>
			<trkpt lat="48.025847" lon="15.934044">
				<ele>440.2</ele>
				<time>2025-09-21T09:06:14Z</time>
			</trkpt>
			<trkpt lat="48.025854" lon="15.933946">
				<ele>440.25</ele>
				<time>2025-09-21T09:06:17Z</time>
			</trkpt>
			<trkpt lat="48.025858" lon="15.933852">
				<ele>440.28</ele>
				<time>2025-09-21T09:06:20Z</time>
			</trkpt>
			<trkpt lat="48.025861" lon="15.933756">
				<ele>440.31</ele>
				<time>2025-09-21T09:06:23Z</time>
			</trkpt>
			<trkpt lat="48.02586" lon="15.933674">
				<ele>440.34</ele>
				<time>2025-09-21T09:06:25Z</time>
			</trkpt>
			<trkpt lat="48.025868" lon="15.933585">
				<ele>440.36</ele>
				<time>2025-09-21T09:06:28Z</time>
			</trkpt>
			<trkpt lat="48.025872" lon="15.933501">
				<ele>440.39</ele>
				<time>2025-09-21T09:06:31Z</time>
			</trkpt>
			<trkpt lat="48.025879" lon="15.933401">
				<ele>440.42</ele>
				<time>2025-09-21T09:06:34Z</time>
			</trkpt>
			<trkpt lat="48.02588" lon="15.933304">
				<ele>440.45</ele>
				<time>2025-09-21T09:06:37Z</time>
			</trkpt>
			<trkpt lat="48.02588" lon="15.933221">
				<ele>440.49</ele>
				<time>2025-09-21T09:06:40Z</time>
			</trkpt>
			<trkpt lat="48.02588" lon="15.933126">
				<ele>440.52</ele>
				<time>2025-09-21T09:06:43Z</time>
			</trkpt>
			<trkpt lat="48.025885" lon="15.933022">
				<ele>440.56</ele>
				<time>2025-09-21T09:06:46Z</time>
			</trkpt>
			<trkpt lat="48.025893" lon="15.932926">
				<ele>440.6</ele>
				<time>2025-09-21T09:06:49Z</time>
			</trkpt>
			<trkpt lat="48.025887" lon="15.932835">
				<ele>440.64</ele>
				<time>2025-09-21T09:06:52Z</time>
			</trkpt>
			<trkpt lat="48.025897" lon="15.93275">
				<ele>440.68</ele>
				<time>2025-09-21T09:06:55Z</time>
			</trkpt>
			<trkpt lat="48.025899" lon="15.932649">
				<ele>440.7</ele>
				<time>2025-09-21T09:06:58Z</time>
			</trkpt>
			<trkpt lat="48.025895" lon="15.932554">
				<ele>440.76</ele>
				<time>2025-09-21T09:07:01Z</time>
			</trkpt>
			<trkpt lat="48.025892" lon="15.932463">
				<ele>440.79</ele>
				<time>2025-09-21T09:07:04Z</time>
			</trkpt>
			<trkpt lat="48.0259" lon="15.932372">
				<ele>440.8</ele>
				<time>2025-09-21T09:07:07Z</time>
			</trkpt>
			<trkpt lat="48.0259" lon="15.932281">
				<ele>440.85</ele>
				<time>2025-09-21T09:07:10Z</time>
			</trkpt>
			<trkpt lat="48.0259" lon="15.932192">
				<ele>440.89</ele>
				<time>2025-09-21T09:07:13Z</time>
			</trkpt>
			<trkpt lat="48.025894" lon="15.932106">
				<ele>440.92</ele>
				<time>2025-09-21T09:07:16Z</time>
			</trkpt>
			<trkpt lat="48.025903" lon="15.932012">
				<ele>440.95</ele>
				<time>2025-09-21T09:07:19Z</time>
			</trkpt>
			<trkpt lat="48.025909" lon="15.931921">
				<ele>440.98</ele>
				<time>2025-09-21T09:07:22Z</time>
			</trkpt>
			<trkpt lat="48.02591" lon="15.931831">
				<ele>441.01</ele>
				<time>2025-09-21T09:07:25Z</time>
			</trkpt>
			<trkpt lat="48.025906" lon="15.931728">
				<ele>441.02</ele>
				<time>2025-09-21T09:07:28Z</time>
			</trkpt>
			<trkpt lat="48.025911" lon="15.931635">
				<ele>441.05</ele>
				<time>2025-09-21T09:07:31Z</time>
			</trkpt>
			<trkpt lat="48.025917" lon="15.931535">
				<ele>441.07</ele>
				<time>2025-09-21T09:07:34Z</time>
			</trkpt>
			<trkpt lat="48.025907" lon="15.931435">
				<ele>441.08</ele>
				<time>2025-09-21T09:07:37Z</time>
			</trkpt>
			<trkpt lat="48.025902" lon="15.931339">
				<ele>441.08</ele>
				<time>2025-09-21T09:07:41Z</time>
			</trkpt>
			<trkpt lat="48.025915" lon="15.931254">
				<ele>441.09</ele>
				<time>2025-09-21T09:07:46Z</time>
			</trkpt>
		</trkseg>
	</trk>
</gpx>
